ISO-10303-21;
HEADER;
FILE_DESCRIPTION(('Open CASCADE Model'),'2;1');
FILE_NAME('Open CASCADE Shape Model','2026-08-06T23:13:38',('Author'),(
    'Open CASCADE'),'Open CASCADE STEP processor 7.9','Open CASCADE 7.9'
  ,'Unknown');
FILE_SCHEMA(('AUTOMOTIVE_DESIGN { 1 0 10303 214 1 1 1 1 }'));
ENDSEC;
DATA;
#1 = APPLICATION_PROTOCOL_DEFINITION('international standard',
  'automotive_design',2000,#2);
#2 = APPLICATION_CONTEXT(
  'core data for automotive mechanical design processes');
#3 = SHAPE_DEFINITION_REPRESENTATION(#4,#10);
#4 = PRODUCT_DEFINITION_SHAPE('','',#5);
#5 = PRODUCT_DEFINITION('design','',#6,#9);
#6 = PRODUCT_DEFINITION_FORMATION('','',#7);
#7 = PRODUCT('Open CASCADE STEP translator 7.9 2',
  'Open CASCADE STEP translator 7.9 2','',(#8));
#8 = PRODUCT_CONTEXT('',#2,'mechanical');
#9 = PRODUCT_DEFINITION_CONTEXT('part definition',#2,'design');
#10 = ADVANCED_BREP_SHAPE_REPRESENTATION('',(#11,#15),#4156);
#11 = AXIS2_PLACEMENT_3D('',#12,#13,#14);
#12 = CARTESIAN_POINT('',(0.,0.,0.));
#13 = DIRECTION('',(0.,0.,1.));
#14 = DIRECTION('',(1.,0.,-0.));
#15 = MANIFOLD_SOLID_BREP('',#16);
#16 = CLOSED_SHELL('',(#17,#2049,#3396,#4101,#4142,#4149));
#17 = ADVANCED_FACE('',(#18),#351,.F.);
#18 = FACE_BOUND('',#19,.F.);
#19 = EDGE_LOOP('',(#20,#1333,#1359,#2025));
#20 = ORIENTED_EDGE('',*,*,#21,.F.);
#21 = EDGE_CURVE('',#22,#24,#26,.T.);
#22 = VERTEX_POINT('',#23);
#23 = CARTESIAN_POINT('',(-81.00788052627,-22.25843787881,18.60614319312
    ));
#24 = VERTEX_POINT('',#25);
#25 = CARTESIAN_POINT('',(79.46736376716,-22.25843787881,24.405081616484
    ));
#26 = SURFACE_CURVE('',#27,(#350,#1002),.PCURVE_S1.);
#27 = B_SPLINE_CURVE_WITH_KNOTS('',11,(#28,#29,#30,#31,#32,#33,#34,#35,
    #36,#37,#38,#39,#40,#41,#42,#43,#44,#45,#46,#47,#48,#49,#50,#51,#52,
    #53,#54,#55,#56,#57,#58,#59,#60,#61,#62,#63,#64,#65,#66,#67,#68,#69,
    #70,#71,#72,#73,#74,#75,#76,#77,#78,#79,#80,#81,#82,#83,#84,#85,#86,
    #87,#88,#89,#90,#91,#92,#93,#94,#95,#96,#97,#98,#99,#100,#101,#102,
    #103,#104,#105,#106,#107,#108,#109,#110,#111,#112,#113,#114,#115,
    #116,#117,#118,#119,#120,#121,#122,#123,#124,#125,#126,#127,#128,
    #129,#130,#131,#132,#133,#134,#135,#136,#137,#138,#139,#140,#141,
    #142,#143,#144,#145,#146,#147,#148,#149,#150,#151,#152,#153,#154,
    #155,#156,#157,#158,#159,#160,#161,#162,#163,#164,#165,#166,#167,
    #168,#169,#170,#171,#172,#173,#174,#175,#176,#177,#178,#179,#180,
    #181,#182,#183,#184,#185,#186,#187,#188,#189,#190,#191,#192,#193,
    #194,#195,#196,#197,#198,#199,#200,#201,#202,#203,#204,#205,#206,
    #207,#208,#209,#210,#211,#212,#213,#214,#215,#216,#217,#218,#219,
    #220,#221,#222,#223,#224,#225,#226,#227,#228,#229,#230,#231,#232,
    #233,#234,#235,#236,#237,#238,#239,#240,#241,#242,#243,#244,#245,
    #246,#247,#248,#249,#250,#251,#252,#253,#254,#255,#256,#257,#258,
    #259,#260,#261,#262,#263,#264,#265,#266,#267,#268,#269,#270,#271,
    #272,#273,#274,#275,#276,#277,#278,#279,#280,#281,#282,#283,#284,
    #285,#286,#287,#288,#289,#290,#291,#292,#293,#294,#295,#296,#297,
    #298,#299,#300,#301,#302,#303,#304,#305,#306,#307,#308,#309,#310,
    #311,#312,#313,#314,#315,#316,#317,#318,#319,#320,#321,#322,#323,
    #324,#325,#326,#327,#328,#329,#330,#331,#332,#333,#334,#335,#336,
    #337,#338,#339,#340,#341,#342,#343,#344,#345,#346,#347,#348,#349),
  .UNSPECIFIED.,.F.,.F.,(12,10,10,10,10,10,10,10,10,10,10,10,10,10,10,10
    ,10,10,10,10,10,10,10,10,10,10,10,10,10,10,10,10,12),(0.,
    6.216625736137,18.649877208412,31.083128680687,43.516380152962,
    55.949631625237,68.382883097512,74.59950883365,87.032760305925,
    99.466011778199,105.68263751433,118.11588898661,130.54914045888,
    136.76576619502,149.19901766729,161.63226913957,174.06552061184,
    180.28214634798,192.71539782026,205.14864929253,217.58190076481,
    230.01515223708,242.44840370936,248.66502944549,261.09828091777,
    273.53153239004,285.96478386232,298.39803533459,304.61466107073,
    310.83128680687,323.26453827914,335.69778975142,348.13104122369),
  .UNSPECIFIED.);
#28 = CARTESIAN_POINT('',(-81.00788052627,-22.25843787881,18.60614319312
    ));
#29 = CARTESIAN_POINT('',(-81.12125235351,-22.25843787881,
    18.122749577054));
#30 = CARTESIAN_POINT('',(-81.23100329751,-22.25843787881,
    17.638839070271));
#31 = CARTESIAN_POINT('',(-81.33716356245,-22.25843787882,
    17.154426332171));
#32 = CARTESIAN_POINT('',(-81.43976329309,-22.2584378788,16.669525107721
    ));
#33 = CARTESIAN_POINT('',(-81.53883253683,-22.25843787883,
    16.184148242131));
#34 = CARTESIAN_POINT('',(-81.63440120436,-22.25843787879,15.69830769517
    ));
#35 = CARTESIAN_POINT('',(-81.72649903253,-22.25843787883,
    15.212014556059));
#36 = CARTESIAN_POINT('',(-81.81515554439,-22.2584378788,14.725279057634
    ));
#37 = CARTESIAN_POINT('',(-81.90040001213,-22.25843787881,
    14.238110591242));
#38 = CARTESIAN_POINT('',(-81.98226141768,-22.25843787881,
    13.750517721055));
#39 = CARTESIAN_POINT('',(-82.21778240895,-22.25843787881,
    12.286489154127));
#40 = CARTESIAN_POINT('',(-82.36180375717,-22.25843787882,
    11.308549846198));
#41 = CARTESIAN_POINT('',(-82.49193110197,-22.2584378788,10.329532937706
    ));
#42 = CARTESIAN_POINT('',(-82.61751745958,-22.25843787883,9.343024316927
    ));
#43 = CARTESIAN_POINT('',(-82.7048311799,-22.2584378788,8.372849079995)
  );
#44 = CARTESIAN_POINT('',(-82.8273336424,-22.25843787883,7.368012066369)
  );
#45 = CARTESIAN_POINT('',(-82.88882138695,-22.2584378788,6.394999164199)
  );
#46 = CARTESIAN_POINT('',(-82.96341476866,-22.25843787882,5.403410425848
    ));
#47 = CARTESIAN_POINT('',(-83.01688821346,-22.25843787881,4.416604540121
    ));
#48 = CARTESIAN_POINT('',(-83.05877815816,-22.25843787881,3.428312909359
    ));
#49 = CARTESIAN_POINT('',(-83.11749530782,-22.25843787881,1.450299419141
    ));
#50 = CARTESIAN_POINT('',(-83.1334295693,-22.25843787881,0.461283522043)
  );
#51 = CARTESIAN_POINT('',(-83.13541748169,-22.25843787881,
    -0.527014633618));
#52 = CARTESIAN_POINT('',(-83.12983142273,-22.25843787883,
    -1.520253552976));
#53 = CARTESIAN_POINT('',(-83.09404641018,-22.25843787879,
    -2.497467177848));
#54 = CARTESIAN_POINT('',(-83.07761341475,-22.25843787883,
    -3.503632629361));
#55 = CARTESIAN_POINT('',(-83.01575279024,-22.2584378788,-4.480064244352
    ));
#56 = CARTESIAN_POINT('',(-82.95855030767,-22.25843787882,
    -5.471362862289));
#57 = CARTESIAN_POINT('',(-82.8829658693,-22.25843787881,-6.456874378904
    ));
#58 = CARTESIAN_POINT('',(-82.79550666216,-22.25843787881,
    -7.442182146915));
#59 = CARTESIAN_POINT('',(-82.59567738305,-22.25843787881,
    -9.411077564729));
#60 = CARTESIAN_POINT('',(-82.48243288238,-22.25843787881,
    -10.39376508121));
#61 = CARTESIAN_POINT('',(-82.35545220485,-22.25843787881,
    -11.37392193367));
#62 = CARTESIAN_POINT('',(-82.22018802406,-22.25843787881,
    -12.35783640025));
#63 = CARTESIAN_POINT('',(-82.05742060496,-22.25843787881,
    -13.32233467014));
#64 = CARTESIAN_POINT('',(-81.90938079573,-22.25843787882,
    -14.31725924585));
#65 = CARTESIAN_POINT('',(-81.72085903447,-22.25843787881,
    -15.27756288588));
#66 = CARTESIAN_POINT('',(-81.53464821101,-22.25843787881,
    -16.25278993204));
#67 = CARTESIAN_POINT('',(-81.33108819716,-22.25843787881,-17.2200183125
    ));
#68 = CARTESIAN_POINT('',(-81.11576925954,-22.25843787881,
    -18.18548125654));
#69 = CARTESIAN_POINT('',(-80.66066552584,-22.25843787881,-20.1114605881
    ));
#70 = CARTESIAN_POINT('',(-80.42012638413,-22.2584378788,-21.07096384156
    ));
#71 = CARTESIAN_POINT('',(-80.16629866443,-22.25843787883,
    -22.02616518575));
#72 = CARTESIAN_POINT('',(-79.90376030072,-22.25843787878,
    -22.98399910894));
#73 = CARTESIAN_POINT('',(-79.6165083481,-22.25843787886,-23.91902467142
    ));
#74 = CARTESIAN_POINT('',(-79.33984702815,-22.25843787877,
    -24.88607700696));
#75 = CARTESIAN_POINT('',(-79.02760851863,-22.25843787884,
    -25.81358116346));
#76 = CARTESIAN_POINT('',(-78.71569180333,-22.2584378788,-26.75615004941
    ));
#77 = CARTESIAN_POINT('',(-78.38762540485,-22.25843787882,
    -27.68853482109));
#78 = CARTESIAN_POINT('',(-78.04813038397,-22.25843787881,
    -28.61763336567));
#79 = CARTESIAN_POINT('',(-77.3455298551,-22.25843787881,-30.46773355252
    ));
#80 = CARTESIAN_POINT('',(-76.98180842052,-22.25843787881,
    -31.38763177379));
#81 = CARTESIAN_POINT('',(-76.60547358746,-22.25843787883,
    -32.30153037965));
#82 = CARTESIAN_POINT('',(-76.22015860474,-22.25843787878,
    -33.21690121833));
#83 = CARTESIAN_POINT('',(-75.81331962059,-22.25843787885,
    -34.10643536838));
#84 = CARTESIAN_POINT('',(-75.41279820683,-22.25843787878,
    -35.02910013686));
#85 = CARTESIAN_POINT('',(-74.9821681796,-22.25843787884,-35.90791576253
    ));
#86 = CARTESIAN_POINT('',(-74.54988968729,-22.2584378788,-36.80170683553
    ));
#87 = CARTESIAN_POINT('',(-74.10292935123,-22.25843787882,
    -37.68329374896));
#88 = CARTESIAN_POINT('',(-73.6450670644,-22.25843787881,-38.56013073699
    ));
#89 = CARTESIAN_POINT('',(-72.94150992061,-22.25843787881,
    -39.86705419587));
#90 = CARTESIAN_POINT('',(-72.70408025896,-22.25843787881,
    -40.30101307555));
#91 = CARTESIAN_POINT('',(-72.46376688048,-22.25843787881,-40.7333009874
    ));
#92 = CARTESIAN_POINT('',(-72.22059591953,-22.25843787882,
    -41.16392966135));
#93 = CARTESIAN_POINT('',(-71.97459273363,-22.2584378788,-41.59291121364
    ));
#94 = CARTESIAN_POINT('',(-71.72578189086,-22.25843787882,
    -42.02025810936));
#95 = CARTESIAN_POINT('',(-71.47418715494,-22.25843787881,
    -42.44598312399));
#96 = CARTESIAN_POINT('',(-71.21983147281,-22.25843787881,
    -42.87009930602));
#97 = CARTESIAN_POINT('',(-70.96273696007,-22.25843787881,
    -43.29261993865));
#98 = CARTESIAN_POINT('',(-70.70292488789,-22.25843787881,
    -43.71355850212));
#99 = CARTESIAN_POINT('',(-69.91539723147,-22.25843787881,
    -44.97166890289));
#100 = CARTESIAN_POINT('',(-69.37920136974,-22.25843787881,
    -45.80293303068));
#101 = CARTESIAN_POINT('',(-68.83180493788,-22.25843787882,
    -46.62585207137));
#102 = CARTESIAN_POINT('',(-68.2753136725,-22.25843787879,
    -47.44846304924));
#103 = CARTESIAN_POINT('',(-67.7027525142,-22.25843787884,
    -48.24153483854));
#104 = CARTESIAN_POINT('',(-67.12992398612,-22.25843787879,
    -49.06833279581));
#105 = CARTESIAN_POINT('',(-66.53612000524,-22.25843787883,
    -49.84625060806));
#106 = CARTESIAN_POINT('',(-65.93777762055,-22.2584378788,
    -50.63853433083));
#107 = CARTESIAN_POINT('',(-65.32741642906,-22.25843787882,
    -51.41598416945));
#108 = CARTESIAN_POINT('',(-64.7072894275,-22.25843787881,
    -52.18664847989));
#109 = CARTESIAN_POINT('',(-63.44728061642,-22.25843787881,
    -53.71272061964));
#110 = CARTESIAN_POINT('',(-62.80717024323,-22.25843787882,
    -54.4668855631));
#111 = CARTESIAN_POINT('',(-62.15704437476,-22.2584378788,
    -55.21131484497));
#112 = CARTESIAN_POINT('',(-61.49794169082,-22.25843787883,
    -55.95425158685));
#113 = CARTESIAN_POINT('',(-60.82676223148,-22.25843787879,
    -56.66580430688));
#114 = CARTESIAN_POINT('',(-60.15091554225,-22.25843787884,
    -57.41075977006));
#115 = CARTESIAN_POINT('',(-59.46065298653,-22.2584378788,
    -58.10451541274));
#116 = CARTESIAN_POINT('',(-58.76401572652,-22.25843787882,
    -58.81192168631));
#117 = CARTESIAN_POINT('',(-58.05739869254,-22.25843787881,
    -59.50305221142));
#118 = CARTESIAN_POINT('',(-57.34198508552,-22.25843787881,
    -60.18618056565));
#119 = CARTESIAN_POINT('',(-56.25566885066,-22.25843787881,
    -61.19759473717));
#120 = CARTESIAN_POINT('',(-55.89134804019,-22.25843787881,
    -61.53220421279));
#121 = CARTESIAN_POINT('',(-55.52483366644,-22.25843787882,
    -61.86430445816));
#122 = CARTESIAN_POINT('',(-55.15614670611,-22.25843787879,
    -62.19391498104));
#123 = CARTESIAN_POINT('',(-54.78530727679,-22.25843787885,
    -62.52105540609));
#124 = CARTESIAN_POINT('',(-54.41233463542,-22.25843787878,
    -62.84574543332));
#125 = CARTESIAN_POINT('',(-54.03724717859,-22.25843787884,
    -63.16800479957));
#126 = CARTESIAN_POINT('',(-53.66006244072,-22.2584378788,
    -63.48785323628));
#127 = CARTESIAN_POINT('',(-53.28079709427,-22.25843787882,
    -63.80531043096));
#128 = CARTESIAN_POINT('',(-52.89946694834,-22.25843787881,
    -64.12039598564));
#129 = CARTESIAN_POINT('',(-51.74932694815,-22.25843787881,
    -65.05859616068));
#130 = CARTESIAN_POINT('',(-50.97438583461,-22.25843787881,
    -65.67339069735));
#131 = CARTESIAN_POINT('',(-50.19152100412,-22.25843787882,
    -66.27668271429));
#132 = CARTESIAN_POINT('',(-49.40014302518,-22.25843787881,
    -66.87675958014));
#133 = CARTESIAN_POINT('',(-48.60304304171,-22.25843787881,
    -67.44369939723));
#134 = CARTESIAN_POINT('',(-47.79484895587,-22.25843787881,
    -68.04248960203));
#135 = CARTESIAN_POINT('',(-46.98250458988,-22.25843787881,
    -68.58825138016));
#136 = CARTESIAN_POINT('',(-46.16124490179,-22.25843787881,
    -69.14615785323));
#137 = CARTESIAN_POINT('',(-45.33337243927,-22.25843787881,
    -69.68615435437));
#138 = CARTESIAN_POINT('',(-44.49843357351,-22.25843787881,
    -70.21658631787));
#139 = CARTESIAN_POINT('',(-42.81475345426,-22.25843787881,
    -71.25665344819));
#140 = CARTESIAN_POINT('',(-41.96619527951,-22.25843787882,
    -71.76503821964));
#141 = CARTESIAN_POINT('',(-41.11128255638,-22.2584378788,
    -72.26098462436));
#142 = CARTESIAN_POINT('',(-40.24834917745,-22.25843787883,
    -72.7526321953));
#143 = CARTESIAN_POINT('',(-39.38406799926,-22.25843787879,
    -73.21067933793));
#144 = CARTESIAN_POINT('',(-38.50463032052,-22.25843787884,
    -73.69885631299));
#145 = CARTESIAN_POINT('',(-37.62799946642,-22.25843787879,
    -74.13391680654));
#146 = CARTESIAN_POINT('',(-36.74094436127,-22.25843787882,
    -74.57985441251));
#147 = CARTESIAN_POINT('',(-35.84967077533,-22.25843787881,
    -75.00717212853));
#148 = CARTESIAN_POINT('',(-34.95263966287,-22.25843787881,
    -75.42408478217));
#149 = CARTESIAN_POINT('',(-33.59886565943,-22.25843787881,
    -76.03263842489));
#150 = CARTESIAN_POINT('',(-33.14632261627,-22.25843787881,
    -76.23238313247));
#151 = CARTESIAN_POINT('',(-32.69250898756,-22.25843787881,
    -76.42904667642));
#152 = CARTESIAN_POINT('',(-32.23743836627,-22.25843787882,
    -76.62265427229));
#153 = CARTESIAN_POINT('',(-31.78112349409,-22.25843787881,
    -76.81323096926));
#154 = CARTESIAN_POINT('',(-31.3235762738,-22.25843787882,
    -77.00080161261));
#155 = CARTESIAN_POINT('',(-30.86480778133,-22.25843787881,
    -77.18539080426));
#156 = CARTESIAN_POINT('',(-30.4048282782,-22.25843787881,
    -77.36702286553));
#157 = CARTESIAN_POINT('',(-29.94364722365,-22.25843787881,
    -77.54572179776));
#158 = CARTESIAN_POINT('',(-29.48127328696,-22.25843787881,
    -77.72151124465));
#159 = CARTESIAN_POINT('',(-28.09059650503,-22.25843787881,
    -78.24022087121));
#160 = CARTESIAN_POINT('',(-27.1591621889,-22.25843787882,
    -78.57329168427));
#161 = CARTESIAN_POINT('',(-26.22392203022,-22.2584378788,
    -78.89292341945));
#162 = CARTESIAN_POINT('',(-25.28165399128,-22.25843787883,
    -79.20677416936));
#163 = CARTESIAN_POINT('',(-24.34461916901,-22.25843787878,
    -79.48740717127));
#164 = CARTESIAN_POINT('',(-23.38684103543,-22.25843787884,
    -79.79463418264));
#165 = CARTESIAN_POINT('',(-22.44217830557,-22.25843787879,
    -80.05031291524));
#166 = CARTESIAN_POINT('',(-21.4851696044,-22.25843787882,
    -80.31462608901));
#167 = CARTESIAN_POINT('',(-20.52765603967,-22.25843787881,
    -80.55985416408));
#168 = CARTESIAN_POINT('',(-19.56652550466,-22.25843787881,
    -80.79375386938));
#169 = CARTESIAN_POINT('',(-17.63787944907,-22.25843787881,
    -81.23742353451));
#170 = CARTESIAN_POINT('',(-16.67093921766,-22.25843787881,
    -81.44606830598));
#171 = CARTESIAN_POINT('',(-15.70197985489,-22.25843787882,
    -81.64089221071));
#172 = CARTESIAN_POINT('',(-14.72680730631,-22.2584378788,
    -81.82906726462));
#173 = CARTESIAN_POINT('',(-13.76115898973,-22.25843787883,
    -81.98499182518));
#174 = CARTESIAN_POINT('',(-12.77147360886,-22.2584378788,
    -82.16457533389));
#175 = CARTESIAN_POINT('',(-11.80151982826,-22.25843787882,
    -82.2947634706));
#176 = CARTESIAN_POINT('',(-10.81819867704,-22.25843787881,
    -82.43190070673));
#177 = CARTESIAN_POINT('',(-9.836868086743,-22.25843787881,
    -82.55005022207));
#178 = CARTESIAN_POINT('',(-8.853430118801,-22.25843787881,-82.656496174
    ));
#179 = CARTESIAN_POINT('',(-6.883373385583,-22.25843787881,
    -82.84463135786));
#180 = CARTESIAN_POINT('',(-5.897471854355,-22.25843787882,
    -82.92528011789));
#181 = CARTESIAN_POINT('',(-4.911372450819,-22.2584378788,
    -82.99196270101));
#182 = CARTESIAN_POINT('',(-3.91998086532,-22.25843787884,
    -83.05124233185));
#183 = CARTESIAN_POINT('',(-2.942241564778,-22.25843787878,
    -83.07979053821));
#184 = CARTESIAN_POINT('',(-1.937582727978,-22.25843787884,
    -83.12865782104));
#185 = CARTESIAN_POINT('',(-0.958934074661,-22.25843787879,
    -83.13112780644));
#186 = CARTESIAN_POINT('',(3.387462902873E-02,-22.25843787882,
    -83.13874264899));
#187 = CARTESIAN_POINT('',(1.022231406449,-22.25843787881,
    -83.12779203354));
#188 = CARTESIAN_POINT('',(2.011149911026,-22.25843787881,
    -83.10496291237));
#189 = CARTESIAN_POINT('',(3.494469306478,-22.25843787881,
    -83.05199915544));
#190 = CARTESIAN_POINT('',(3.988687651349,-22.25843787882,
    -83.03099006913));
#191 = CARTESIAN_POINT('',(4.48268278595,-22.2584378788,-83.00665560545)
  );
#192 = CARTESIAN_POINT('',(4.976453671639,-22.25843787883,
    -82.97902439182));
#193 = CARTESIAN_POINT('',(5.469999959748,-22.25843787879,
    -82.94812452917));
#194 = CARTESIAN_POINT('',(5.963321963754,-22.25843787884,
    -82.91398356574));
#195 = CARTESIAN_POINT('',(6.456420631144,-22.2584378788,-82.87662846428
    ));
#196 = CARTESIAN_POINT('',(6.949297515634,-22.25843787882,
    -82.83608557717));
#197 = CARTESIAN_POINT('',(7.441954749053,-22.25843787881,-82.7923806138
    ));
#198 = CARTESIAN_POINT('',(7.934395013488,-22.25843787881,
    -82.74553861414));
#199 = CARTESIAN_POINT('',(9.411074512815,-22.25843787881,
    -82.59567452657));
#200 = CARTESIAN_POINT('',(10.393766015131,-22.25843787881,
    -82.48243379608));
#201 = CARTESIAN_POINT('',(11.373926921759,-22.25843787882,
    -82.35545664193));
#202 = CARTESIAN_POINT('',(12.357834078177,-22.2584378788,
    -82.22018632751));
#203 = CARTESIAN_POINT('',(13.322355871033,-22.25843787883,
    -82.0574385133));
#204 = CARTESIAN_POINT('',(14.317244003889,-22.2584378788,
    -81.90936760877));
#205 = CARTESIAN_POINT('',(15.277570068035,-22.25843787882,
    -81.72086525338));
#206 = CARTESIAN_POINT('',(16.25278781293,-22.25843787881,
    -81.53464640902));
#207 = CARTESIAN_POINT('',(17.220017232929,-22.25843787881,
    -81.33108736468));
#208 = CARTESIAN_POINT('',(18.185480205131,-22.25843787881,
    -81.11576846914));
#209 = CARTESIAN_POINT('',(20.111460355537,-22.25843787881,
    -80.66066536022));
#210 = CARTESIAN_POINT('',(21.07096391447,-22.25843787881,
    -80.42012643995));
#211 = CARTESIAN_POINT('',(22.026165564228,-22.25843787881,
    -80.16629892202));
#212 = CARTESIAN_POINT('',(22.983998939488,-22.25843787881,
    -79.90376020937));
#213 = CARTESIAN_POINT('',(23.919026262179,-22.25843787881,
    -79.61650936816));
#214 = CARTESIAN_POINT('',(24.886075857839,-22.25843787881,
    -79.33984627129));
#215 = CARTESIAN_POINT('',(25.813581704669,-22.25843787881,
    -79.02760887504));
#216 = CARTESIAN_POINT('',(26.756149889914,-22.25843787881,
    -78.71569170003));
#217 = CARTESIAN_POINT('',(27.688534741185,-22.25843787881,
    -78.38762535826));
#218 = CARTESIAN_POINT('',(28.617633288273,-22.25843787881,
    -78.04813034025));
#219 = CARTESIAN_POINT('',(30.467733535629,-22.25843787881,
    -77.34552984619));
#220 = CARTESIAN_POINT('',(31.387631779239,-22.2584378788,
    -76.98180842371));
#221 = CARTESIAN_POINT('',(32.301530407136,-22.25843787884,
    -76.60547360142));
#222 = CARTESIAN_POINT('',(33.216901206487,-22.25843787876,
    -76.22015860023));
#223 = CARTESIAN_POINT('',(34.106435482488,-22.25843787888,
    -75.81331967427));
#224 = CARTESIAN_POINT('',(35.029100054027,-22.25843787875,
    -75.41279816653));
#225 = CARTESIAN_POINT('',(35.907915801536,-22.25843787886,
    -74.98216819857));
#226 = CARTESIAN_POINT('',(36.801706824037,-22.25843787879,
    -74.54988968175));
#227 = CARTESIAN_POINT('',(37.683293743316,-22.25843787882,
    -74.10292934887));
#228 = CARTESIAN_POINT('',(38.560130731544,-22.25843787881,
    -73.6450670622));
#229 = CARTESIAN_POINT('',(40.302695347668,-22.25843787881,
    -72.70699087226));
#230 = CARTESIAN_POINT('',(41.167248562006,-22.25843787881,
    -72.22631032204));
#231 = CARTESIAN_POINT('',(42.024207109003,-22.25843787882,
    -71.7339073882));
#232 = CARTESIAN_POINT('',(42.881453084557,-22.25843787881,
    -71.23240894567));
#233 = CARTESIAN_POINT('',(43.710274135364,-22.25843787882,
    -70.71294306074));
#234 = CARTESIAN_POINT('',(44.572766636622,-22.25843787881,
    -70.19541617736));
#235 = CARTESIAN_POINT('',(45.387855503314,-22.25843787881,
    -69.6537618348));
#236 = CARTESIAN_POINT('',(46.217576351131,-22.25843787881,
    -69.10851838214));
#237 = CARTESIAN_POINT('',(47.033281141686,-22.25843787881,
    -68.55031167301));
#238 = CARTESIAN_POINT('',(47.842853647117,-22.25843787881,
    -67.98191626846));
#239 = CARTESIAN_POINT('',(49.448066868293,-22.25843787881,
    -66.82441512631));
#240 = CARTESIAN_POINT('',(50.242482308145,-22.25843787881,
    -66.23500002581));
#241 = CARTESIAN_POINT('',(51.027837975974,-22.25843787881,
    -65.63495413127));
#242 = CARTESIAN_POINT('',(51.812291411264,-22.25843787881,
    -65.02585302449));
#243 = CARTESIAN_POINT('',(52.566217879154,-22.25843787882,
    -64.4026483864));
#244 = CARTESIAN_POINT('',(53.353780824005,-22.25843787881,
    -63.77697115525));
#245 = CARTESIAN_POINT('',(54.091196413655,-22.25843787882,
    -63.13356029459));
#246 = CARTESIAN_POINT('',(54.842650332858,-22.25843787881,
    -62.48468117236));
#247 = CARTESIAN_POINT('',(55.578516059657,-22.25843787882,
    -61.82477915875));
#248 = CARTESIAN_POINT('',(56.306972072234,-22.25843787881,
    -61.15557603921));
#249 = CARTESIAN_POINT('',(57.387269209467,-22.25843787881,
    -60.13773534255));
#250 = CARTESIAN_POINT('',(57.744989981551,-22.2584378788,
    -59.79607907767));
#251 = CARTESIAN_POINT('',(58.100350361777,-22.25843787883,
    -59.45206983463));
#252 = CARTESIAN_POINT('',(58.453368444083,-22.25843787877,
    -59.10572982094));
#253 = CARTESIAN_POINT('',(58.804062495565,-22.25843787886,
    -58.7570803949));
#254 = CARTESIAN_POINT('',(59.152450914311,-22.25843787876,
    -58.40614206028));
#255 = CARTESIAN_POINT('',(59.498552191994,-22.25843787885,
    -58.05293446557));
#256 = CARTESIAN_POINT('',(59.842384870773,-22.25843787879,
    -57.69747639775));
#257 = CARTESIAN_POINT('',(60.183967505705,-22.25843787882,
    -57.33978578148));
#258 = CARTESIAN_POINT('',(60.523318622837,-22.25843787881,
    -56.9798796739));
#259 = CARTESIAN_POINT('',(61.534732794354,-22.25843787881,
    -55.89356343903));
#260 = CARTESIAN_POINT('',(62.198894582541,-22.25843787882,
    -55.16049102045));
#261 = CARTESIAN_POINT('',(62.852096714604,-22.2584378788,
    -54.41875954935));
#262 = CARTESIAN_POINT('',(63.502647366057,-22.25843787883,
    -53.66832287631));
#263 = CARTESIAN_POINT('',(64.120506154775,-22.25843787879,
    -52.9100091831));
#264 = CARTESIAN_POINT('',(64.77087272586,-22.25843787883,
    -52.14270825609));
#265 = CARTESIAN_POINT('',(65.368595849787,-22.2584378788,
    -51.36779770977));
#266 = CARTESIAN_POINT('',(65.979020755749,-22.25843787882,
    -50.58478523091));
#267 = CARTESIAN_POINT('',(66.572006532609,-22.25843787881,
    -49.79400276782));
#268 = CARTESIAN_POINT('',(67.155910415118,-22.25843787881,
    -48.99554348051));
#269 = CARTESIAN_POINT('',(68.30386863037,-22.25843787881,
    -47.38349189457));
#270 = CARTESIAN_POINT('',(68.866663270956,-22.25843787881,
    -46.5700005029));
#271 = CARTESIAN_POINT('',(69.417461783809,-22.25843787881,
    -45.74935466035));
#272 = CARTESIAN_POINT('',(69.96449524187,-22.25843787882,
    -44.92042417772));
#273 = CARTESIAN_POINT('',(70.478088366306,-22.2584378788,
    -44.08795120808));
#274 = CARTESIAN_POINT('',(71.022738089478,-22.25843787882,
    -43.24232477514));
#275 = CARTESIAN_POINT('',(71.514201488514,-22.25843787881,
    -42.39602517243));
#276 = CARTESIAN_POINT('',(72.017200486739,-22.25843787882,
    -41.54003503527));
#277 = CARTESIAN_POINT('',(72.501895364695,-22.25843787881,
    -40.67861765026));
#278 = CARTESIAN_POINT('',(72.976584018511,-22.25843787881,
    -39.81077454235));
#279 = CARTESIAN_POINT('',(73.90430633798,-22.25843787881,
    -38.06267566631));
#280 = CARTESIAN_POINT('',(74.356104258689,-22.25843787882,
    -37.18268436482));
#281 = CARTESIAN_POINT('',(74.795074838393,-22.25843787881,
    -36.29716562815));
#282 = CARTESIAN_POINT('',(75.229231197026,-22.25843787882,
    -35.40392457017));
#283 = CARTESIAN_POINT('',(75.629770965295,-22.2584378788,
    -34.51153615821));
#284 = CARTESIAN_POINT('',(76.059384686059,-22.25843787883,
    -33.60205313648));
#285 = CARTESIAN_POINT('',(76.436179315097,-22.2584378788,
    -32.69884488921));
#286 = CARTESIAN_POINT('',(76.82314594401,-22.25843787882,
    -31.78452332519));
#287 = CARTESIAN_POINT('',(77.191256664564,-22.25843787881,
    -30.8672101068));
#288 = CARTESIAN_POINT('',(77.548608040582,-22.25843787881,
    -29.94483221259));
#289 = CARTESIAN_POINT('',(78.240220892647,-22.25843787881,
    -28.09059649739));
#290 = CARTESIAN_POINT('',(78.573291706295,-22.25843787882,
    -27.1591621809));
#291 = CARTESIAN_POINT('',(78.892923464053,-22.2584378788,-26.2239220115
    ));
#292 = CARTESIAN_POINT('',(79.206774015438,-22.25843787883,
    -25.28165405927));
#293 = CARTESIAN_POINT('',(79.487407496718,-22.25843787879,
    -24.34461902648));
#294 = CARTESIAN_POINT('',(79.794633731907,-22.25843787883,
    -23.38684122789));
#295 = CARTESIAN_POINT('',(80.050312963664,-22.2584378788,
    -22.44217828779));
#296 = CARTESIAN_POINT('',(80.31462598264,-22.25843787881,
    -21.48516965182));
#297 = CARTESIAN_POINT('',(80.559854145026,-22.25843787881,
    -20.52765604813));
#298 = CARTESIAN_POINT('',(80.793753937778,-22.25843787881,
    -19.56652547021));
#299 = CARTESIAN_POINT('',(81.126506362417,-22.25843787881,
    -18.12004083786));
#300 = CARTESIAN_POINT('',(81.234126294358,-22.25843787881,
    -17.63722500638));
#301 = CARTESIAN_POINT('',(81.338476359902,-22.25843787882,
    -17.15376412263));
#302 = CARTESIAN_POINT('',(81.439583941447,-22.2584378788,-16.6696665996
    ));
#303 = CARTESIAN_POINT('',(81.53747609352,-22.25843787883,
    -16.18494004793));
#304 = CARTESIAN_POINT('',(81.632179505014,-22.2584378788,
    -15.69959129508));
#305 = CARTESIAN_POINT('',(81.72372046721,-22.25843787882,
    -15.21362640521));
#306 = CARTESIAN_POINT('',(81.812124835089,-22.25843787881,
    -14.72705069832));
#307 = CARTESIAN_POINT('',(81.897417995024,-22.25843787881,
    -14.23986877003));
#308 = CARTESIAN_POINT('',(81.979624827485,-22.25843787881,
    -13.75208451092));
#309 = CARTESIAN_POINT('',(82.137914518368,-22.25843787881,
    -12.77531774128));
#310 = CARTESIAN_POINT('',(82.213726218238,-22.25843787881,
    -12.28649706531));
#311 = CARTESIAN_POINT('',(82.286232993494,-22.25843787881,
    -11.79724650072));
#312 = CARTESIAN_POINT('',(82.355462718,-22.25843787881,-11.307572649));
#313 = CARTESIAN_POINT('',(82.421442885285,-22.25843787881,
    -10.81748133241));
#314 = CARTESIAN_POINT('',(82.484200573483,-22.25843787881,
    -10.32697761569));
#315 = CARTESIAN_POINT('',(82.543762413102,-22.25843787882,
    -9.836065827945));
#316 = CARTESIAN_POINT('',(82.600154551169,-22.25843787881,
    -9.344749584219));
#317 = CARTESIAN_POINT('',(82.653402619209,-22.25843787881,
    -8.853031807487));
#318 = CARTESIAN_POINT('',(82.703531697881,-22.25843787881,
    -8.360914750249));
#319 = CARTESIAN_POINT('',(82.844635456244,-22.25843787881,
    -6.883370548699));
#320 = CARTESIAN_POINT('',(82.925284283047,-22.2584378788,
    -5.897468920543));
#321 = CARTESIAN_POINT('',(82.991970869613,-22.25843787884,
    -4.911366077891));
#322 = CARTESIAN_POINT('',(83.0512141537,-22.25843787876,-3.920003540782
    ));
#323 = CARTESIAN_POINT('',(83.079850031532,-22.25843787888,
    -2.94219389173));
#324 = CARTESIAN_POINT('',(83.128574643196,-22.25843787875,
    -1.937648004694));
#325 = CARTESIAN_POINT('',(83.131137223779,-22.25843787886,
    -0.958927491754));
#326 = CARTESIAN_POINT('',(83.138723469678,-22.25843787879,
    3.385897421997E-02));
#327 = CARTESIAN_POINT('',(83.127788830456,-22.25843787882,
    1.022228696142));
#328 = CARTESIAN_POINT('',(83.104975215313,-22.25843787881,
    2.011160781769));
#329 = CARTESIAN_POINT('',(83.03439762731,-22.25843787881,3.988957250231
    ));
#330 = CARTESIAN_POINT('',(82.985671002106,-22.25843787881,
    4.976952423558));
#331 = CARTESIAN_POINT('',(82.92410920018,-22.25843787881,5.964423479325
    ));
#332 = CARTESIAN_POINT('',(82.84811942428,-22.25843787881,6.94944431045)
  );
#333 = CARTESIAN_POINT('',(82.760861402988,-22.25843787881,7.93509233996
    ));
#334 = CARTESIAN_POINT('',(82.662237707242,-22.25843787881,
    8.921124250838));
#335 = CARTESIAN_POINT('',(82.549220019738,-22.25843787881,9.90421747255
    ));
#336 = CARTESIAN_POINT('',(82.421791113355,-22.25843787881,
    10.884086994772));
#337 = CARTESIAN_POINT('',(82.283155754431,-22.25843787881,
    11.863796891149));
#338 = CARTESIAN_POINT('',(82.13163452868,-22.25843787881,
    12.841494601058));
#339 = CARTESIAN_POINT('',(81.803970842355,-22.25843787881,
    14.793712462102));
#340 = CARTESIAN_POINT('',(81.626703826856,-22.25843787882,
    15.766912192478));
#341 = CARTESIAN_POINT('',(81.436323305687,-22.2584378788,
    16.737322841418));
#342 = CARTESIAN_POINT('',(81.232885058798,-22.25843787883,
    17.704715254344));
#343 = CARTESIAN_POINT('',(81.016573244382,-22.2584378788,
    18.669055480857));
#344 = CARTESIAN_POINT('',(80.787769763004,-22.25843787882,
    19.630607819362));
#345 = CARTESIAN_POINT('',(80.546929832603,-22.25843787881,
    20.589772548989));
#346 = CARTESIAN_POINT('',(80.294394889773,-22.25843787881,
    21.546834471101));
#347 = CARTESIAN_POINT('',(80.030273930313,-22.25843787881,
    22.501798380501));
#348 = CARTESIAN_POINT('',(79.754524402411,-22.25843787881,
    23.454487588194));
#349 = CARTESIAN_POINT('',(79.46736376716,-22.25843787881,
    24.405081616484));
#350 = PCURVE('',#351,#996);
#351 = B_SPLINE_SURFACE_WITH_KNOTS('',1,11,(
    (#352,#353,#354,#355,#356,#357,#358,#359,#360,#361,#362,#363,#364
      ,#365,#366,#367,#368,#369,#370,#371,#372,#373,#374,#375,#376,#377
      ,#378,#379,#380,#381,#382,#383,#384,#385,#386,#387,#388,#389,#390
      ,#391,#392,#393,#394,#395,#396,#397,#398,#399,#400,#401,#402,#403
      ,#404,#405,#406,#407,#408,#409,#410,#411,#412,#413,#414,#415,#416
      ,#417,#418,#419,#420,#421,#422,#423,#424,#425,#426,#427,#428,#429
      ,#430,#431,#432,#433,#434,#435,#436,#437,#438,#439,#440,#441,#442
      ,#443,#444,#445,#446,#447,#448,#449,#450,#451,#452,#453,#454,#455
      ,#456,#457,#458,#459,#460,#461,#462,#463,#464,#465,#466,#467,#468
      ,#469,#470,#471,#472,#473,#474,#475,#476,#477,#478,#479,#480,#481
      ,#482,#483,#484,#485,#486,#487,#488,#489,#490,#491,#492,#493,#494
      ,#495,#496,#497,#498,#499,#500,#501,#502,#503,#504,#505,#506,#507
      ,#508,#509,#510,#511,#512,#513,#514,#515,#516,#517,#518,#519,#520
      ,#521,#522,#523,#524,#525,#526,#527,#528,#529,#530,#531,#532,#533
      ,#534,#535,#536,#537,#538,#539,#540,#541,#542,#543,#544,#545,#546
      ,#547,#548,#549,#550,#551,#552,#553,#554,#555,#556,#557,#558,#559
      ,#560,#561,#562,#563,#564,#565,#566,#567,#568,#569,#570,#571,#572
      ,#573,#574,#575,#576,#577,#578,#579,#580,#581,#582,#583,#584,#585
      ,#586,#587,#588,#589,#590,#591,#592,#593,#594,#595,#596,#597,#598
      ,#599,#600,#601,#602,#603,#604,#605,#606,#607,#608,#609,#610,#611
      ,#612,#613,#614,#615,#616,#617,#618,#619,#620,#621,#622,#623,#624
      ,#625,#626,#627,#628,#629,#630,#631,#632,#633,#634,#635,#636,#637
      ,#638,#639,#640,#641,#642,#643,#644,#645,#646,#647,#648,#649,#650
      ,#651,#652,#653,#654,#655,#656,#657,#658,#659,#660,#661,#662,#663
      ,#664,#665,#666,#667,#668,#669,#670,#671,#672,#673)
    ,(#674,#675,#676,#677,#678,#679,#680,#681,#682,#683,#684,#685,#686
      ,#687,#688,#689,#690,#691,#692,#693,#694,#695,#696,#697,#698,#699
      ,#700,#701,#702,#703,#704,#705,#706,#707,#708,#709,#710,#711,#712
      ,#713,#714,#715,#716,#717,#718,#719,#720,#721,#722,#723,#724,#725
      ,#726,#727,#728,#729,#730,#731,#732,#733,#734,#735,#736,#737,#738
      ,#739,#740,#741,#742,#743,#744,#745,#746,#747,#748,#749,#750,#751
      ,#752,#753,#754,#755,#756,#757,#758,#759,#760,#761,#762,#763,#764
      ,#765,#766,#767,#768,#769,#770,#771,#772,#773,#774,#775,#776,#777
      ,#778,#779,#780,#781,#782,#783,#784,#785,#786,#787,#788,#789,#790
      ,#791,#792,#793,#794,#795,#796,#797,#798,#799,#800,#801,#802,#803
      ,#804,#805,#806,#807,#808,#809,#810,#811,#812,#813,#814,#815,#816
      ,#817,#818,#819,#820,#821,#822,#823,#824,#825,#826,#827,#828,#829
      ,#830,#831,#832,#833,#834,#835,#836,#837,#838,#839,#840,#841,#842
      ,#843,#844,#845,#846,#847,#848,#849,#850,#851,#852,#853,#854,#855
      ,#856,#857,#858,#859,#860,#861,#862,#863,#864,#865,#866,#867,#868
      ,#869,#870,#871,#872,#873,#874,#875,#876,#877,#878,#879,#880,#881
      ,#882,#883,#884,#885,#886,#887,#888,#889,#890,#891,#892,#893,#894
      ,#895,#896,#897,#898,#899,#900,#901,#902,#903,#904,#905,#906,#907
      ,#908,#909,#910,#911,#912,#913,#914,#915,#916,#917,#918,#919,#920
      ,#921,#922,#923,#924,#925,#926,#927,#928,#929,#930,#931,#932,#933
      ,#934,#935,#936,#937,#938,#939,#940,#941,#942,#943,#944,#945,#946
      ,#947,#948,#949,#950,#951,#952,#953,#954,#955,#956,#957,#958,#959
      ,#960,#961,#962,#963,#964,#965,#966,#967,#968,#969,#970,#971,#972
      ,#973,#974,#975,#976,#977,#978,#979,#980,#981,#982,#983,#984,#985
      ,#986,#987,#988,#989,#990,#991,#992,#993,#994,#995
  )),.UNSPECIFIED.,.F.,.F.,.F.,(2,2),(12,10,10,10,10,10,10,10,10,10,10,
    10,10,10,10,10,10,10,10,10,10,10,10,10,10,10,10,10,10,10,10,10,12),(
    0.,18.),(0.,6.216625736137,18.649877208412,31.083128680687,
    43.516380152962,55.949631625237,68.382883097512,74.59950883365,
    87.032760305925,99.466011778199,105.68263751433,118.11588898661,
    130.54914045888,136.76576619502,149.19901766729,161.63226913957,
    174.06552061184,180.28214634798,192.71539782026,205.14864929253,
    217.58190076481,230.01515223708,242.44840370936,248.66502944549,
    261.09828091777,273.53153239004,285.96478386232,298.39803533459,
    304.61466107073,310.83128680687,323.26453827914,335.69778975142,
    348.13104122369),.UNSPECIFIED.);
#352 = CARTESIAN_POINT('',(-81.00788052627,-22.25843787881,
    18.60614319312));
#353 = CARTESIAN_POINT('',(-81.12125235351,-22.25843787881,
    18.122749577054));
#354 = CARTESIAN_POINT('',(-81.23100329751,-22.25843787881,
    17.638839070271));
#355 = CARTESIAN_POINT('',(-81.33716356245,-22.25843787882,
    17.154426332171));
#356 = CARTESIAN_POINT('',(-81.43976329309,-22.2584378788,
    16.669525107721));
#357 = CARTESIAN_POINT('',(-81.53883253683,-22.25843787883,
    16.184148242131));
#358 = CARTESIAN_POINT('',(-81.63440120436,-22.25843787879,
    15.69830769517));
#359 = CARTESIAN_POINT('',(-81.72649903253,-22.25843787883,
    15.212014556059));
#360 = CARTESIAN_POINT('',(-81.81515554439,-22.2584378788,
    14.725279057634));
#361 = CARTESIAN_POINT('',(-81.90040001213,-22.25843787881,
    14.238110591242));
#362 = CARTESIAN_POINT('',(-81.98226141768,-22.25843787881,
    13.750517721055));
#363 = CARTESIAN_POINT('',(-82.21778240895,-22.25843787881,
    12.286489154127));
#364 = CARTESIAN_POINT('',(-82.36180375717,-22.25843787882,
    11.308549846198));
#365 = CARTESIAN_POINT('',(-82.49193110197,-22.2584378788,
    10.329532937706));
#366 = CARTESIAN_POINT('',(-82.61751745958,-22.25843787883,
    9.343024316927));
#367 = CARTESIAN_POINT('',(-82.7048311799,-22.2584378788,8.372849079995)
  );
#368 = CARTESIAN_POINT('',(-82.8273336424,-22.25843787883,7.368012066369
    ));
#369 = CARTESIAN_POINT('',(-82.88882138695,-22.2584378788,6.394999164199
    ));
#370 = CARTESIAN_POINT('',(-82.96341476866,-22.25843787882,
    5.403410425848));
#371 = CARTESIAN_POINT('',(-83.01688821346,-22.25843787881,
    4.416604540121));
#372 = CARTESIAN_POINT('',(-83.05877815816,-22.25843787881,
    3.428312909359));
#373 = CARTESIAN_POINT('',(-83.11749530782,-22.25843787881,
    1.450299419141));
#374 = CARTESIAN_POINT('',(-83.1334295693,-22.25843787881,0.461283522043
    ));
#375 = CARTESIAN_POINT('',(-83.13541748169,-22.25843787881,
    -0.527014633618));
#376 = CARTESIAN_POINT('',(-83.12983142273,-22.25843787883,
    -1.520253552976));
#377 = CARTESIAN_POINT('',(-83.09404641018,-22.25843787879,
    -2.497467177848));
#378 = CARTESIAN_POINT('',(-83.07761341475,-22.25843787883,
    -3.503632629361));
#379 = CARTESIAN_POINT('',(-83.01575279024,-22.2584378788,
    -4.480064244352));
#380 = CARTESIAN_POINT('',(-82.95855030767,-22.25843787882,
    -5.471362862289));
#381 = CARTESIAN_POINT('',(-82.8829658693,-22.25843787881,
    -6.456874378904));
#382 = CARTESIAN_POINT('',(-82.79550666216,-22.25843787881,
    -7.442182146915));
#383 = CARTESIAN_POINT('',(-82.59567738305,-22.25843787881,
    -9.411077564729));
#384 = CARTESIAN_POINT('',(-82.48243288238,-22.25843787881,
    -10.39376508121));
#385 = CARTESIAN_POINT('',(-82.35545220485,-22.25843787881,
    -11.37392193367));
#386 = CARTESIAN_POINT('',(-82.22018802406,-22.25843787881,
    -12.35783640025));
#387 = CARTESIAN_POINT('',(-82.05742060496,-22.25843787881,
    -13.32233467014));
#388 = CARTESIAN_POINT('',(-81.90938079573,-22.25843787882,
    -14.31725924585));
#389 = CARTESIAN_POINT('',(-81.72085903447,-22.25843787881,
    -15.27756288588));
#390 = CARTESIAN_POINT('',(-81.53464821101,-22.25843787881,
    -16.25278993204));
#391 = CARTESIAN_POINT('',(-81.33108819716,-22.25843787881,
    -17.2200183125));
#392 = CARTESIAN_POINT('',(-81.11576925954,-22.25843787881,
    -18.18548125654));
#393 = CARTESIAN_POINT('',(-80.66066552584,-22.25843787881,
    -20.1114605881));
#394 = CARTESIAN_POINT('',(-80.42012638413,-22.2584378788,
    -21.07096384156));
#395 = CARTESIAN_POINT('',(-80.16629866443,-22.25843787883,
    -22.02616518575));
#396 = CARTESIAN_POINT('',(-79.90376030072,-22.25843787878,
    -22.98399910894));
#397 = CARTESIAN_POINT('',(-79.6165083481,-22.25843787886,
    -23.91902467142));
#398 = CARTESIAN_POINT('',(-79.33984702815,-22.25843787877,
    -24.88607700696));
#399 = CARTESIAN_POINT('',(-79.02760851863,-22.25843787884,
    -25.81358116346));
#400 = CARTESIAN_POINT('',(-78.71569180333,-22.2584378788,
    -26.75615004941));
#401 = CARTESIAN_POINT('',(-78.38762540485,-22.25843787882,
    -27.68853482109));
#402 = CARTESIAN_POINT('',(-78.04813038397,-22.25843787881,
    -28.61763336567));
#403 = CARTESIAN_POINT('',(-77.3455298551,-22.25843787881,
    -30.46773355252));
#404 = CARTESIAN_POINT('',(-76.98180842052,-22.25843787881,
    -31.38763177379));
#405 = CARTESIAN_POINT('',(-76.60547358746,-22.25843787883,
    -32.30153037965));
#406 = CARTESIAN_POINT('',(-76.22015860474,-22.25843787878,
    -33.21690121833));
#407 = CARTESIAN_POINT('',(-75.81331962059,-22.25843787885,
    -34.10643536838));
#408 = CARTESIAN_POINT('',(-75.41279820683,-22.25843787878,
    -35.02910013686));
#409 = CARTESIAN_POINT('',(-74.9821681796,-22.25843787884,
    -35.90791576253));
#410 = CARTESIAN_POINT('',(-74.54988968729,-22.2584378788,
    -36.80170683553));
#411 = CARTESIAN_POINT('',(-74.10292935123,-22.25843787882,
    -37.68329374896));
#412 = CARTESIAN_POINT('',(-73.6450670644,-22.25843787881,
    -38.56013073699));
#413 = CARTESIAN_POINT('',(-72.94150992061,-22.25843787881,
    -39.86705419587));
#414 = CARTESIAN_POINT('',(-72.70408025896,-22.25843787881,
    -40.30101307555));
#415 = CARTESIAN_POINT('',(-72.46376688048,-22.25843787881,
    -40.7333009874));
#416 = CARTESIAN_POINT('',(-72.22059591953,-22.25843787882,
    -41.16392966135));
#417 = CARTESIAN_POINT('',(-71.97459273363,-22.2584378788,
    -41.59291121364));
#418 = CARTESIAN_POINT('',(-71.72578189086,-22.25843787882,
    -42.02025810936));
#419 = CARTESIAN_POINT('',(-71.47418715494,-22.25843787881,
    -42.44598312399));
#420 = CARTESIAN_POINT('',(-71.21983147281,-22.25843787881,
    -42.87009930602));
#421 = CARTESIAN_POINT('',(-70.96273696007,-22.25843787881,
    -43.29261993865));
#422 = CARTESIAN_POINT('',(-70.70292488789,-22.25843787881,
    -43.71355850212));
#423 = CARTESIAN_POINT('',(-69.91539723147,-22.25843787881,
    -44.97166890289));
#424 = CARTESIAN_POINT('',(-69.37920136974,-22.25843787881,
    -45.80293303068));
#425 = CARTESIAN_POINT('',(-68.83180493788,-22.25843787882,
    -46.62585207137));
#426 = CARTESIAN_POINT('',(-68.2753136725,-22.25843787879,
    -47.44846304924));
#427 = CARTESIAN_POINT('',(-67.7027525142,-22.25843787884,
    -48.24153483854));
#428 = CARTESIAN_POINT('',(-67.12992398612,-22.25843787879,
    -49.06833279581));
#429 = CARTESIAN_POINT('',(-66.53612000524,-22.25843787883,
    -49.84625060806));
#430 = CARTESIAN_POINT('',(-65.93777762055,-22.2584378788,
    -50.63853433083));
#431 = CARTESIAN_POINT('',(-65.32741642906,-22.25843787882,
    -51.41598416945));
#432 = CARTESIAN_POINT('',(-64.7072894275,-22.25843787881,
    -52.18664847989));
#433 = CARTESIAN_POINT('',(-63.44728061642,-22.25843787881,
    -53.71272061964));
#434 = CARTESIAN_POINT('',(-62.80717024323,-22.25843787882,
    -54.4668855631));
#435 = CARTESIAN_POINT('',(-62.15704437476,-22.2584378788,
    -55.21131484497));
#436 = CARTESIAN_POINT('',(-61.49794169082,-22.25843787883,
    -55.95425158685));
#437 = CARTESIAN_POINT('',(-60.82676223148,-22.25843787879,
    -56.66580430688));
#438 = CARTESIAN_POINT('',(-60.15091554225,-22.25843787884,
    -57.41075977006));
#439 = CARTESIAN_POINT('',(-59.46065298653,-22.2584378788,
    -58.10451541274));
#440 = CARTESIAN_POINT('',(-58.76401572652,-22.25843787882,
    -58.81192168631));
#441 = CARTESIAN_POINT('',(-58.05739869254,-22.25843787881,
    -59.50305221142));
#442 = CARTESIAN_POINT('',(-57.34198508552,-22.25843787881,
    -60.18618056565));
#443 = CARTESIAN_POINT('',(-56.25566885066,-22.25843787881,
    -61.19759473717));
#444 = CARTESIAN_POINT('',(-55.89134804019,-22.25843787881,
    -61.53220421279));
#445 = CARTESIAN_POINT('',(-55.52483366644,-22.25843787882,
    -61.86430445816));
#446 = CARTESIAN_POINT('',(-55.15614670611,-22.25843787879,
    -62.19391498104));
#447 = CARTESIAN_POINT('',(-54.78530727679,-22.25843787885,
    -62.52105540609));
#448 = CARTESIAN_POINT('',(-54.41233463542,-22.25843787878,
    -62.84574543332));
#449 = CARTESIAN_POINT('',(-54.03724717859,-22.25843787884,
    -63.16800479957));
#450 = CARTESIAN_POINT('',(-53.66006244072,-22.2584378788,
    -63.48785323628));
#451 = CARTESIAN_POINT('',(-53.28079709427,-22.25843787882,
    -63.80531043096));
#452 = CARTESIAN_POINT('',(-52.89946694834,-22.25843787881,
    -64.12039598564));
#453 = CARTESIAN_POINT('',(-51.74932694815,-22.25843787881,
    -65.05859616068));
#454 = CARTESIAN_POINT('',(-50.97438583461,-22.25843787881,
    -65.67339069735));
#455 = CARTESIAN_POINT('',(-50.19152100412,-22.25843787882,
    -66.27668271429));
#456 = CARTESIAN_POINT('',(-49.40014302518,-22.25843787881,
    -66.87675958014));
#457 = CARTESIAN_POINT('',(-48.60304304171,-22.25843787881,
    -67.44369939723));
#458 = CARTESIAN_POINT('',(-47.79484895587,-22.25843787881,
    -68.04248960203));
#459 = CARTESIAN_POINT('',(-46.98250458988,-22.25843787881,
    -68.58825138016));
#460 = CARTESIAN_POINT('',(-46.16124490179,-22.25843787881,
    -69.14615785323));
#461 = CARTESIAN_POINT('',(-45.33337243927,-22.25843787881,
    -69.68615435437));
#462 = CARTESIAN_POINT('',(-44.49843357351,-22.25843787881,
    -70.21658631787));
#463 = CARTESIAN_POINT('',(-42.81475345426,-22.25843787881,
    -71.25665344819));
#464 = CARTESIAN_POINT('',(-41.96619527951,-22.25843787882,
    -71.76503821964));
#465 = CARTESIAN_POINT('',(-41.11128255638,-22.2584378788,
    -72.26098462436));
#466 = CARTESIAN_POINT('',(-40.24834917745,-22.25843787883,
    -72.7526321953));
#467 = CARTESIAN_POINT('',(-39.38406799926,-22.25843787879,
    -73.21067933793));
#468 = CARTESIAN_POINT('',(-38.50463032052,-22.25843787884,
    -73.69885631299));
#469 = CARTESIAN_POINT('',(-37.62799946642,-22.25843787879,
    -74.13391680654));
#470 = CARTESIAN_POINT('',(-36.74094436127,-22.25843787882,
    -74.57985441251));
#471 = CARTESIAN_POINT('',(-35.84967077533,-22.25843787881,
    -75.00717212853));
#472 = CARTESIAN_POINT('',(-34.95263966287,-22.25843787881,
    -75.42408478217));
#473 = CARTESIAN_POINT('',(-33.59886565943,-22.25843787881,
    -76.03263842489));
#474 = CARTESIAN_POINT('',(-33.14632261627,-22.25843787881,
    -76.23238313247));
#475 = CARTESIAN_POINT('',(-32.69250898756,-22.25843787881,
    -76.42904667642));
#476 = CARTESIAN_POINT('',(-32.23743836627,-22.25843787882,
    -76.62265427229));
#477 = CARTESIAN_POINT('',(-31.78112349409,-22.25843787881,
    -76.81323096926));
#478 = CARTESIAN_POINT('',(-31.3235762738,-22.25843787882,
    -77.00080161261));
#479 = CARTESIAN_POINT('',(-30.86480778133,-22.25843787881,
    -77.18539080426));
#480 = CARTESIAN_POINT('',(-30.4048282782,-22.25843787881,
    -77.36702286553));
#481 = CARTESIAN_POINT('',(-29.94364722365,-22.25843787881,
    -77.54572179776));
#482 = CARTESIAN_POINT('',(-29.48127328696,-22.25843787881,
    -77.72151124465));
#483 = CARTESIAN_POINT('',(-28.09059650503,-22.25843787881,
    -78.24022087121));
#484 = CARTESIAN_POINT('',(-27.1591621889,-22.25843787882,
    -78.57329168427));
#485 = CARTESIAN_POINT('',(-26.22392203022,-22.2584378788,
    -78.89292341945));
#486 = CARTESIAN_POINT('',(-25.28165399128,-22.25843787883,
    -79.20677416936));
#487 = CARTESIAN_POINT('',(-24.34461916901,-22.25843787878,
    -79.48740717127));
#488 = CARTESIAN_POINT('',(-23.38684103543,-22.25843787884,
    -79.79463418264));
#489 = CARTESIAN_POINT('',(-22.44217830557,-22.25843787879,
    -80.05031291524));
#490 = CARTESIAN_POINT('',(-21.4851696044,-22.25843787882,
    -80.31462608901));
#491 = CARTESIAN_POINT('',(-20.52765603967,-22.25843787881,
    -80.55985416408));
#492 = CARTESIAN_POINT('',(-19.56652550466,-22.25843787881,
    -80.79375386938));
#493 = CARTESIAN_POINT('',(-17.63787944907,-22.25843787881,
    -81.23742353451));
#494 = CARTESIAN_POINT('',(-16.67093921766,-22.25843787881,
    -81.44606830598));
#495 = CARTESIAN_POINT('',(-15.70197985489,-22.25843787882,
    -81.64089221071));
#496 = CARTESIAN_POINT('',(-14.72680730631,-22.2584378788,
    -81.82906726462));
#497 = CARTESIAN_POINT('',(-13.76115898973,-22.25843787883,
    -81.98499182518));
#498 = CARTESIAN_POINT('',(-12.77147360886,-22.2584378788,
    -82.16457533389));
#499 = CARTESIAN_POINT('',(-11.80151982826,-22.25843787882,
    -82.2947634706));
#500 = CARTESIAN_POINT('',(-10.81819867704,-22.25843787881,
    -82.43190070673));
#501 = CARTESIAN_POINT('',(-9.836868086743,-22.25843787881,
    -82.55005022207));
#502 = CARTESIAN_POINT('',(-8.853430118801,-22.25843787881,-82.656496174
    ));
#503 = CARTESIAN_POINT('',(-6.883373385583,-22.25843787881,
    -82.84463135786));
#504 = CARTESIAN_POINT('',(-5.897471854355,-22.25843787882,
    -82.92528011789));
#505 = CARTESIAN_POINT('',(-4.911372450819,-22.2584378788,
    -82.99196270101));
#506 = CARTESIAN_POINT('',(-3.91998086532,-22.25843787884,
    -83.05124233185));
#507 = CARTESIAN_POINT('',(-2.942241564778,-22.25843787878,
    -83.07979053821));
#508 = CARTESIAN_POINT('',(-1.937582727978,-22.25843787884,
    -83.12865782104));
#509 = CARTESIAN_POINT('',(-0.958934074661,-22.25843787879,
    -83.13112780644));
#510 = CARTESIAN_POINT('',(3.387462902873E-02,-22.25843787882,
    -83.13874264899));
#511 = CARTESIAN_POINT('',(1.022231406449,-22.25843787881,
    -83.12779203354));
#512 = CARTESIAN_POINT('',(2.011149911026,-22.25843787881,
    -83.10496291237));
#513 = CARTESIAN_POINT('',(3.494469306478,-22.25843787881,
    -83.05199915544));
#514 = CARTESIAN_POINT('',(3.988687651349,-22.25843787882,
    -83.03099006913));
#515 = CARTESIAN_POINT('',(4.48268278595,-22.2584378788,-83.00665560545)
  );
#516 = CARTESIAN_POINT('',(4.976453671639,-22.25843787883,
    -82.97902439182));
#517 = CARTESIAN_POINT('',(5.469999959748,-22.25843787879,
    -82.94812452917));
#518 = CARTESIAN_POINT('',(5.963321963754,-22.25843787884,
    -82.91398356574));
#519 = CARTESIAN_POINT('',(6.456420631144,-22.2584378788,-82.87662846428
    ));
#520 = CARTESIAN_POINT('',(6.949297515634,-22.25843787882,
    -82.83608557717));
#521 = CARTESIAN_POINT('',(7.441954749053,-22.25843787881,-82.7923806138
    ));
#522 = CARTESIAN_POINT('',(7.934395013488,-22.25843787881,
    -82.74553861414));
#523 = CARTESIAN_POINT('',(9.411074512815,-22.25843787881,
    -82.59567452657));
#524 = CARTESIAN_POINT('',(10.393766015131,-22.25843787881,
    -82.48243379608));
#525 = CARTESIAN_POINT('',(11.373926921759,-22.25843787882,
    -82.35545664193));
#526 = CARTESIAN_POINT('',(12.357834078177,-22.2584378788,
    -82.22018632751));
#527 = CARTESIAN_POINT('',(13.322355871033,-22.25843787883,
    -82.0574385133));
#528 = CARTESIAN_POINT('',(14.317244003889,-22.2584378788,
    -81.90936760877));
#529 = CARTESIAN_POINT('',(15.277570068035,-22.25843787882,
    -81.72086525338));
#530 = CARTESIAN_POINT('',(16.25278781293,-22.25843787881,
    -81.53464640902));
#531 = CARTESIAN_POINT('',(17.220017232929,-22.25843787881,
    -81.33108736468));
#532 = CARTESIAN_POINT('',(18.185480205131,-22.25843787881,
    -81.11576846914));
#533 = CARTESIAN_POINT('',(20.111460355537,-22.25843787881,
    -80.66066536022));
#534 = CARTESIAN_POINT('',(21.07096391447,-22.25843787881,
    -80.42012643995));
#535 = CARTESIAN_POINT('',(22.026165564228,-22.25843787881,
    -80.16629892202));
#536 = CARTESIAN_POINT('',(22.983998939488,-22.25843787881,
    -79.90376020937));
#537 = CARTESIAN_POINT('',(23.919026262179,-22.25843787881,
    -79.61650936816));
#538 = CARTESIAN_POINT('',(24.886075857839,-22.25843787881,
    -79.33984627129));
#539 = CARTESIAN_POINT('',(25.813581704669,-22.25843787881,
    -79.02760887504));
#540 = CARTESIAN_POINT('',(26.756149889914,-22.25843787881,
    -78.71569170003));
#541 = CARTESIAN_POINT('',(27.688534741185,-22.25843787881,
    -78.38762535826));
#542 = CARTESIAN_POINT('',(28.617633288273,-22.25843787881,
    -78.04813034025));
#543 = CARTESIAN_POINT('',(30.467733535629,-22.25843787881,
    -77.34552984619));
#544 = CARTESIAN_POINT('',(31.387631779239,-22.2584378788,
    -76.98180842371));
#545 = CARTESIAN_POINT('',(32.301530407136,-22.25843787884,
    -76.60547360142));
#546 = CARTESIAN_POINT('',(33.216901206487,-22.25843787876,
    -76.22015860023));
#547 = CARTESIAN_POINT('',(34.106435482488,-22.25843787888,
    -75.81331967427));
#548 = CARTESIAN_POINT('',(35.029100054027,-22.25843787875,
    -75.41279816653));
#549 = CARTESIAN_POINT('',(35.907915801536,-22.25843787886,
    -74.98216819857));
#550 = CARTESIAN_POINT('',(36.801706824037,-22.25843787879,
    -74.54988968175));
#551 = CARTESIAN_POINT('',(37.683293743316,-22.25843787882,
    -74.10292934887));
#552 = CARTESIAN_POINT('',(38.560130731544,-22.25843787881,
    -73.6450670622));
#553 = CARTESIAN_POINT('',(40.302695347668,-22.25843787881,
    -72.70699087226));
#554 = CARTESIAN_POINT('',(41.167248562006,-22.25843787881,
    -72.22631032204));
#555 = CARTESIAN_POINT('',(42.024207109003,-22.25843787882,
    -71.7339073882));
#556 = CARTESIAN_POINT('',(42.881453084557,-22.25843787881,
    -71.23240894567));
#557 = CARTESIAN_POINT('',(43.710274135364,-22.25843787882,
    -70.71294306074));
#558 = CARTESIAN_POINT('',(44.572766636622,-22.25843787881,
    -70.19541617736));
#559 = CARTESIAN_POINT('',(45.387855503314,-22.25843787881,
    -69.6537618348));
#560 = CARTESIAN_POINT('',(46.217576351131,-22.25843787881,
    -69.10851838214));
#561 = CARTESIAN_POINT('',(47.033281141686,-22.25843787881,
    -68.55031167301));
#562 = CARTESIAN_POINT('',(47.842853647117,-22.25843787881,
    -67.98191626846));
#563 = CARTESIAN_POINT('',(49.448066868293,-22.25843787881,
    -66.82441512631));
#564 = CARTESIAN_POINT('',(50.242482308145,-22.25843787881,
    -66.23500002581));
#565 = CARTESIAN_POINT('',(51.027837975974,-22.25843787881,
    -65.63495413127));
#566 = CARTESIAN_POINT('',(51.812291411264,-22.25843787881,
    -65.02585302449));
#567 = CARTESIAN_POINT('',(52.566217879154,-22.25843787882,
    -64.4026483864));
#568 = CARTESIAN_POINT('',(53.353780824005,-22.25843787881,
    -63.77697115525));
#569 = CARTESIAN_POINT('',(54.091196413655,-22.25843787882,
    -63.13356029459));
#570 = CARTESIAN_POINT('',(54.842650332858,-22.25843787881,
    -62.48468117236));
#571 = CARTESIAN_POINT('',(55.578516059657,-22.25843787882,
    -61.82477915875));
#572 = CARTESIAN_POINT('',(56.306972072234,-22.25843787881,
    -61.15557603921));
#573 = CARTESIAN_POINT('',(57.387269209467,-22.25843787881,
    -60.13773534255));
#574 = CARTESIAN_POINT('',(57.744989981551,-22.2584378788,
    -59.79607907767));
#575 = CARTESIAN_POINT('',(58.100350361777,-22.25843787883,
    -59.45206983463));
#576 = CARTESIAN_POINT('',(58.453368444083,-22.25843787877,
    -59.10572982094));
#577 = CARTESIAN_POINT('',(58.804062495565,-22.25843787886,
    -58.7570803949));
#578 = CARTESIAN_POINT('',(59.152450914311,-22.25843787876,
    -58.40614206028));
#579 = CARTESIAN_POINT('',(59.498552191994,-22.25843787885,
    -58.05293446557));
#580 = CARTESIAN_POINT('',(59.842384870773,-22.25843787879,
    -57.69747639775));
#581 = CARTESIAN_POINT('',(60.183967505705,-22.25843787882,
    -57.33978578148));
#582 = CARTESIAN_POINT('',(60.523318622837,-22.25843787881,
    -56.9798796739));
#583 = CARTESIAN_POINT('',(61.534732794354,-22.25843787881,
    -55.89356343903));
#584 = CARTESIAN_POINT('',(62.198894582541,-22.25843787882,
    -55.16049102045));
#585 = CARTESIAN_POINT('',(62.852096714604,-22.2584378788,
    -54.41875954935));
#586 = CARTESIAN_POINT('',(63.502647366057,-22.25843787883,
    -53.66832287631));
#587 = CARTESIAN_POINT('',(64.120506154775,-22.25843787879,
    -52.9100091831));
#588 = CARTESIAN_POINT('',(64.77087272586,-22.25843787883,
    -52.14270825609));
#589 = CARTESIAN_POINT('',(65.368595849787,-22.2584378788,
    -51.36779770977));
#590 = CARTESIAN_POINT('',(65.979020755749,-22.25843787882,
    -50.58478523091));
#591 = CARTESIAN_POINT('',(66.572006532609,-22.25843787881,
    -49.79400276782));
#592 = CARTESIAN_POINT('',(67.155910415118,-22.25843787881,
    -48.99554348051));
#593 = CARTESIAN_POINT('',(68.30386863037,-22.25843787881,
    -47.38349189457));
#594 = CARTESIAN_POINT('',(68.866663270956,-22.25843787881,
    -46.5700005029));
#595 = CARTESIAN_POINT('',(69.417461783809,-22.25843787881,
    -45.74935466035));
#596 = CARTESIAN_POINT('',(69.96449524187,-22.25843787882,
    -44.92042417772));
#597 = CARTESIAN_POINT('',(70.478088366306,-22.2584378788,
    -44.08795120808));
#598 = CARTESIAN_POINT('',(71.022738089478,-22.25843787882,
    -43.24232477514));
#599 = CARTESIAN_POINT('',(71.514201488514,-22.25843787881,
    -42.39602517243));
#600 = CARTESIAN_POINT('',(72.017200486739,-22.25843787882,
    -41.54003503527));
#601 = CARTESIAN_POINT('',(72.501895364695,-22.25843787881,
    -40.67861765026));
#602 = CARTESIAN_POINT('',(72.976584018511,-22.25843787881,
    -39.81077454235));
#603 = CARTESIAN_POINT('',(73.90430633798,-22.25843787881,
    -38.06267566631));
#604 = CARTESIAN_POINT('',(74.356104258689,-22.25843787882,
    -37.18268436482));
#605 = CARTESIAN_POINT('',(74.795074838393,-22.25843787881,
    -36.29716562815));
#606 = CARTESIAN_POINT('',(75.229231197026,-22.25843787882,
    -35.40392457017));
#607 = CARTESIAN_POINT('',(75.629770965295,-22.2584378788,
    -34.51153615821));
#608 = CARTESIAN_POINT('',(76.059384686059,-22.25843787883,
    -33.60205313648));
#609 = CARTESIAN_POINT('',(76.436179315097,-22.2584378788,
    -32.69884488921));
#610 = CARTESIAN_POINT('',(76.82314594401,-22.25843787882,
    -31.78452332519));
#611 = CARTESIAN_POINT('',(77.191256664564,-22.25843787881,
    -30.8672101068));
#612 = CARTESIAN_POINT('',(77.548608040582,-22.25843787881,
    -29.94483221259));
#613 = CARTESIAN_POINT('',(78.240220892647,-22.25843787881,
    -28.09059649739));
#614 = CARTESIAN_POINT('',(78.573291706295,-22.25843787882,
    -27.1591621809));
#615 = CARTESIAN_POINT('',(78.892923464053,-22.2584378788,-26.2239220115
    ));
#616 = CARTESIAN_POINT('',(79.206774015438,-22.25843787883,
    -25.28165405927));
#617 = CARTESIAN_POINT('',(79.487407496718,-22.25843787879,
    -24.34461902648));
#618 = CARTESIAN_POINT('',(79.794633731907,-22.25843787883,
    -23.38684122789));
#619 = CARTESIAN_POINT('',(80.050312963664,-22.2584378788,
    -22.44217828779));
#620 = CARTESIAN_POINT('',(80.31462598264,-22.25843787881,
    -21.48516965182));
#621 = CARTESIAN_POINT('',(80.559854145026,-22.25843787881,
    -20.52765604813));
#622 = CARTESIAN_POINT('',(80.793753937778,-22.25843787881,
    -19.56652547021));
#623 = CARTESIAN_POINT('',(81.126506362417,-22.25843787881,
    -18.12004083786));
#624 = CARTESIAN_POINT('',(81.234126294358,-22.25843787881,
    -17.63722500638));
#625 = CARTESIAN_POINT('',(81.338476359902,-22.25843787882,
    -17.15376412263));
#626 = CARTESIAN_POINT('',(81.439583941447,-22.2584378788,-16.6696665996
    ));
#627 = CARTESIAN_POINT('',(81.53747609352,-22.25843787883,
    -16.18494004793));
#628 = CARTESIAN_POINT('',(81.632179505014,-22.2584378788,
    -15.69959129508));
#629 = CARTESIAN_POINT('',(81.72372046721,-22.25843787882,
    -15.21362640521));
#630 = CARTESIAN_POINT('',(81.812124835089,-22.25843787881,
    -14.72705069832));
#631 = CARTESIAN_POINT('',(81.897417995024,-22.25843787881,
    -14.23986877003));
#632 = CARTESIAN_POINT('',(81.979624827485,-22.25843787881,
    -13.75208451092));
#633 = CARTESIAN_POINT('',(82.137914518368,-22.25843787881,
    -12.77531774128));
#634 = CARTESIAN_POINT('',(82.213726218238,-22.25843787881,
    -12.28649706531));
#635 = CARTESIAN_POINT('',(82.286232993494,-22.25843787881,
    -11.79724650072));
#636 = CARTESIAN_POINT('',(82.355462718,-22.25843787881,-11.307572649));
#637 = CARTESIAN_POINT('',(82.421442885285,-22.25843787881,
    -10.81748133241));
#638 = CARTESIAN_POINT('',(82.484200573483,-22.25843787881,
    -10.32697761569));
#639 = CARTESIAN_POINT('',(82.543762413102,-22.25843787882,
    -9.836065827945));
#640 = CARTESIAN_POINT('',(82.600154551169,-22.25843787881,
    -9.344749584219));
#641 = CARTESIAN_POINT('',(82.653402619209,-22.25843787881,
    -8.853031807487));
#642 = CARTESIAN_POINT('',(82.703531697881,-22.25843787881,
    -8.360914750249));
#643 = CARTESIAN_POINT('',(82.844635456244,-22.25843787881,
    -6.883370548699));
#644 = CARTESIAN_POINT('',(82.925284283047,-22.2584378788,
    -5.897468920543));
#645 = CARTESIAN_POINT('',(82.991970869613,-22.25843787884,
    -4.911366077891));
#646 = CARTESIAN_POINT('',(83.0512141537,-22.25843787876,-3.920003540782
    ));
#647 = CARTESIAN_POINT('',(83.079850031532,-22.25843787888,
    -2.94219389173));
#648 = CARTESIAN_POINT('',(83.128574643196,-22.25843787875,
    -1.937648004694));
#649 = CARTESIAN_POINT('',(83.131137223779,-22.25843787886,
    -0.958927491754));
#650 = CARTESIAN_POINT('',(83.138723469678,-22.25843787879,
    3.385897421997E-02));
#651 = CARTESIAN_POINT('',(83.127788830456,-22.25843787882,
    1.022228696142));
#652 = CARTESIAN_POINT('',(83.104975215313,-22.25843787881,
    2.011160781769));
#653 = CARTESIAN_POINT('',(83.03439762731,-22.25843787881,3.988957250231
    ));
#654 = CARTESIAN_POINT('',(82.985671002106,-22.25843787881,
    4.976952423558));
#655 = CARTESIAN_POINT('',(82.92410920018,-22.25843787881,5.964423479325
    ));
#656 = CARTESIAN_POINT('',(82.84811942428,-22.25843787881,6.94944431045)
  );
#657 = CARTESIAN_POINT('',(82.760861402988,-22.25843787881,7.93509233996
    ));
#658 = CARTESIAN_POINT('',(82.662237707242,-22.25843787881,
    8.921124250838));
#659 = CARTESIAN_POINT('',(82.549220019738,-22.25843787881,9.90421747255
    ));
#660 = CARTESIAN_POINT('',(82.421791113355,-22.25843787881,
    10.884086994772));
#661 = CARTESIAN_POINT('',(82.283155754431,-22.25843787881,
    11.863796891149));
#662 = CARTESIAN_POINT('',(82.13163452868,-22.25843787881,
    12.841494601058));
#663 = CARTESIAN_POINT('',(81.803970842355,-22.25843787881,
    14.793712462102));
#664 = CARTESIAN_POINT('',(81.626703826856,-22.25843787882,
    15.766912192478));
#665 = CARTESIAN_POINT('',(81.436323305687,-22.2584378788,
    16.737322841418));
#666 = CARTESIAN_POINT('',(81.232885058798,-22.25843787883,
    17.704715254344));
#667 = CARTESIAN_POINT('',(81.016573244382,-22.2584378788,
    18.669055480857));
#668 = CARTESIAN_POINT('',(80.787769763004,-22.25843787882,
    19.630607819362));
#669 = CARTESIAN_POINT('',(80.546929832603,-22.25843787881,
    20.589772548989));
#670 = CARTESIAN_POINT('',(80.294394889773,-22.25843787881,
    21.546834471101));
#671 = CARTESIAN_POINT('',(80.030273930313,-22.25843787881,
    22.501798380501));
#672 = CARTESIAN_POINT('',(79.754524402411,-22.25843787881,
    23.454487588194));
#673 = CARTESIAN_POINT('',(79.46736376716,-22.25843787881,
    24.405081616484));
#674 = CARTESIAN_POINT('',(-97.80179643275,-26.91718069066,
    23.107310146166));
#675 = CARTESIAN_POINT('',(-97.94205855451,-26.91718069066,
    22.52358847081));
#676 = CARTESIAN_POINT('',(-98.0780223172,-26.91718069066,
    21.939240996066));
#677 = CARTESIAN_POINT('',(-98.20971935598,-26.91718069066,
    21.354282983777));
#678 = CARTESIAN_POINT('',(-98.33718114568,-26.91718069066,
    20.768728701569));
#679 = CARTESIAN_POINT('',(-98.46043896121,-26.91718069066,
    20.182591442896));
#680 = CARTESIAN_POINT('',(-98.57952383535,-26.91718069065,
    19.595883546717));
#681 = CARTESIAN_POINT('',(-98.69446652047,-26.91718069066,
    19.008616417783));
#682 = CARTESIAN_POINT('',(-98.80529744558,-26.91718069066,
    18.420800546134));
#683 = CARTESIAN_POINT('',(-98.91204667784,-26.91718069066,
    17.832445527406));
#684 = CARTESIAN_POINT('',(-99.01474388063,-26.91718069066,
    17.243560082474));
#685 = CARTESIAN_POINT('',(-99.31076705997,-26.91718069066,
    15.475336067645));
#686 = CARTESIAN_POINT('',(-99.4924631377,-26.91718069066,
    14.294108074138));
#687 = CARTESIAN_POINT('',(-99.6575846959,-26.91718069065,
    13.111502790679));
#688 = CARTESIAN_POINT('',(-99.81566878105,-26.91718069067,
    11.919543636261));
#689 = CARTESIAN_POINT('',(-99.93227871903,-26.91718069064,
    10.747836777781));
#690 = CARTESIAN_POINT('',(-100.082436802,-26.91718069068,9.532949764101
    ));
#691 = CARTESIAN_POINT('',(-100.1677948314,-26.91718069064,
    8.357653252342));
#692 = CARTESIAN_POINT('',(-100.2641830194,-26.91718069067,7.15912758033
    ));
#693 = CARTESIAN_POINT('',(-100.33655868,-26.91718069065,5.966499434615)
  );
#694 = CARTESIAN_POINT('',(-100.3946832901,-26.91718069066,4.77194273895
    ));
#695 = CARTESIAN_POINT('',(-100.4804714066,-26.91718069066,
    2.380895388119));
#696 = CARTESIAN_POINT('',(-100.5072315271,-26.91718069066,
    1.185270019897));
#697 = CARTESIAN_POINT('',(-100.5173417422,-26.91718069065,
    -9.585356746788E-03));
#698 = CARTESIAN_POINT('',(-100.5171603843,-26.91718069067,
    -1.210505590759));
#699 = CARTESIAN_POINT('',(-100.4841055793,-26.91718069064,
    -2.392169186026));
#700 = CARTESIAN_POINT('',(-100.4676726464,-26.91718069068,
    -3.608927363569));
#701 = CARTESIAN_POINT('',(-100.4030819159,-26.91718069064,
    -4.789811411077));
#702 = CARTESIAN_POINT('',(-100.3404746431,-26.91718069067,
    -5.988796802919));
#703 = CARTESIAN_POINT('',(-100.2567675227,-26.91718069065,
    -7.180873610723));
#704 = CARTESIAN_POINT('',(-100.15848166,-26.91718069066,-8.372801694438
    ));
#705 = CARTESIAN_POINT('',(-99.93157874205,-26.91718069066,
    -10.75475817799));
#706 = CARTESIAN_POINT('',(-99.80209877083,-26.91718069066,
    -11.94371079495));
#707 = CARTESIAN_POINT('',(-99.65620853375,-26.91718069066,
    -13.12972796751));
#708 = CARTESIAN_POINT('',(-99.49919742089,-26.91718069065,
    -14.32023470754));
#709 = CARTESIAN_POINT('',(-99.31244250076,-26.91718069066,
    -15.48784748113));
#710 = CARTESIAN_POINT('',(-99.13692649885,-26.91718069065,
    -16.69147395619));
#711 = CARTESIAN_POINT('',(-98.91900483563,-26.91718069066,
    -17.85417970162));
#712 = CARTESIAN_POINT('',(-98.70032972891,-26.91718069065,
    -19.03458843711));
#713 = CARTESIAN_POINT('',(-98.46175414179,-26.91718069066,
    -20.20555730001));
#714 = CARTESIAN_POINT('',(-98.20873183957,-26.91718069066,
    -21.37445980068));
#715 = CARTESIAN_POINT('',(-97.67287045809,-26.91718069066,
    -23.70643447683));
#716 = CARTESIAN_POINT('',(-97.38931159832,-26.91718069064,
    -24.86831974797));
#717 = CARTESIAN_POINT('',(-97.0898657517,-26.91718069069,
    -26.02515273841));
#718 = CARTESIAN_POINT('',(-96.77880113133,-26.9171806906,
    -27.18497176432));
#719 = CARTESIAN_POINT('',(-96.44125404217,-26.91718069073,
    -28.31824702794));
#720 = CARTESIAN_POINT('',(-96.11011213932,-26.91718069059,
    -29.48862338024));
#721 = CARTESIAN_POINT('',(-95.74230550397,-26.91718069071,
    -30.61296435284));
#722 = CARTESIAN_POINT('',(-95.3714210603,-26.91718069063,
    -31.75472058084));
#723 = CARTESIAN_POINT('',(-94.98204514429,-26.91718069067,
    -32.88453253684));
#724 = CARTESIAN_POINT('',(-94.57861512699,-26.91718069066,
    -34.01040891318));
#725 = CARTESIAN_POINT('',(-93.74295477647,-26.91718069066,
    -36.2524902365));
#726 = CARTESIAN_POINT('',(-93.3101654931,-26.91718069065,
    -37.36742391555));
#727 = CARTESIAN_POINT('',(-92.86228457338,-26.91718069067,
    -38.47527486524));
#728 = CARTESIAN_POINT('',(-92.40249416954,-26.91718069063,
    -39.5845687703));
#729 = CARTESIAN_POINT('',(-91.91991344407,-26.91718069069,
    -40.66409198673));
#730 = CARTESIAN_POINT('',(-91.43883858971,-26.91718069063,
    -41.78122976885));
#731 = CARTESIAN_POINT('',(-90.92742337048,-26.91718069068,
    -42.84794539375));
#732 = CARTESIAN_POINT('',(-90.41068250277,-26.91718069065,
    -43.93152279898));
#733 = CARTESIAN_POINT('',(-89.87716773777,-26.91718069066,
    -45.00084539383));
#734 = CARTESIAN_POINT('',(-89.33023276622,-26.91718069066,
    -46.06443156075));
#735 = CARTESIAN_POINT('',(-88.48936165836,-26.91718069066,
    -47.64979994448));
#736 = CARTESIAN_POINT('',(-88.20556278581,-26.91718069066,
    -48.17625424715));
#737 = CARTESIAN_POINT('',(-87.91828274801,-26.91718069064,
    -48.70071822995));
#738 = CARTESIAN_POINT('',(-87.62754800468,-26.91718069068,
    -49.22320378322));
#739 = CARTESIAN_POINT('',(-87.33338412527,-26.91718069063,
    -49.74372313912));
#740 = CARTESIAN_POINT('',(-87.03581577951,-26.91718069068,
    -50.26228882915));
#741 = CARTESIAN_POINT('',(-86.73486672458,-26.91718069064,
    -50.77891364076));
#742 = CARTESIAN_POINT('',(-86.43055979592,-26.91718069067,
    -51.29361057494));
#743 = CARTESIAN_POINT('',(-86.12291689487,-26.91718069065,
    -51.80639280297));
#744 = CARTESIAN_POINT('',(-85.81195897853,-26.91718069066,
    -52.31727362377));
#745 = CARTESIAN_POINT('',(-84.86920018809,-26.91718069066,
    -53.84425201501));
#746 = CARTESIAN_POINT('',(-84.22721406481,-26.91718069066,
    -54.85332958321));
#747 = CARTESIAN_POINT('',(-83.57180805717,-26.91718069067,
    -55.85251628163));
#748 = CARTESIAN_POINT('',(-82.90443988491,-26.91718069064,
    -56.85079470963));
#749 = CARTESIAN_POINT('',(-82.22052730239,-26.91718069068,
    -57.81542851417));
#750 = CARTESIAN_POINT('',(-81.53075335966,-26.91718069064,
    -58.81724751833));
#751 = CARTESIAN_POINT('',(-80.82105896986,-26.91718069067,
    -59.76369449084));
#752 = CARTESIAN_POINT('',(-80.10285165821,-26.91718069065,
    -60.72564005611));
#753 = CARTESIAN_POINT('',(-79.37097374191,-26.91718069066,
    -61.67033235701));
#754 = CARTESIAN_POINT('',(-78.62705260481,-26.91718069066,
    -62.60678029454));
#755 = CARTESIAN_POINT('',(-77.11504722695,-26.91718069066,
    -64.46126051244));
#756 = CARTESIAN_POINT('',(-76.34684233131,-26.91718069067,
    -65.37790927761));
#757 = CARTESIAN_POINT('',(-75.56662337776,-26.91718069064,
    -66.28300014427));
#758 = CARTESIAN_POINT('',(-74.77466315094,-26.91718069069,
    -67.18562913651));
#759 = CARTESIAN_POINT('',(-73.97069155768,-26.91718069062,
    -68.05274185735));
#760 = CARTESIAN_POINT('',(-73.15605510713,-26.91718069069,
    -68.95595659875));
#761 = CARTESIAN_POINT('',(-72.32889613144,-26.91718069064,
    -69.80167287737));
#762 = CARTESIAN_POINT('',(-71.49127409133,-26.91718069067,
    -70.66164400044));
#763 = CARTESIAN_POINT('',(-70.64235040313,-26.91718069065,
    -71.50272508999));
#764 = CARTESIAN_POINT('',(-69.782562631,-26.91718069066,-72.33406039227
    ));
#765 = CARTESIAN_POINT('',(-68.47671647827,-26.91718069066,
    -73.56500432569));
#766 = CARTESIAN_POINT('',(-68.03875558551,-26.91718069065,
    -73.9722956099));
#767 = CARTESIAN_POINT('',(-67.59813803994,-26.91718069067,
    -74.37658321633));
#768 = CARTESIAN_POINT('',(-67.15488507474,-26.91718069064,
    -74.77788690906));
#769 = CARTESIAN_POINT('',(-66.709016971,-26.91718069068,-75.17622649092
    ));
#770 = CARTESIAN_POINT('',(-66.26055306049,-26.91718069064,
    -75.57162175708));
#771 = CARTESIAN_POINT('',(-65.80951172981,-26.91718069067,
    -75.96409245408));
#772 = CARTESIAN_POINT('',(-65.35591042305,-26.91718069065,
    -76.35365823212));
#773 = CARTESIAN_POINT('',(-64.89976564574,-26.91718069066,
    -76.74033860415));
#774 = CARTESIAN_POINT('',(-64.44109296788,-26.91718069066,
    -77.12415289937));
#775 = CARTESIAN_POINT('',(-63.05753514685,-26.91718069066,
    -78.26705486266));
#776 = CARTESIAN_POINT('',(-62.12526179009,-26.91718069066,
    -79.01622113832));
#777 = CARTESIAN_POINT('',(-61.18346005638,-26.91718069066,
    -79.75170777093));
#778 = CARTESIAN_POINT('',(-60.2306229424,-26.91718069065,
    -80.48248922441));
#779 = CARTESIAN_POINT('',(-59.27293413807,-26.91718069066,
    -81.17609354047));
#780 = CARTESIAN_POINT('',(-58.2977422436,-26.91718069065,
    -81.90302557648));
#781 = CARTESIAN_POINT('',(-57.32148583465,-26.91718069066,-82.571120943
    ));
#782 = CARTESIAN_POINT('',(-56.3321864238,-26.91718069066,
    -83.25115600854));
#783 = CARTESIAN_POINT('',(-55.33548778564,-26.91718069066,
    -83.91045916512));
#784 = CARTESIAN_POINT('',(-54.33003512264,-26.91718069066,
    -84.55808431934));
#785 = CARTESIAN_POINT('',(-52.30216854474,-26.91718069066,
    -85.82812931194));
#786 = CARTESIAN_POINT('',(-51.28008509449,-26.91718069066,
    -86.44920027492));
#787 = CARTESIAN_POINT('',(-50.25034033556,-26.91718069065,
    -87.05546492324));
#788 = CARTESIAN_POINT('',(-49.21026875475,-26.91718069067,
    -87.6556242399));
#789 = CARTESIAN_POINT('',(-48.17023958058,-26.91718069064,
    -88.21829120177));
#790 = CARTESIAN_POINT('',(-47.10850691733,-26.91718069068,
    -88.81171614893));
#791 = CARTESIAN_POINT('',(-46.05339857304,-26.91718069064,
    -89.34666883515));
#792 = CARTESIAN_POINT('',(-44.98380036812,-26.91718069067,
    -89.89175662146));
#793 = CARTESIAN_POINT('',(-43.90957229443,-26.91718069065,
    -90.41532407006));
#794 = CARTESIAN_POINT('',(-42.82818937298,-26.91718069066,
    -90.92617079376));
#795 = CARTESIAN_POINT('',(-41.19597034669,-26.91718069066,
    -91.67203820292));
#796 = CARTESIAN_POINT('',(-40.65033248918,-26.91718069066,
    -91.91693667627));
#797 = CARTESIAN_POINT('',(-40.10314446765,-26.91718069065,
    -92.15813692342));
#798 = CARTESIAN_POINT('',(-39.55442003551,-26.91718069066,
    -92.39566448522));
#799 = CARTESIAN_POINT('',(-39.00417203209,-26.91718069065,
    -92.6295446319));
#800 = CARTESIAN_POINT('',(-38.45241240029,-26.91718069066,
    -92.85980232321));
#801 = CARTESIAN_POINT('',(-37.89915220365,-26.91718069065,
    -93.0864621667));
#802 = CARTESIAN_POINT('',(-37.34440164409,-26.91718069066,
    -93.30954837802));
#803 = CARTESIAN_POINT('',(-36.78817007902,-26.91718069066,
    -93.52908473936));
#804 = CARTESIAN_POINT('',(-36.23046603895,-26.91718069066,
    -93.74509455935));
#805 = CARTESIAN_POINT('',(-34.55295965634,-26.91718069066,
    -94.38261277723));
#806 = CARTESIAN_POINT('',(-33.42935031883,-26.91718069066,
    -94.79235144637));
#807 = CARTESIAN_POINT('',(-32.30111545123,-26.91718069065,
    -95.18607365286));
#808 = CARTESIAN_POINT('',(-31.16394327988,-26.91718069068,
    -95.57179317691));
#809 = CARTESIAN_POINT('',(-30.03412709583,-26.91718069063,
    -95.9207490244));
#810 = CARTESIAN_POINT('',(-28.87702386402,-26.91718069068,
    -96.29563771041));
#811 = CARTESIAN_POINT('',(-27.73782503883,-26.91718069064,
    -96.61447000415));
#812 = CARTESIAN_POINT('',(-26.58243751179,-26.91718069067,
    -96.94041582323));
#813 = CARTESIAN_POINT('',(-25.42670748715,-26.91718069066,
    -97.24435156932));
#814 = CARTESIAN_POINT('',(-24.26644178349,-26.91718069066,
    -97.53441517409));
#815 = CARTESIAN_POINT('',(-21.93795123894,-26.91718069066,
    -98.0852226949));
#816 = CARTESIAN_POINT('',(-20.77047290679,-26.91718069065,
    -98.34479554451));
#817 = CARTESIAN_POINT('',(-19.60049918449,-26.91718069067,
    -98.58788520188));
#818 = CARTESIAN_POINT('',(-18.42270917793,-26.91718069063,
    -98.82187408826));
#819 = CARTESIAN_POINT('',(-17.25701085,-26.91718069069,-99.02037396603)
  );
#820 = CARTESIAN_POINT('',(-16.06087400398,-26.91718069063,
    -99.24102314814));
#821 = CARTESIAN_POINT('',(-14.88980521746,-26.91718069068,
    -99.40843250287));
#822 = CARTESIAN_POINT('',(-13.70175772421,-26.91718069065,
    -99.58078147566));
#823 = CARTESIAN_POINT('',(-12.51624355454,-26.91718069066,
    -99.73126397004));
#824 = CARTESIAN_POINT('',(-11.32804318698,-26.91718069066,
    -99.86740097618));
#825 = CARTESIAN_POINT('',(-8.947578393503,-26.91718069066,
    -100.1095672578));
#826 = CARTESIAN_POINT('',(-7.756206944659,-26.91718069066,
    -100.2145329246));
#827 = CARTESIAN_POINT('',(-6.564512942393,-26.91718069065,
    -100.3028307011));
#828 = CARTESIAN_POINT('',(-5.366257414264,-26.91718069068,
    -100.3810853357));
#829 = CARTESIAN_POINT('',(-4.184622363902,-26.91718069063,
    -100.425732855));
#830 = CARTESIAN_POINT('',(-2.969918136885,-26.91718069069,
    -100.4883671654));
#831 = CARTESIAN_POINT('',(-1.787016700537,-26.91718069064,
    -100.5014891599));
#832 = CARTESIAN_POINT('',(-0.586637063147,-26.91718069067,
    -100.5172923481));
#833 = CARTESIAN_POINT('',(0.608376775449,-26.91718069065,
    -100.5117467934));
#834 = CARTESIAN_POINT('',(1.804181369177,-26.91718069066,
    -100.4916278591));
#835 = CARTESIAN_POINT('',(3.597962841539,-26.91718069066,
    -100.4386639918));
#836 = CARTESIAN_POINT('',(4.195646387702,-26.91718069066,
    -100.4169773037));
#837 = CARTESIAN_POINT('',(4.793084550101,-26.91718069064,
    -100.3912881572));
#838 = CARTESIAN_POINT('',(5.390276290099,-26.91718069068,
    -100.3616255425));
#839 = CARTESIAN_POINT('',(5.987221269186,-26.91718069063,-100.328017802
    ));
#840 = CARTESIAN_POINT('',(6.583919815536,-26.91718069069,
    -100.2904926041));
#841 = CARTESIAN_POINT('',(7.180372890175,-26.91718069064,
    -100.2490769115));
#842 = CARTESIAN_POINT('',(7.776582053609,-26.91718069067,
    -100.2037969551));
#843 = CARTESIAN_POINT('',(8.372549432011,-26.91718069065,-100.154678203
    ));
#844 = CARTESIAN_POINT('',(8.968277683752,-26.91718069066,-100.101745333
    ));
#845 = CARTESIAN_POINT('',(10.754754529638,-26.91718069066,
    -99.93157594413));
#846 = CARTESIAN_POINT('',(11.943711895876,-26.91718069065,
    -99.80209968539));
#847 = CARTESIAN_POINT('',(13.129733873723,-26.91718069067,
    -99.6562128784));
#848 = CARTESIAN_POINT('',(14.320231979671,-26.91718069063,
    -99.49919581492));
#849 = CARTESIAN_POINT('',(15.487872542882,-26.91718069069,
    -99.31245988269));
#850 = CARTESIAN_POINT('',(16.691455916468,-26.91718069062,
    -99.13691365299));
#851 = CARTESIAN_POINT('',(17.854188207633,-26.91718069068,
    -98.91901089046));
#852 = CARTESIAN_POINT('',(19.034585935904,-26.91718069064,
    -98.70032797452));
#853 = CARTESIAN_POINT('',(20.205556034647,-26.91718069066,
    -98.46175334165));
#854 = CARTESIAN_POINT('',(21.374458569022,-26.91718069066,
    -98.20873108366));
#855 = CARTESIAN_POINT('',(23.706434204282,-26.91718069066,
    -97.67287030178));
#856 = CARTESIAN_POINT('',(24.8683198324,-26.91718069066,-97.38931165267
    ));
#857 = CARTESIAN_POINT('',(26.025153178382,-26.91718069066,
    -97.08986599482));
#858 = CARTESIAN_POINT('',(27.184971568637,-26.91718069066,
    -96.7788010496));
#859 = CARTESIAN_POINT('',(28.318248874702,-26.91718069065,
    -96.44125499236));
#860 = CARTESIAN_POINT('',(29.488622044849,-26.91718069066,
    -96.11011143045));
#861 = CARTESIAN_POINT('',(30.612964982133,-26.91718069065,
    -95.74230583752));
#862 = CARTESIAN_POINT('',(31.754720395931,-26.91718069066,
    -95.3714209636));
#863 = CARTESIAN_POINT('',(32.884532444744,-26.91718069066,
    -94.98204510153));
#864 = CARTESIAN_POINT('',(34.010408824018,-26.91718069066,
    -94.57861508716));
#865 = CARTESIAN_POINT('',(36.252490217032,-26.91718069066,
    -93.74295476854));
#866 = CARTESIAN_POINT('',(37.367423921764,-26.91718069064,
    -93.31016549608));
#867 = CARTESIAN_POINT('',(38.475274896698,-26.9171806907,
    -92.86228458586));
#868 = CARTESIAN_POINT('',(39.584568756831,-26.91718069059,
    -92.40249416583));
#869 = CARTESIAN_POINT('',(40.66409211715,-26.91718069075,
    -91.91991349098));
#870 = CARTESIAN_POINT('',(41.781229674084,-26.91718069057,
    -91.43883855414));
#871 = CARTESIAN_POINT('',(42.847945438391,-26.91718069072,
    -90.92742338723));
#872 = CARTESIAN_POINT('',(43.931522785851,-26.91718069062,
    -90.41068249786));
#873 = CARTESIAN_POINT('',(45.000845387415,-26.91718069067,
    -89.87716773578));
#874 = CARTESIAN_POINT('',(46.064431554567,-26.91718069066,
    -89.33023276437));
#875 = CARTESIAN_POINT('',(48.17825607107,-26.91718069066,
    -88.20907128874));
#876 = CARTESIAN_POINT('',(49.227161027666,-26.91718069066,
    -87.6344565375));
#877 = CARTESIAN_POINT('',(50.267073994044,-26.91718069066,
    -87.04580374107));
#878 = CARTESIAN_POINT('',(51.306862998902,-26.91718069066,
    -86.44515498856));
#879 = CARTESIAN_POINT('',(52.314161468967,-26.91718069065,
    -85.82579678412));
#880 = CARTESIAN_POINT('',(53.358948879932,-26.91718069066,
    -85.20302179917));
#881 = CARTESIAN_POINT('',(54.349785668297,-26.91718069065,
    -84.55674751248));
#882 = CARTESIAN_POINT('',(55.356644640897,-26.91718069066,
    -83.90299218826));
#883 = CARTESIAN_POINT('',(56.347181388878,-26.91718069066,
    -83.23446711133));
#884 = CARTESIAN_POINT('',(57.330279089752,-26.91718069066,
    -82.55338539197));
#885 = CARTESIAN_POINT('',(59.279678606198,-26.91718069066,
    -81.16590614301));
#886 = CARTESIAN_POINT('',(60.244607760024,-26.91718069066,
    -80.45929773066));
#887 = CARTESIAN_POINT('',(61.198789518731,-26.91718069065,
    -79.73994506073));
#888 = CARTESIAN_POINT('',(62.151282590025,-26.91718069067,
    -79.00871524211));
#889 = CARTESIAN_POINT('',(63.069121013952,-26.91718069064,
    -78.26317689915));
#890 = CARTESIAN_POINT('',(64.023681676412,-26.91718069068,
    -77.50935771818));
#891 = CARTESIAN_POINT('',(64.921685996918,-26.91718069065,
    -76.73928224444));
#892 = CARTESIAN_POINT('',(65.834598958312,-26.91718069066,
    -75.9596984199));
#893 = CARTESIAN_POINT('',(66.729401494411,-26.91718069066,
    -75.16760167768));
#894 = CARTESIAN_POINT('',(67.615189654744,-26.91718069066,
    -74.36402670738));
#895 = CARTESIAN_POINT('',(68.928904467398,-26.91718069066,
    -73.14148405665));
#896 = CARTESIAN_POINT('',(69.363967722568,-26.91718069065,
    -72.73109899627));
#897 = CARTESIAN_POINT('',(69.796207484492,-26.91718069068,
    -72.31786652129));
#898 = CARTESIAN_POINT('',(70.225642086133,-26.91718069062,
    -71.90180911191));
#899 = CARTESIAN_POINT('',(70.652289961632,-26.91718069071,
    -71.48294830128));
#900 = CARTESIAN_POINT('',(71.076169599226,-26.91718069061,
    -71.06130467397));
#901 = CARTESIAN_POINT('',(71.497299500803,-26.91718069069,
    -70.63689786925));
#902 = CARTESIAN_POINT('',(71.915698133482,-26.91718069064,
    -70.20974657854));
#903 = CARTESIAN_POINT('',(72.331383888967,-26.91718069066,
    -69.77986854859));
#904 = CARTESIAN_POINT('',(72.74437503675,-26.91718069066,
    -69.34728058009));
#905 = CARTESIAN_POINT('',(73.975318970172,-26.91718069066,
    -68.04143442736));
#906 = CARTESIAN_POINT('',(74.783854818177,-26.91718069067,
    -67.16015495817));
#907 = CARTESIAN_POINT('',(75.579363497911,-26.91718069064,
    -66.26847282151));
#908 = CARTESIAN_POINT('',(76.370898821124,-26.9171806907,
    -65.36547119884));
#909 = CARTESIAN_POINT('',(77.125653921783,-26.91718069061,
    -64.45519677239));
#910 = CARTESIAN_POINT('',(77.914810141848,-26.9171806907,-63.5296364686
    ));
#911 = CARTESIAN_POINT('',(78.645325289077,-26.91718069063,
    -62.5991658271));
#912 = CARTESIAN_POINT('',(79.388607624535,-26.91718069067,
    -61.65646100353));
#913 = CARTESIAN_POINT('',(80.1116863723,-26.91718069065,-60.7050168632)
  );
#914 = CARTESIAN_POINT('',(80.823684661832,-26.91718069066,
    -59.74407366318));
#915 = CARTESIAN_POINT('',(82.223639210556,-26.91718069066,
    -57.80361382005));
#916 = CARTESIAN_POINT('',(82.910227868888,-26.91718069066,
    -56.82433871337));
#917 = CARTESIAN_POINT('',(83.582542987789,-26.91718069066,
    -55.83645032215));
#918 = CARTESIAN_POINT('',(84.249441252169,-26.91718069066,
    -54.83785791198));
#919 = CARTESIAN_POINT('',(84.878924665939,-26.91718069066,
    -53.83685569957));
#920 = CARTESIAN_POINT('',(85.540519679267,-26.91718069066,
    -52.81620813687));
#921 = CARTESIAN_POINT('',(86.143334380761,-26.91718069066,
    -51.79834643964));
#922 = CARTESIAN_POINT('',(86.757210160991,-26.91718069066,
    -50.76668877368));
#923 = CARTESIAN_POINT('',(87.349914489531,-26.91718069066,
    -49.72900365415));
#924 = CARTESIAN_POINT('',(87.930393278561,-26.91718069066,
    -48.6833470307));
#925 = CARTESIAN_POINT('',(89.065090188705,-26.91718069066,
    -46.57675735364));
#926 = CARTESIAN_POINT('',(89.617983935136,-26.91718069066,
    -45.51624227803));
#927 = CARTESIAN_POINT('',(90.155601996469,-26.91718069065,
    -44.44905067582));
#928 = CARTESIAN_POINT('',(90.686452375287,-26.91718069067,
    -43.3719536765));
#929 = CARTESIAN_POINT('',(91.179893496906,-26.91718069064,
    -42.29735109062));
#930 = CARTESIAN_POINT('',(91.702607179954,-26.91718069068,
    -41.1990798522));
#931 = CARTESIAN_POINT('',(92.167407140673,-26.91718069064,
    -40.11124298233));
#932 = CARTESIAN_POINT('',(92.641372771169,-26.91718069067,
    -39.00828442665));
#933 = CARTESIAN_POINT('',(93.093561350597,-26.91718069065,
    -37.90211340563));
#934 = CARTESIAN_POINT('',(93.532588491801,-26.91718069066,
    -36.78963483082));
#935 = CARTESIAN_POINT('',(94.382612799866,-26.91718069066,
    -34.55295964574));
#936 = CARTESIAN_POINT('',(94.792351469592,-26.91718069066,
    -33.42935030775));
#937 = CARTESIAN_POINT('',(95.186073699586,-26.91718069065,
    -32.30111542604));
#938 = CARTESIAN_POINT('',(95.571793015605,-26.91718069067,
    -31.16394337026));
#939 = CARTESIAN_POINT('',(95.920749365388,-26.91718069064,
    -30.03412690594));
#940 = CARTESIAN_POINT('',(96.295637237307,-26.91718069067,
    -28.87702412145));
#941 = CARTESIAN_POINT('',(96.614470055464,-26.91718069066,
    -27.73782501448));
#942 = CARTESIAN_POINT('',(96.940415712077,-26.91718069066,
    -26.58243757489));
#943 = CARTESIAN_POINT('',(97.244351549682,-26.91718069066,
    -25.4267074986));
#944 = CARTESIAN_POINT('',(97.534415245583,-26.91718069066,
    -24.26644173884));
#945 = CARTESIAN_POINT('',(97.947521068687,-26.91718069066,
    -22.52007371271));
#946 = CARTESIAN_POINT('',(98.081265253146,-26.91718069065,
    -21.93714279004));
#947 = CARTESIAN_POINT('',(98.211079821078,-26.91718069067,
    -21.35341299578));
#948 = CARTESIAN_POINT('',(98.336992505473,-26.91718069063,
    -20.76889283686));
#949 = CARTESIAN_POINT('',(98.459030596448,-26.91718069069,
    -20.18358997669));
#950 = CARTESIAN_POINT('',(98.577220903586,-26.91718069063,
    -19.59751125973));
#951 = CARTESIAN_POINT('',(98.691589720784,-26.91718069068,
    -19.01066273702));
#952 = CARTESIAN_POINT('',(98.802162788364,-26.91718069065,
    -18.42304969071));
#953 = CARTESIAN_POINT('',(98.908965257619,-26.91718069066,
    -17.83467665942));
#954 = CARTESIAN_POINT('',(99.012021653582,-26.91718069066,-17.245547463
    ));
#955 = CARTESIAN_POINT('',(99.210690024138,-26.91718069066,
    -16.06578299238));
#956 = CARTESIAN_POINT('',(99.306022198942,-26.91718069066,
    -15.47535299532));
#957 = CARTESIAN_POINT('',(99.397381055624,-26.91718069066,
    -14.88438274875));
#958 = CARTESIAN_POINT('',(99.484794823382,-26.91718069066,
    -14.29287892471));
#959 = CARTESIAN_POINT('',(99.568291234279,-26.91718069066,
    -13.70084738241));
#960 = CARTESIAN_POINT('',(99.647897486989,-26.91718069066,
    -13.10829319548));
#961 = CARTESIAN_POINT('',(99.723640213934,-26.91718069066,
    -12.51522067944));
#962 = CARTESIAN_POINT('',(99.795545444299,-26.91718069066,
    -11.92163341893));
#963 = CARTESIAN_POINT('',(99.863638571183,-26.91718069066,
    -11.32753429515));
#964 = CARTESIAN_POINT('',(99.927944315309,-26.91718069066,
    -10.73292551314));
#965 = CARTESIAN_POINT('',(100.10957144269,-26.91718069066,
    -8.947574861114));
#966 = CARTESIAN_POINT('',(100.21453716645,-26.91718069064,
    -7.756203295617));
#967 = CARTESIAN_POINT('',(100.30283895538,-26.91718069069,
    -6.564505108376));
#968 = CARTESIAN_POINT('',(100.38105686416,-26.9171806906,
    -5.366285151629));
#969 = CARTESIAN_POINT('',(100.42579294631,-26.91718069073,
    -4.184563996339));
#970 = CARTESIAN_POINT('',(100.48828295023,-26.91718069059,
    -2.969998200498));
#971 = CARTESIAN_POINT('',(100.50149882091,-26.91718069071,
    -1.787008545313));
#972 = CARTESIAN_POINT('',(100.51727304653,-26.91718069063,
    -0.586656217595));
#973 = CARTESIAN_POINT('',(100.51174363517,-26.91718069067,
    0.608373437597));
#974 = CARTESIAN_POINT('',(100.49164023555,-26.91718069066,
    1.804194512565));
#975 = CARTESIAN_POINT('',(100.42106235346,-26.91718069066,
    4.195948223797));
#976 = CARTESIAN_POINT('',(100.36962521876,-26.91718069066,
    5.390829723121));
#977 = CARTESIAN_POINT('',(100.30263996279,-26.91718069066,
    6.585170353405));
#978 = CARTESIAN_POINT('',(100.21854633989,-26.91718069066,
    7.776673059794));
#979 = CARTESIAN_POINT('',(100.12046029374,-26.91718069065,
    8.969011204057));
#980 = CARTESIAN_POINT('',(100.00827984987,-26.91718069067,
    10.161886394689));
#981 = CARTESIAN_POINT('',(99.879019163306,-26.91718069065,
    11.351324815972));
#982 = CARTESIAN_POINT('',(99.732672246788,-26.91718069066,
    12.536987643145));
#983 = CARTESIAN_POINT('',(99.572409019684,-26.91718069066,
    13.722535632086));
#984 = CARTESIAN_POINT('',(99.396565779706,-26.91718069066,
    14.905744015059));
#985 = CARTESIAN_POINT('',(99.014854265526,-26.91718069066,
    17.268478822774));
#986 = CARTESIAN_POINT('',(98.807893191984,-26.91718069066,
    18.446443629096));
#987 = CARTESIAN_POINT('',(98.585150248074,-26.91718069065,
    19.621145111467));
#988 = CARTESIAN_POINT('',(98.346694680834,-26.91718069067,
    20.792312543008));
#989 = CARTESIAN_POINT('',(98.092715866134,-26.91718069064,
    21.959902112436));
#990 = CARTESIAN_POINT('',(97.823588255756,-26.91718069067,
    23.124217016875));
#991 = CARTESIAN_POINT('',(97.539752044741,-26.91718069065,
    24.285717056545));
#992 = CARTESIAN_POINT('',(97.241534663798,-26.91718069066,
    25.444724060352));
#993 = CARTESIAN_POINT('',(96.929038199191,-26.91718069066,
    26.601229467259));
#994 = CARTESIAN_POINT('',(96.602217842679,-26.91718069066,
    27.755010391937));
#995 = CARTESIAN_POINT('',(96.261276475825,-26.91718069066,
    28.906260500598));
#996 = DEFINITIONAL_REPRESENTATION('',(#997),#1001);
#997 = LINE('',#998,#999);
#998 = CARTESIAN_POINT('',(0.,0.));
#999 = VECTOR('',#1000,1.);
#1000 = DIRECTION('',(0.,1.));
#1001 = ( GEOMETRIC_REPRESENTATION_CONTEXT(2) 
PARAMETRIC_REPRESENTATION_CONTEXT() REPRESENTATION_CONTEXT('2D SPACE',''
  ) );
#1002 = PCURVE('',#1003,#1008);
#1003 = PLANE('',#1004);
#1004 = AXIS2_PLACEMENT_3D('',#1005,#1006,#1007);
#1005 = CARTESIAN_POINT('',(9.475748125638E-05,-22.25843787881,
    -43.15202994747));
#1006 = DIRECTION('',(4.532299601011E-17,1.,2.043552698914E-16));
#1007 = DIRECTION('',(0.999999999996,-4.53235804565E-17,
    2.859953516789E-06));
#1008 = DEFINITIONAL_REPRESENTATION('',(#1009),#1332);
#1009 = B_SPLINE_CURVE_WITH_KNOTS('',11,(#1010,#1011,#1012,#1013,#1014,
    #1015,#1016,#1017,#1018,#1019,#1020,#1021,#1022,#1023,#1024,#1025,
    #1026,#1027,#1028,#1029,#1030,#1031,#1032,#1033,#1034,#1035,#1036,
    #1037,#1038,#1039,#1040,#1041,#1042,#1043,#1044,#1045,#1046,#1047,
    #1048,#1049,#1050,#1051,#1052,#1053,#1054,#1055,#1056,#1057,#1058,
    #1059,#1060,#1061,#1062,#1063,#1064,#1065,#1066,#1067,#1068,#1069,
    #1070,#1071,#1072,#1073,#1074,#1075,#1076,#1077,#1078,#1079,#1080,
    #1081,#1082,#1083,#1084,#1085,#1086,#1087,#1088,#1089,#1090,#1091,
    #1092,#1093,#1094,#1095,#1096,#1097,#1098,#1099,#1100,#1101,#1102,
    #1103,#1104,#1105,#1106,#1107,#1108,#1109,#1110,#1111,#1112,#1113,
    #1114,#1115,#1116,#1117,#1118,#1119,#1120,#1121,#1122,#1123,#1124,
    #1125,#1126,#1127,#1128,#1129,#1130,#1131,#1132,#1133,#1134,#1135,
    #1136,#1137,#1138,#1139,#1140,#1141,#1142,#1143,#1144,#1145,#1146,
    #1147,#1148,#1149,#1150,#1151,#1152,#1153,#1154,#1155,#1156,#1157,
    #1158,#1159,#1160,#1161,#1162,#1163,#1164,#1165,#1166,#1167,#1168,
    #1169,#1170,#1171,#1172,#1173,#1174,#1175,#1176,#1177,#1178,#1179,
    #1180,#1181,#1182,#1183,#1184,#1185,#1186,#1187,#1188,#1189,#1190,
    #1191,#1192,#1193,#1194,#1195,#1196,#1197,#1198,#1199,#1200,#1201,
    #1202,#1203,#1204,#1205,#1206,#1207,#1208,#1209,#1210,#1211,#1212,
    #1213,#1214,#1215,#1216,#1217,#1218,#1219,#1220,#1221,#1222,#1223,
    #1224,#1225,#1226,#1227,#1228,#1229,#1230,#1231,#1232,#1233,#1234,
    #1235,#1236,#1237,#1238,#1239,#1240,#1241,#1242,#1243,#1244,#1245,
    #1246,#1247,#1248,#1249,#1250,#1251,#1252,#1253,#1254,#1255,#1256,
    #1257,#1258,#1259,#1260,#1261,#1262,#1263,#1264,#1265,#1266,#1267,
    #1268,#1269,#1270,#1271,#1272,#1273,#1274,#1275,#1276,#1277,#1278,
    #1279,#1280,#1281,#1282,#1283,#1284,#1285,#1286,#1287,#1288,#1289,
    #1290,#1291,#1292,#1293,#1294,#1295,#1296,#1297,#1298,#1299,#1300,
    #1301,#1302,#1303,#1304,#1305,#1306,#1307,#1308,#1309,#1310,#1311,
    #1312,#1313,#1314,#1315,#1316,#1317,#1318,#1319,#1320,#1321,#1322,
    #1323,#1324,#1325,#1326,#1327,#1328,#1329,#1330,#1331),
  .UNSPECIFIED.,.F.,.F.,(12,10,10,10,10,10,10,10,10,10,10,10,10,10,10,10
    ,10,10,10,10,10,10,10,10,10,10,10,10,10,10,10,10,12),(0.,
    6.216625736137,18.649877208412,31.083128680687,43.516380152962,
    55.949631625237,68.382883097512,74.59950883365,87.032760305925,
    99.466011778199,105.68263751433,118.11588898661,130.54914045888,
    136.76576619502,149.19901766729,161.63226913957,174.06552061184,
    180.28214634798,192.71539782026,205.14864929253,217.58190076481,
    230.01515223708,242.44840370936,248.66502944549,261.09828091777,
    273.53153239004,285.96478386232,298.39803533459,304.61466107073,
    310.83128680687,323.26453827914,335.69778975142,348.13104122369),
  .UNSPECIFIED.);
#1010 = CARTESIAN_POINT('',(-81.00779865792,-61.75840481938));
#1011 = CARTESIAN_POINT('',(-81.12117186764,-61.27501152756));
#1012 = CARTESIAN_POINT('',(-81.2309241956,-60.79110133466));
#1013 = CARTESIAN_POINT('',(-81.33708584593,-60.30668890017));
#1014 = CARTESIAN_POINT('',(-81.43968696337,-59.82178796916));
#1015 = CARTESIAN_POINT('',(-81.53875759527,-59.3364113869));
#1016 = CARTESIAN_POINT('',(-81.63432765228,-58.85057111326));
#1017 = CARTESIAN_POINT('',(-81.72642687122,-58.36427823755));
#1018 = CARTESIAN_POINT('',(-81.81508477512,-57.87754299268));
#1019 = CARTESIAN_POINT('',(-81.90033063614,-57.39037477009));
#1020 = CARTESIAN_POINT('',(-81.98219343619,-56.90278213402));
#1021 = CARTESIAN_POINT('',(-82.21771861451,-55.43875424068));
#1022 = CARTESIAN_POINT('',(-82.36174275958,-54.46081534465));
#1023 = CARTESIAN_POINT('',(-82.49187290433,-53.48179880832));
#1024 = CARTESIAN_POINT('',(-82.61746208331,-52.49529054671));
#1025 = CARTESIAN_POINT('',(-82.70477857828,-51.5251155595));
#1026 = CARTESIAN_POINT('',(-82.82728391457,-50.52027889623));
#1027 = CARTESIAN_POINT('',(-82.88877444189,-49.54726616991));
#1028 = CARTESIAN_POINT('',(-82.9633706595,-48.5556776449));
#1029 = CARTESIAN_POINT('',(-83.01684692652,-47.56887191211));
#1030 = CARTESIAN_POINT('',(-83.05873969769,-46.58058040116));
#1031 = CARTESIAN_POINT('',(-83.11746250437,-44.60256707887));
#1032 = CARTESIAN_POINT('',(-83.1333995944,-43.61355122735));
#1033 = CARTESIAN_POINT('',(-83.13539033327,-42.62525307738));
#1034 = CARTESIAN_POINT('',(-83.12980711493,-41.63201414205));
#1035 = CARTESIAN_POINT('',(-83.09402489717,-40.65480041484));
#1036 = CARTESIAN_POINT('',(-83.07759477932,-39.64863491633));
#1037 = CARTESIAN_POINT('',(-83.01573694736,-38.67220312443));
#1038 = CARTESIAN_POINT('',(-82.95853729985,-37.6809043429));
#1039 = CARTESIAN_POINT('',(-82.88295568001,-36.69539261012));
#1040 = CARTESIAN_POINT('',(-82.7954992908,-35.71008459198));
#1041 = CARTESIAN_POINT('',(-82.59567564264,-33.74118860267));
#1042 = CARTESIAN_POINT('',(-82.48243395241,-32.75850076232));
#1043 = CARTESIAN_POINT('',(-82.35545607808,-31.7783435467));
#1044 = CARTESIAN_POINT('',(-82.22019471125,-30.79442869327));
#1045 = CARTESIAN_POINT('',(-82.05743005056,-29.82992995789));
#1046 = CARTESIAN_POINT('',(-81.90939308678,-28.83500495879));
#1047 = CARTESIAN_POINT('',(-81.72087407193,-27.8747007796));
#1048 = CARTESIAN_POINT('',(-81.53466603758,-26.89947320089));
#1049 = CARTESIAN_POINT('',(-81.33110878996,-25.93224423827));
#1050 = CARTESIAN_POINT('',(-81.11579261352,-24.96678067842));
#1051 = CARTESIAN_POINT('',(-80.66069438803,-23.04080004529));
#1052 = CARTESIAN_POINT('',(-80.42015799046,-22.08129610391));
#1053 = CARTESIAN_POINT('',(-80.16633300259,-21.12609403379));
#1054 = CARTESIAN_POINT('',(-79.90379737824,-20.16825935976));
#1055 = CARTESIAN_POINT('',(-79.61654809975,-19.23323297576));
#1056 = CARTESIAN_POINT('',(-79.33988954553,-18.26617984898));
#1057 = CARTESIAN_POINT('',(-79.02765368863,-17.3386747995));
#1058 = CARTESIAN_POINT('',(-78.71573966904,-16.39610502148));
#1059 = CARTESIAN_POINT('',(-78.38767593713,-15.46371931155));
#1060 = CARTESIAN_POINT('',(-78.04818357344,-14.53461979604));
#1061 = CARTESIAN_POINT('',(-77.34558833576,-12.68451759979));
#1062 = CARTESIAN_POINT('',(-76.98186953205,-11.7646183383));
#1063 = CARTESIAN_POINT('',(-76.60553731271,-10.85071865614));
#1064 = CARTESIAN_POINT('',(-76.22022494791,-9.935346715487));
#1065 = CARTESIAN_POINT('',(-75.81338850778,-9.045811401892));
#1066 = CARTESIAN_POINT('',(-75.4128697328,-8.123145487943));
#1067 = CARTESIAN_POINT('',(-74.98224221894,-7.244328630701));
#1068 = CARTESIAN_POINT('',(-74.54996628283,-6.350536321401));
#1069 = CARTESIAN_POINT('',(-74.10300846808,-5.468948129692));
#1070 = CARTESIAN_POINT('',(-73.64514868897,-4.592109832203));
#1071 = CARTESIAN_POINT('',(-72.94159528292,-3.285184361184));
#1072 = CARTESIAN_POINT('',(-72.70416686237,-2.851224802468));
#1073 = CARTESIAN_POINT('',(-72.46385472021,-2.41893620334));
#1074 = CARTESIAN_POINT('',(-72.22068499084,-1.988306833933));
#1075 = CARTESIAN_POINT('',(-71.97468303181,-1.559324578082));
#1076 = CARTESIAN_POINT('',(-71.72587341123,-1.131976970781));
#1077 = CARTESIAN_POINT('',(-71.47427989286,-0.706251236598));
#1078 = CARTESIAN_POINT('',(-71.21992542369,-0.282134327132));
#1079 = CARTESIAN_POINT('',(-70.96283211934,0.140387040774));
#1080 = CARTESIAN_POINT('',(-70.70302125102,0.561326347293));
#1081 = CARTESIAN_POINT('',(-69.91549719275,1.819439000349));
#1082 = CARTESIAN_POINT('',(-69.3793037084,2.650704661633));
#1083 = CARTESIAN_POINT('',(-68.83190963005,3.473625267847));
#1084 = CARTESIAN_POINT('',(-68.2754207173,4.296237837252));
#1085 = CARTESIAN_POINT('',(-67.70286182715,5.089311264047));
#1086 = CARTESIAN_POINT('',(-67.13003566368,5.916110859582));
#1087 = CARTESIAN_POINT('',(-66.53623390761,6.694030370084));
#1088 = CARTESIAN_POINT('',(-65.93789378881,7.486315804081));
#1089 = CARTESIAN_POINT('',(-65.3275348208,8.263767388302));
#1090 = CARTESIAN_POINT('',(-64.70741002331,9.034433472273));
#1091 = CARTESIAN_POINT('',(-63.44740557673,10.560509215577));
#1092 = CARTESIAN_POINT('',(-62.80729736042,11.31467598972));
#1093 = CARTESIAN_POINT('',(-62.15717362098,12.059107130921));
#1094 = CARTESIAN_POINT('',(-61.49807306181,12.802045757796));
#1095 = CARTESIAN_POINT('',(-60.82689563747,13.513600397373));
#1096 = CARTESIAN_POINT('',(-60.15105107879,14.258557793436));
#1097 = CARTESIAN_POINT('',(-59.46079050718,14.952315410232));
#1098 = CARTESIAN_POINT('',(-58.76415527033,15.659723676153));
#1099 = CARTESIAN_POINT('',(-58.05754021295,16.350856222147));
#1100 = CARTESIAN_POINT('',(-57.34212855965,17.03398662243));
#1101 = CARTESIAN_POINT('',(-56.25581521738,18.045403900759));
#1102 = CARTESIAN_POINT('',(-55.89149536389,18.380014418316));
#1103 = CARTESIAN_POINT('',(-55.52498193992,18.712115711894));
#1104 = CARTESIAN_POINT('',(-55.15629592227,19.0417272892));
#1105 = CARTESIAN_POINT('',(-54.78545742856,19.368868774834));
#1106 = CARTESIAN_POINT('',(-54.41248571579,19.693559868746));
#1107 = CARTESIAN_POINT('',(-54.03739918061,20.015820307731));
#1108 = CARTESIAN_POINT('',(-53.66021535749,20.335669823174));
#1109 = CARTESIAN_POINT('',(-53.28095091896,20.653128102527));
#1110 = CARTESIAN_POINT('',(-52.89962167415,20.968214747791));
#1111 = CARTESIAN_POINT('',(-51.74948435718,21.906418212176));
#1112 = CARTESIAN_POINT('',(-50.97454500193,22.521214965143));
#1113 = CARTESIAN_POINT('',(-50.19168189682,23.124509221032));
#1114 = CARTESIAN_POINT('',(-49.40030563409,23.724588350184));
#1115 = CARTESIAN_POINT('',(-48.60320727204,24.291530446945));
#1116 = CARTESIAN_POINT('',(-47.79501489871,24.890322963139));
#1117 = CARTESIAN_POINT('',(-46.98267209358,25.436087064536));
#1118 = CARTESIAN_POINT('',(-46.16141400108,25.993995886367));
#1119 = CARTESIAN_POINT('',(-45.33354308293,26.533994755184));
#1120 = CARTESIAN_POINT('',(-44.49860573418,27.064429106567));
#1121 = CARTESIAN_POINT('',(-42.81492858948,28.104501052126));
#1122 = CARTESIAN_POINT('',(-41.9663718687,28.612888250415));
#1123 = CARTESIAN_POINT('',(-41.11146056395,29.108837100141));
#1124 = CARTESIAN_POINT('',(-40.24852859112,29.600487139025));
#1125 = CARTESIAN_POINT('',(-39.38424872292,30.05853675346));
#1126 = CARTESIAN_POINT('',(-38.50481244035,30.546716243666));
#1127 = CARTESIAN_POINT('',(-37.6281828305,30.981779244338));
#1128 = CARTESIAN_POINT('',(-36.74112900072,31.427719387242));
#1129 = CARTESIAN_POINT('',(-35.84985663689,31.855039652269));
#1130 = CARTESIAN_POINT('',(-34.95282671679,32.271954871373));
#1131 = CARTESIAN_POINT('',(-33.59905445378,32.880512385817));
#1132 = CARTESIAN_POINT('',(-33.14651198189,33.080258387651));
#1133 = CARTESIAN_POINT('',(-32.69269891562,33.27692322949));
#1134 = CARTESIAN_POINT('',(-32.23762884805,33.470532126835));
#1135 = CARTESIAN_POINT('',(-31.78131452092,33.66111012884));
#1136 = CARTESIAN_POINT('',(-31.32376783707,33.848682080761));
#1137 = CARTESIAN_POINT('',(-30.86499987251,34.033272584462));
#1138 = CARTESIAN_POINT('',(-30.40502088884,34.214905961249));
#1139 = CARTESIAN_POINT('',(-29.94384034537,34.393606212433));
#1140 = CARTESIAN_POINT('',(-29.48146691143,34.569396981698));
#1141 = CARTESIAN_POINT('',(-28.09079161299,35.088110585526));
#1142 = CARTESIAN_POINT('',(-27.15935824944,35.421184062437));
#1143 = CARTESIAN_POINT('',(-26.22411900489,35.740818472367));
#1144 = CARTESIAN_POINT('',(-25.28185186355,36.054671917112));
#1145 = CARTESIAN_POINT('',(-24.34481784388,36.335307598905));
#1146 = CARTESIAN_POINT('',(-23.38704058896,36.642537349473));
#1147 = CARTESIAN_POINT('',(-22.44237859034,36.898218783757));
#1148 = CARTESIAN_POINT('',(-21.48537064509,37.162534694526));
#1149 = CARTESIAN_POINT('',(-20.5278577817,37.407765508038));
#1150 = CARTESIAN_POINT('',(-19.56672791564,37.641667962131));
#1151 = CARTESIAN_POINT('',(-17.63808312893,38.085343143098));
#1152 = CARTESIAN_POINT('',(-16.67114349424,38.293990679966));
#1153 = CARTESIAN_POINT('',(-15.70218468867,38.488817355877));
#1154 = CARTESIAN_POINT('',(-14.72701267826,38.676995198738));
#1155 = CARTESIAN_POINT('',(-13.76136480762,38.832922521003));
#1156 = CARTESIAN_POINT('',(-12.77167994036,39.012508860168));
#1157 = CARTESIAN_POINT('',(-11.80172653209,39.142699770902));
#1158 = CARTESIAN_POINT('',(-10.81840577308,39.279839819284));
#1159 = CARTESIAN_POINT('',(-9.837075520691,39.397992141181));
#1160 = CARTESIAN_POINT('',(-8.853637857183,39.504440905695));
#1161 = CARTESIAN_POINT('',(-6.883581662031,39.692581723827));
#1162 = CARTESIAN_POINT('',(-5.897680361459,39.773233303491));
#1163 = CARTESIAN_POINT('',(-4.911581148636,39.839918706805));
#1164 = CARTESIAN_POINT('',(-3.920189732678,39.899201172986));
#1165 = CARTESIAN_POINT('',(-2.942450513786,39.927752175635));
#1166 = CARTESIAN_POINT('',(-1.937791816748,39.976622331733));
#1167 = CARTESIAN_POINT('',(-0.9591431705,39.979095116028));
#1168 = CARTESIAN_POINT('',(3.366551140772E-02,39.986712797961));
#1169 = CARTESIAN_POINT('',(1.022022320142,39.975765009173));
#1170 = CARTESIAN_POINT('',(2.010940890006,39.95293871626));
#1171 = CARTESIAN_POINT('',(3.494260436926,39.899979201558));
#1172 = CARTESIAN_POINT('',(3.988478841879,39.878971528689));
#1173 = CARTESIAN_POINT('',(4.482474046074,39.854638477811));
#1174 = CARTESIAN_POINT('',(4.976245010784,39.827008676336));
#1175 = CARTESIAN_POINT('',(5.469791387264,39.79611022521));
#1176 = CARTESIAN_POINT('',(5.96311348891,39.761970672656));
#1177 = CARTESIAN_POINT('',(6.456212263131,39.724616981435));
#1178 = CARTESIAN_POINT('',(6.94908926357,39.684075503931));
#1179 = CARTESIAN_POINT('',(7.441746621981,39.640371949539));
#1180 = CARTESIAN_POINT('',(7.93418702038,39.593531358233));
#1181 = CARTESIAN_POINT('',(9.410866948305,39.443671493904));
#1182 = CARTESIAN_POINT('',(10.39355877448,39.330433573863));
#1183 = CARTESIAN_POINT('',(11.373720044253,39.203459222934));
#1184 = CARTESIAN_POINT('',(12.357627587534,39.068191722443));
#1185 = CARTESIAN_POINT('',(13.322149845837,38.905446666719));
#1186 = CARTESIAN_POINT('',(14.317038402165,38.757378607518));
#1187 = CARTESIAN_POINT('',(15.277365005415,38.568878998621));
#1188 = CARTESIAN_POINT('',(16.252583282883,38.382662943343));
#1189 = CARTESIAN_POINT('',(17.219813285048,38.179106665232));
#1190 = CARTESIAN_POINT('',(18.185276873048,37.963790530869));
#1191 = CARTESIAN_POINT('',(20.111258325019,37.508692930164));
#1192 = CARTESIAN_POINT('',(21.070762571879,37.268156754034));
#1193 = CARTESIAN_POINT('',(22.025964947568,37.014331967939));
#1194 = CARTESIAN_POINT('',(22.983799073672,36.751795994645));
#1195 = CARTESIAN_POINT('',(23.918827217884,36.464547827567));
#1196 = CARTESIAN_POINT('',(24.885877604784,36.187887496425));
#1197 = CARTESIAN_POINT('',(25.813384344594,35.875652752794));
#1198 = CARTESIAN_POINT('',(26.755953421904,35.563738273484));
#1199 = CARTESIAN_POINT('',(27.688339211425,35.2356745983));
#1200 = CARTESIAN_POINT('',(28.617438729449,34.896182237463));
#1201 = CARTESIAN_POINT('',(30.467540986203,34.193587034614));
#1202 = CARTESIAN_POINT('',(31.387440270036,33.829868243002));
#1203 = CARTESIAN_POINT('',(32.301339974229,33.453536034413));
#1204 = CARTESIAN_POINT('',(33.216711875559,33.068223651147));
#1205 = CARTESIAN_POINT('',(34.106247315096,32.661387269216));
#1206 = CARTESIAN_POINT('',(35.028913032105,32.260868400258));
#1207 = CARTESIAN_POINT('',(35.907730011192,31.830240945672));
#1208 = CARTESIAN_POINT('',(36.801522269986,31.397964985052));
#1209 = CARTESIAN_POINT('',(37.683110467548,30.951007173471));
#1210 = CARTESIAN_POINT('',(38.559948765237,30.493147394512));
#1211 = CARTESIAN_POINT('',(40.302516064208,29.555076188231));
#1212 = CARTESIAN_POINT('',(41.167070653266,29.074398110601));
#1213 = CARTESIAN_POINT('',(42.024030608509,28.581997627616));
#1214 = CARTESIAN_POINT('',(42.881278018321,28.080501636775));
#1215 = CARTESIAN_POINT('',(43.710100554773,27.561038122238));
#1216 = CARTESIAN_POINT('',(44.572594536131,27.043513705552));
#1217 = CARTESIAN_POINT('',(45.387684951926,26.501861694102));
#1218 = CARTESIAN_POINT('',(46.217407359111,25.956620614409));
#1219 = CARTESIAN_POINT('',(47.033113746107,25.398416238166));
#1220 = CARTESIAN_POINT('',(47.842687877119,24.830023148952));
#1221 = CARTESIAN_POINT('',(49.447904408688,23.672526597647));
#1222 = CARTESIAN_POINT('',(50.242321534236,23.083113769142));
#1223 = CARTESIAN_POINT('',(51.027678918166,22.483070120685));
#1224 = CARTESIAN_POINT('',(51.812134095453,21.8739712574));
#1225 = CARTESIAN_POINT('',(52.566062345677,21.250768775509));
#1226 = CARTESIAN_POINT('',(53.353627079933,20.625093796756));
#1227 = CARTESIAN_POINT('',(54.091044509705,19.981685045076));
#1228 = CARTESIAN_POINT('',(54.842500284668,19.332808071974));
#1229 = CARTESIAN_POINT('',(55.578367898754,18.672908162904));
#1230 = CARTESIAN_POINT('',(56.306825825218,18.003707126712));
#1231 = CARTESIAN_POINT('',(57.387125873423,16.985869519665));
#1232 = CARTESIAN_POINT('',(57.744847622626,16.644214277851));
#1233 = CARTESIAN_POINT('',(58.100208986702,16.300206051118));
#1234 = CARTESIAN_POINT('',(58.453228059522,15.953867047049));
#1235 = CARTESIAN_POINT('',(58.803923108124,15.605218623983));
#1236 = CARTESIAN_POINT('',(59.152312530536,15.254281285733));
#1237 = CARTESIAN_POINT('',(59.498414818375,14.901074680857));
#1238 = CARTESIAN_POINT('',(59.842248513746,14.545617596387));
#1239 = CARTESIAN_POINT('',(60.183832171656,14.187927957028));
#1240 = CARTESIAN_POINT('',(60.523184318101,13.828022819977));
#1241 = CARTESIAN_POINT('',(61.534601596427,12.741709477714));
#1242 = CARTESIAN_POINT('',(62.198765481165,12.008638958607));
#1243 = CARTESIAN_POINT('',(62.851969734543,11.266909355634));
#1244 = CARTESIAN_POINT('',(63.502522532207,10.516474543143));
#1245 = CARTESIAN_POINT('',(64.120383489664,9.758162616981));
#1246 = CARTESIAN_POINT('',(64.770752255191,8.990863549992));
#1247 = CARTESIAN_POINT('',(65.368477595325,8.215954713144));
#1248 = CARTESIAN_POINT('',(65.978904740663,7.432943980068));
#1249 = CARTESIAN_POINT('',(66.571892779122,6.642163212892));
#1250 = CARTESIAN_POINT('',(67.155798945185,5.843705595524));
#1251 = CARTESIAN_POINT('',(68.303761770825,4.231657292699));
#1252 = CARTESIAN_POINT('',(68.866558737957,3.418167510603));
#1253 = CARTESIAN_POINT('',(69.417359597816,2.597523243311));
#1254 = CARTESIAN_POINT('',(69.964395426578,1.768594325174));
#1255 = CARTESIAN_POINT('',(70.477990931845,0.936122824393));
#1256 = CARTESIAN_POINT('',(71.022643073467,9.049794912649E-02));
#1257 = CARTESIAN_POINT('',(71.514108892879,-0.755800248017));
#1258 = CARTESIAN_POINT('',(72.017110339194,-1.611788946617));
#1259 = CARTESIAN_POINT('',(72.501807680761,-2.473204945426));
#1260 = CARTESIAN_POINT('',(72.976498816566,-3.341046695745));
#1261 = CARTESIAN_POINT('',(73.904226135513,-5.089142918535));
#1262 = CARTESIAN_POINT('',(74.356026572955,-5.969132927896));
#1263 = CARTESIAN_POINT('',(74.794999685199,-6.854650409129));
#1264 = CARTESIAN_POINT('',(75.229158598458,-7.747890225439));
#1265 = CARTESIAN_POINT('',(75.629700918915,-8.640277491866));
#1266 = CARTESIAN_POINT('',(76.059317240757,-9.549759284916));
#1267 = CARTESIAN_POINT('',(76.436114452926,-10.45296645457));
#1268 = CARTESIAN_POINT('',(76.823083696755,-11.36728691188));
#1269 = CARTESIAN_POINT('',(77.191197040781,-12.28459907748));
#1270 = CARTESIAN_POINT('',(77.548551054755,-13.20697594968));
#1271 = CARTESIAN_POINT('',(78.240169209846,-15.06120968689));
#1272 = CARTESIAN_POINT('',(78.573242687351,-15.99264305081));
#1273 = CARTESIAN_POINT('',(78.892877119851,-16.92788230608));
#1274 = CARTESIAN_POINT('',(79.206730366077,-17.87014936071));
#1275 = CARTESIAN_POINT('',(79.487366527233,-18.80718359089));
#1276 = CARTESIAN_POINT('',(79.79459550162,-19.76496051083));
#1277 = CARTESIAN_POINT('',(80.050277435068,-20.70962271969));
#1278 = CARTESIAN_POINT('',(80.314593191043,-21.66663059973));
#1279 = CARTESIAN_POINT('',(80.559824091873,-22.62414350207));
#1280 = CARTESIAN_POINT('',(80.793726633412,-23.58527341105));
#1281 = CARTESIAN_POINT('',(81.126483194929,-25.03175709174));
#1282 = CARTESIAN_POINT('',(81.2341045077,-25.51457261543));
#1283 = CARTESIAN_POINT('',(81.33845595592,-25.99803320074));
#1284 = CARTESIAN_POINT('',(81.439564921961,-26.48213043461));
#1285 = CARTESIAN_POINT('',(81.537458460329,-26.96685670631));
#1286 = CARTESIAN_POINT('',(81.632163259897,-27.45220518831));
#1287 = CARTESIAN_POINT('',(81.72370561193,-27.93816981637));
#1288 = CARTESIAN_POINT('',(81.812111371393,-28.42474527043));
#1289 = CARTESIAN_POINT('',(81.897405924645,-28.91192695478));
#1290 = CARTESIAN_POINT('',(81.979614152146,-29.39971097879));
#1291 = CARTESIAN_POINT('',(82.137906636536,-30.37647729572));
#1292 = CARTESIAN_POINT('',(82.21371973441,-30.86529775487));
#1293 = CARTESIAN_POINT('',(82.2862279089,-31.35454811209));
#1294 = CARTESIAN_POINT('',(82.355459033849,-31.84422176582));
#1295 = CARTESIAN_POINT('',(82.421440602773,-32.3343128937));
#1296 = CARTESIAN_POINT('',(82.484199693788,-32.82481643093));
#1297 = CARTESIAN_POINT('',(82.543762937392,-33.31572804834));
#1298 = CARTESIAN_POINT('',(82.6001564806,-33.80704413078));
#1299 = CARTESIAN_POINT('',(82.65340595493,-34.29876175523));
#1300 = CARTESIAN_POINT('',(82.703536441034,-34.7908786691));
#1301 = CARTESIAN_POINT('',(82.844644425104,-36.26842246709));
#1302 = CARTESIAN_POINT('',(82.92529607154,-37.25432386459));
#1303 = CARTESIAN_POINT('',(82.991985478313,-38.24042651652));
#1304 = CARTESIAN_POINT('',(83.051231597651,-39.23178888419));
#1305 = CARTESIAN_POINT('',(83.079870271973,-40.20959845134));
#1306 = CARTESIAN_POINT('',(83.128597756591,-41.21414419902));
#1307 = CARTESIAN_POINT('',(83.131163136269,-42.19286470463));
#1308 = CARTESIAN_POINT('',(83.138752221492,-43.1856511489));
#1309 = CARTESIAN_POINT('',(83.127820408961,-44.17402090209));
#1310 = CARTESIAN_POINT('',(83.105009622118,-45.16295305296));
#1311 = CARTESIAN_POINT('',(83.034437690522,-47.14074972326));
#1312 = CARTESIAN_POINT('',(82.985713890938,-48.12874503594));
#1313 = CARTESIAN_POINT('',(82.924154913134,-49.11621626777));
#1314 = CARTESIAN_POINT('',(82.848167954348,-50.10123731622));
#1315 = CARTESIAN_POINT('',(82.760912751963,-51.08688559528));
#1316 = CARTESIAN_POINT('',(82.662291876223,-52.07291778821));
#1317 = CARTESIAN_POINT('',(82.549277000321,-53.05601133314));
#1318 = CARTESIAN_POINT('',(82.421850896319,-54.0358812198));
#1319 = CARTESIAN_POINT('',(82.28321833932,-55.01559151267));
#1320 = CARTESIAN_POINT('',(82.131699909741,-55.99328965591));
#1321 = CARTESIAN_POINT('',(81.804041806669,-57.94550845405));
#1322 = CARTESIAN_POINT('',(81.626777574476,-58.9187086914));
#1323 = CARTESIAN_POINT('',(81.436399828638,-59.88911988482));
#1324 = CARTESIAN_POINT('',(81.232964348447,-60.85651287956));
#1325 = CARTESIAN_POINT('',(81.016655292,-61.82085372471));
#1326 = CARTESIAN_POINT('',(80.787854560618,-62.78240671758));
#1327 = CARTESIAN_POINT('',(80.547017373385,-63.741572136));
#1328 = CARTESIAN_POINT('',(80.294485167709,-64.69863478034));
#1329 = CARTESIAN_POINT('',(80.030366939402,-65.65359944511));
#1330 = CARTESIAN_POINT('',(79.754620136148,-66.60628944143));
#1331 = CARTESIAN_POINT('',(79.467462219552,-67.55688429098));
#1332 = ( GEOMETRIC_REPRESENTATION_CONTEXT(2) 
PARAMETRIC_REPRESENTATION_CONTEXT() REPRESENTATION_CONTEXT('2D SPACE',''
  ) );
#1333 = ORIENTED_EDGE('',*,*,#1334,.T.);
#1334 = EDGE_CURVE('',#22,#1335,#1337,.T.);
#1335 = VERTEX_POINT('',#1336);
#1336 = CARTESIAN_POINT('',(-97.80179643275,-26.91718069066,
    23.107310146166));
#1337 = SURFACE_CURVE('',#1338,(#1341,#1348),.PCURVE_S1.);
#1338 = B_SPLINE_CURVE_WITH_KNOTS('',1,(#1339,#1340),.UNSPECIFIED.,.F.,
  .F.,(2,2),(0.,18.),.PIECEWISE_BEZIER_KNOTS.);
#1339 = CARTESIAN_POINT('',(-81.00788052627,-22.25843787881,
    18.60614319312));
#1340 = CARTESIAN_POINT('',(-97.80179643275,-26.91718069066,
    23.107310146166));
#1341 = PCURVE('',#351,#1342);
#1342 = DEFINITIONAL_REPRESENTATION('',(#1343),#1347);
#1343 = LINE('',#1344,#1345);
#1344 = CARTESIAN_POINT('',(0.,0.));
#1345 = VECTOR('',#1346,1.);
#1346 = DIRECTION('',(1.,0.));
#1347 = ( GEOMETRIC_REPRESENTATION_CONTEXT(2) 
PARAMETRIC_REPRESENTATION_CONTEXT() REPRESENTATION_CONTEXT('2D SPACE',''
  ) );
#1348 = PCURVE('',#1349,#1354);
#1349 = PLANE('',#1350);
#1350 = AXIS2_PLACEMENT_3D('',#1351,#1352,#1353);
#1351 = CARTESIAN_POINT('',(-88.62817999109,-24.58780928473,
    23.754450188608));
#1352 = DIRECTION('',(-0.249995344717,0.965925826289,6.700466944814E-02)
  );
#1353 = DIRECTION('',(0.968101477652,0.250558434239,0.));
#1354 = DEFINITIONAL_REPRESENTATION('',(#1355),#1358);
#1355 = B_SPLINE_CURVE_WITH_KNOTS('',1,(#1356,#1357),.UNSPECIFIED.,.F.,
  .F.,(2,2),(0.,18.),.PIECEWISE_BEZIER_KNOTS.);
#1356 = CARTESIAN_POINT('',(7.960866824267,5.159903042333));
#1357 = CARTESIAN_POINT('',(-9.464635284814,0.648597660694));
#1358 = ( GEOMETRIC_REPRESENTATION_CONTEXT(2) 
PARAMETRIC_REPRESENTATION_CONTEXT() REPRESENTATION_CONTEXT('2D SPACE',''
  ) );
#1359 = ORIENTED_EDGE('',*,*,#1360,.T.);
#1360 = EDGE_CURVE('',#1335,#1361,#1363,.T.);
#1361 = VERTEX_POINT('',#1362);
#1362 = CARTESIAN_POINT('',(96.261276475825,-26.91718069066,
    28.906260500598));
#1363 = SURFACE_CURVE('',#1364,(#1687,#1694),.PCURVE_S1.);
#1364 = B_SPLINE_CURVE_WITH_KNOTS('',11,(#1365,#1366,#1367,#1368,#1369,
    #1370,#1371,#1372,#1373,#1374,#1375,#1376,#1377,#1378,#1379,#1380,
    #1381,#1382,#1383,#1384,#1385,#1386,#1387,#1388,#1389,#1390,#1391,
    #1392,#1393,#1394,#1395,#1396,#1397,#1398,#1399,#1400,#1401,#1402,
    #1403,#1404,#1405,#1406,#1407,#1408,#1409,#1410,#1411,#1412,#1413,
    #1414,#1415,#1416,#1417,#1418,#1419,#1420,#1421,#1422,#1423,#1424,
    #1425,#1426,#1427,#1428,#1429,#1430,#1431,#1432,#1433,#1434,#1435,
    #1436,#1437,#1438,#1439,#1440,#1441,#1442,#1443,#1444,#1445,#1446,
    #1447,#1448,#1449,#1450,#1451,#1452,#1453,#1454,#1455,#1456,#1457,
    #1458,#1459,#1460,#1461,#1462,#1463,#1464,#1465,#1466,#1467,#1468,
    #1469,#1470,#1471,#1472,#1473,#1474,#1475,#1476,#1477,#1478,#1479,
    #1480,#1481,#1482,#1483,#1484,#1485,#1486,#1487,#1488,#1489,#1490,
    #1491,#1492,#1493,#1494,#1495,#1496,#1497,#1498,#1499,#1500,#1501,
    #1502,#1503,#1504,#1505,#1506,#1507,#1508,#1509,#1510,#1511,#1512,
    #1513,#1514,#1515,#1516,#1517,#1518,#1519,#1520,#1521,#1522,#1523,
    #1524,#1525,#1526,#1527,#1528,#1529,#1530,#1531,#1532,#1533,#1534,
    #1535,#1536,#1537,#1538,#1539,#1540,#1541,#1542,#1543,#1544,#1545,
    #1546,#1547,#1548,#1549,#1550,#1551,#1552,#1553,#1554,#1555,#1556,
    #1557,#1558,#1559,#1560,#1561,#1562,#1563,#1564,#1565,#1566,#1567,
    #1568,#1569,#1570,#1571,#1572,#1573,#1574,#1575,#1576,#1577,#1578,
    #1579,#1580,#1581,#1582,#1583,#1584,#1585,#1586,#1587,#1588,#1589,
    #1590,#1591,#1592,#1593,#1594,#1595,#1596,#1597,#1598,#1599,#1600,
    #1601,#1602,#1603,#1604,#1605,#1606,#1607,#1608,#1609,#1610,#1611,
    #1612,#1613,#1614,#1615,#1616,#1617,#1618,#1619,#1620,#1621,#1622,
    #1623,#1624,#1625,#1626,#1627,#1628,#1629,#1630,#1631,#1632,#1633,
    #1634,#1635,#1636,#1637,#1638,#1639,#1640,#1641,#1642,#1643,#1644,
    #1645,#1646,#1647,#1648,#1649,#1650,#1651,#1652,#1653,#1654,#1655,
    #1656,#1657,#1658,#1659,#1660,#1661,#1662,#1663,#1664,#1665,#1666,
    #1667,#1668,#1669,#1670,#1671,#1672,#1673,#1674,#1675,#1676,#1677,
    #1678,#1679,#1680,#1681,#1682,#1683,#1684,#1685,#1686),
  .UNSPECIFIED.,.F.,.F.,(12,10,10,10,10,10,10,10,10,10,10,10,10,10,10,10
    ,10,10,10,10,10,10,10,10,10,10,10,10,10,10,10,10,12),(0.,
    6.216625736137,18.649877208412,31.083128680687,43.516380152962,
    55.949631625237,68.382883097512,74.59950883365,87.032760305925,
    99.466011778199,105.68263751433,118.11588898661,130.54914045888,
    136.76576619502,149.19901766729,161.63226913957,174.06552061184,
    180.28214634798,192.71539782026,205.14864929253,217.58190076481,
    230.01515223708,242.44840370936,248.66502944549,261.09828091777,
    273.53153239004,285.96478386232,298.39803533459,304.61466107073,
    310.83128680687,323.26453827914,335.69778975142,348.13104122369),
  .UNSPECIFIED.);
#1365 = CARTESIAN_POINT('',(-97.80179643275,-26.91718069066,
    23.107310146166));
#1366 = CARTESIAN_POINT('',(-97.94205855451,-26.91718069066,
    22.52358847081));
#1367 = CARTESIAN_POINT('',(-98.0780223172,-26.91718069066,
    21.939240996066));
#1368 = CARTESIAN_POINT('',(-98.20971935598,-26.91718069066,
    21.354282983777));
#1369 = CARTESIAN_POINT('',(-98.33718114568,-26.91718069066,
    20.768728701569));
#1370 = CARTESIAN_POINT('',(-98.46043896121,-26.91718069066,
    20.182591442896));
#1371 = CARTESIAN_POINT('',(-98.57952383535,-26.91718069065,
    19.595883546717));
#1372 = CARTESIAN_POINT('',(-98.69446652047,-26.91718069066,
    19.008616417783));
#1373 = CARTESIAN_POINT('',(-98.80529744558,-26.91718069066,
    18.420800546134));
#1374 = CARTESIAN_POINT('',(-98.91204667784,-26.91718069066,
    17.832445527406));
#1375 = CARTESIAN_POINT('',(-99.01474388063,-26.91718069066,
    17.243560082474));
#1376 = CARTESIAN_POINT('',(-99.31076705997,-26.91718069066,
    15.475336067645));
#1377 = CARTESIAN_POINT('',(-99.4924631377,-26.91718069066,
    14.294108074138));
#1378 = CARTESIAN_POINT('',(-99.6575846959,-26.91718069065,
    13.111502790679));
#1379 = CARTESIAN_POINT('',(-99.81566878105,-26.91718069067,
    11.919543636261));
#1380 = CARTESIAN_POINT('',(-99.93227871903,-26.91718069064,
    10.747836777781));
#1381 = CARTESIAN_POINT('',(-100.082436802,-26.91718069068,
    9.532949764101));
#1382 = CARTESIAN_POINT('',(-100.1677948314,-26.91718069064,
    8.357653252342));
#1383 = CARTESIAN_POINT('',(-100.2641830194,-26.91718069067,
    7.15912758033));
#1384 = CARTESIAN_POINT('',(-100.33655868,-26.91718069065,5.966499434615
    ));
#1385 = CARTESIAN_POINT('',(-100.3946832901,-26.91718069066,
    4.77194273895));
#1386 = CARTESIAN_POINT('',(-100.4804714066,-26.91718069066,
    2.380895388119));
#1387 = CARTESIAN_POINT('',(-100.5072315271,-26.91718069066,
    1.185270019897));
#1388 = CARTESIAN_POINT('',(-100.5173417422,-26.91718069065,
    -9.585356746788E-03));
#1389 = CARTESIAN_POINT('',(-100.5171603843,-26.91718069067,
    -1.210505590759));
#1390 = CARTESIAN_POINT('',(-100.4841055793,-26.91718069064,
    -2.392169186026));
#1391 = CARTESIAN_POINT('',(-100.4676726464,-26.91718069068,
    -3.608927363569));
#1392 = CARTESIAN_POINT('',(-100.4030819159,-26.91718069064,
    -4.789811411077));
#1393 = CARTESIAN_POINT('',(-100.3404746431,-26.91718069067,
    -5.988796802919));
#1394 = CARTESIAN_POINT('',(-100.2567675227,-26.91718069065,
    -7.180873610723));
#1395 = CARTESIAN_POINT('',(-100.15848166,-26.91718069066,
    -8.372801694438));
#1396 = CARTESIAN_POINT('',(-99.93157874205,-26.91718069066,
    -10.75475817799));
#1397 = CARTESIAN_POINT('',(-99.80209877083,-26.91718069066,
    -11.94371079495));
#1398 = CARTESIAN_POINT('',(-99.65620853375,-26.91718069066,
    -13.12972796751));
#1399 = CARTESIAN_POINT('',(-99.49919742089,-26.91718069065,
    -14.32023470754));
#1400 = CARTESIAN_POINT('',(-99.31244250076,-26.91718069066,
    -15.48784748113));
#1401 = CARTESIAN_POINT('',(-99.13692649885,-26.91718069065,
    -16.69147395619));
#1402 = CARTESIAN_POINT('',(-98.91900483563,-26.91718069066,
    -17.85417970162));
#1403 = CARTESIAN_POINT('',(-98.70032972891,-26.91718069065,
    -19.03458843711));
#1404 = CARTESIAN_POINT('',(-98.46175414179,-26.91718069066,
    -20.20555730001));
#1405 = CARTESIAN_POINT('',(-98.20873183957,-26.91718069066,
    -21.37445980068));
#1406 = CARTESIAN_POINT('',(-97.67287045809,-26.91718069066,
    -23.70643447683));
#1407 = CARTESIAN_POINT('',(-97.38931159832,-26.91718069064,
    -24.86831974797));
#1408 = CARTESIAN_POINT('',(-97.0898657517,-26.91718069069,
    -26.02515273841));
#1409 = CARTESIAN_POINT('',(-96.77880113133,-26.9171806906,
    -27.18497176432));
#1410 = CARTESIAN_POINT('',(-96.44125404217,-26.91718069073,
    -28.31824702794));
#1411 = CARTESIAN_POINT('',(-96.11011213932,-26.91718069059,
    -29.48862338024));
#1412 = CARTESIAN_POINT('',(-95.74230550397,-26.91718069071,
    -30.61296435284));
#1413 = CARTESIAN_POINT('',(-95.3714210603,-26.91718069063,
    -31.75472058084));
#1414 = CARTESIAN_POINT('',(-94.98204514429,-26.91718069067,
    -32.88453253684));
#1415 = CARTESIAN_POINT('',(-94.57861512699,-26.91718069066,
    -34.01040891318));
#1416 = CARTESIAN_POINT('',(-93.74295477647,-26.91718069066,
    -36.2524902365));
#1417 = CARTESIAN_POINT('',(-93.3101654931,-26.91718069065,
    -37.36742391555));
#1418 = CARTESIAN_POINT('',(-92.86228457338,-26.91718069067,
    -38.47527486524));
#1419 = CARTESIAN_POINT('',(-92.40249416954,-26.91718069063,
    -39.5845687703));
#1420 = CARTESIAN_POINT('',(-91.91991344407,-26.91718069069,
    -40.66409198673));
#1421 = CARTESIAN_POINT('',(-91.43883858971,-26.91718069063,
    -41.78122976885));
#1422 = CARTESIAN_POINT('',(-90.92742337048,-26.91718069068,
    -42.84794539375));
#1423 = CARTESIAN_POINT('',(-90.41068250277,-26.91718069065,
    -43.93152279898));
#1424 = CARTESIAN_POINT('',(-89.87716773777,-26.91718069066,
    -45.00084539383));
#1425 = CARTESIAN_POINT('',(-89.33023276622,-26.91718069066,
    -46.06443156075));
#1426 = CARTESIAN_POINT('',(-88.48936165836,-26.91718069066,
    -47.64979994448));
#1427 = CARTESIAN_POINT('',(-88.20556278581,-26.91718069066,
    -48.17625424715));
#1428 = CARTESIAN_POINT('',(-87.91828274801,-26.91718069064,
    -48.70071822995));
#1429 = CARTESIAN_POINT('',(-87.62754800468,-26.91718069068,
    -49.22320378322));
#1430 = CARTESIAN_POINT('',(-87.33338412527,-26.91718069063,
    -49.74372313912));
#1431 = CARTESIAN_POINT('',(-87.03581577951,-26.91718069068,
    -50.26228882915));
#1432 = CARTESIAN_POINT('',(-86.73486672458,-26.91718069064,
    -50.77891364076));
#1433 = CARTESIAN_POINT('',(-86.43055979592,-26.91718069067,
    -51.29361057494));
#1434 = CARTESIAN_POINT('',(-86.12291689487,-26.91718069065,
    -51.80639280297));
#1435 = CARTESIAN_POINT('',(-85.81195897853,-26.91718069066,
    -52.31727362377));
#1436 = CARTESIAN_POINT('',(-84.86920018809,-26.91718069066,
    -53.84425201501));
#1437 = CARTESIAN_POINT('',(-84.22721406481,-26.91718069066,
    -54.85332958321));
#1438 = CARTESIAN_POINT('',(-83.57180805717,-26.91718069067,
    -55.85251628163));
#1439 = CARTESIAN_POINT('',(-82.90443988491,-26.91718069064,
    -56.85079470963));
#1440 = CARTESIAN_POINT('',(-82.22052730239,-26.91718069068,
    -57.81542851417));
#1441 = CARTESIAN_POINT('',(-81.53075335966,-26.91718069064,
    -58.81724751833));
#1442 = CARTESIAN_POINT('',(-80.82105896986,-26.91718069067,
    -59.76369449084));
#1443 = CARTESIAN_POINT('',(-80.10285165821,-26.91718069065,
    -60.72564005611));
#1444 = CARTESIAN_POINT('',(-79.37097374191,-26.91718069066,
    -61.67033235701));
#1445 = CARTESIAN_POINT('',(-78.62705260481,-26.91718069066,
    -62.60678029454));
#1446 = CARTESIAN_POINT('',(-77.11504722695,-26.91718069066,
    -64.46126051244));
#1447 = CARTESIAN_POINT('',(-76.34684233131,-26.91718069067,
    -65.37790927761));
#1448 = CARTESIAN_POINT('',(-75.56662337776,-26.91718069064,
    -66.28300014427));
#1449 = CARTESIAN_POINT('',(-74.77466315094,-26.91718069069,
    -67.18562913651));
#1450 = CARTESIAN_POINT('',(-73.97069155768,-26.91718069062,
    -68.05274185735));
#1451 = CARTESIAN_POINT('',(-73.15605510713,-26.91718069069,
    -68.95595659875));
#1452 = CARTESIAN_POINT('',(-72.32889613144,-26.91718069064,
    -69.80167287737));
#1453 = CARTESIAN_POINT('',(-71.49127409133,-26.91718069067,
    -70.66164400044));
#1454 = CARTESIAN_POINT('',(-70.64235040313,-26.91718069065,
    -71.50272508999));
#1455 = CARTESIAN_POINT('',(-69.782562631,-26.91718069066,
    -72.33406039227));
#1456 = CARTESIAN_POINT('',(-68.47671647827,-26.91718069066,
    -73.56500432569));
#1457 = CARTESIAN_POINT('',(-68.03875558551,-26.91718069065,
    -73.9722956099));
#1458 = CARTESIAN_POINT('',(-67.59813803994,-26.91718069067,
    -74.37658321633));
#1459 = CARTESIAN_POINT('',(-67.15488507474,-26.91718069064,
    -74.77788690906));
#1460 = CARTESIAN_POINT('',(-66.709016971,-26.91718069068,
    -75.17622649092));
#1461 = CARTESIAN_POINT('',(-66.26055306049,-26.91718069064,
    -75.57162175708));
#1462 = CARTESIAN_POINT('',(-65.80951172981,-26.91718069067,
    -75.96409245408));
#1463 = CARTESIAN_POINT('',(-65.35591042305,-26.91718069065,
    -76.35365823212));
#1464 = CARTESIAN_POINT('',(-64.89976564574,-26.91718069066,
    -76.74033860415));
#1465 = CARTESIAN_POINT('',(-64.44109296788,-26.91718069066,
    -77.12415289937));
#1466 = CARTESIAN_POINT('',(-63.05753514685,-26.91718069066,
    -78.26705486266));
#1467 = CARTESIAN_POINT('',(-62.12526179009,-26.91718069066,
    -79.01622113832));
#1468 = CARTESIAN_POINT('',(-61.18346005638,-26.91718069066,
    -79.75170777093));
#1469 = CARTESIAN_POINT('',(-60.2306229424,-26.91718069065,
    -80.48248922441));
#1470 = CARTESIAN_POINT('',(-59.27293413807,-26.91718069066,
    -81.17609354047));
#1471 = CARTESIAN_POINT('',(-58.2977422436,-26.91718069065,
    -81.90302557648));
#1472 = CARTESIAN_POINT('',(-57.32148583465,-26.91718069066,
    -82.571120943));
#1473 = CARTESIAN_POINT('',(-56.3321864238,-26.91718069066,
    -83.25115600854));
#1474 = CARTESIAN_POINT('',(-55.33548778564,-26.91718069066,
    -83.91045916512));
#1475 = CARTESIAN_POINT('',(-54.33003512264,-26.91718069066,
    -84.55808431934));
#1476 = CARTESIAN_POINT('',(-52.30216854474,-26.91718069066,
    -85.82812931194));
#1477 = CARTESIAN_POINT('',(-51.28008509449,-26.91718069066,
    -86.44920027492));
#1478 = CARTESIAN_POINT('',(-50.25034033556,-26.91718069065,
    -87.05546492324));
#1479 = CARTESIAN_POINT('',(-49.21026875475,-26.91718069067,
    -87.6556242399));
#1480 = CARTESIAN_POINT('',(-48.17023958058,-26.91718069064,
    -88.21829120177));
#1481 = CARTESIAN_POINT('',(-47.10850691733,-26.91718069068,
    -88.81171614893));
#1482 = CARTESIAN_POINT('',(-46.05339857304,-26.91718069064,
    -89.34666883515));
#1483 = CARTESIAN_POINT('',(-44.98380036812,-26.91718069067,
    -89.89175662146));
#1484 = CARTESIAN_POINT('',(-43.90957229443,-26.91718069065,
    -90.41532407006));
#1485 = CARTESIAN_POINT('',(-42.82818937298,-26.91718069066,
    -90.92617079376));
#1486 = CARTESIAN_POINT('',(-41.19597034669,-26.91718069066,
    -91.67203820292));
#1487 = CARTESIAN_POINT('',(-40.65033248918,-26.91718069066,
    -91.91693667627));
#1488 = CARTESIAN_POINT('',(-40.10314446765,-26.91718069065,
    -92.15813692342));
#1489 = CARTESIAN_POINT('',(-39.55442003551,-26.91718069066,
    -92.39566448522));
#1490 = CARTESIAN_POINT('',(-39.00417203209,-26.91718069065,
    -92.6295446319));
#1491 = CARTESIAN_POINT('',(-38.45241240029,-26.91718069066,
    -92.85980232321));
#1492 = CARTESIAN_POINT('',(-37.89915220365,-26.91718069065,
    -93.0864621667));
#1493 = CARTESIAN_POINT('',(-37.34440164409,-26.91718069066,
    -93.30954837802));
#1494 = CARTESIAN_POINT('',(-36.78817007902,-26.91718069066,
    -93.52908473936));
#1495 = CARTESIAN_POINT('',(-36.23046603895,-26.91718069066,
    -93.74509455935));
#1496 = CARTESIAN_POINT('',(-34.55295965634,-26.91718069066,
    -94.38261277723));
#1497 = CARTESIAN_POINT('',(-33.42935031883,-26.91718069066,
    -94.79235144637));
#1498 = CARTESIAN_POINT('',(-32.30111545123,-26.91718069065,
    -95.18607365286));
#1499 = CARTESIAN_POINT('',(-31.16394327988,-26.91718069068,
    -95.57179317691));
#1500 = CARTESIAN_POINT('',(-30.03412709583,-26.91718069063,
    -95.9207490244));
#1501 = CARTESIAN_POINT('',(-28.87702386402,-26.91718069068,
    -96.29563771041));
#1502 = CARTESIAN_POINT('',(-27.73782503883,-26.91718069064,
    -96.61447000415));
#1503 = CARTESIAN_POINT('',(-26.58243751179,-26.91718069067,
    -96.94041582323));
#1504 = CARTESIAN_POINT('',(-25.42670748715,-26.91718069066,
    -97.24435156932));
#1505 = CARTESIAN_POINT('',(-24.26644178349,-26.91718069066,
    -97.53441517409));
#1506 = CARTESIAN_POINT('',(-21.93795123894,-26.91718069066,
    -98.0852226949));
#1507 = CARTESIAN_POINT('',(-20.77047290679,-26.91718069065,
    -98.34479554451));
#1508 = CARTESIAN_POINT('',(-19.60049918449,-26.91718069067,
    -98.58788520188));
#1509 = CARTESIAN_POINT('',(-18.42270917793,-26.91718069063,
    -98.82187408826));
#1510 = CARTESIAN_POINT('',(-17.25701085,-26.91718069069,-99.02037396603
    ));
#1511 = CARTESIAN_POINT('',(-16.06087400398,-26.91718069063,
    -99.24102314814));
#1512 = CARTESIAN_POINT('',(-14.88980521746,-26.91718069068,
    -99.40843250287));
#1513 = CARTESIAN_POINT('',(-13.70175772421,-26.91718069065,
    -99.58078147566));
#1514 = CARTESIAN_POINT('',(-12.51624355454,-26.91718069066,
    -99.73126397004));
#1515 = CARTESIAN_POINT('',(-11.32804318698,-26.91718069066,
    -99.86740097618));
#1516 = CARTESIAN_POINT('',(-8.947578393503,-26.91718069066,
    -100.1095672578));
#1517 = CARTESIAN_POINT('',(-7.756206944659,-26.91718069066,
    -100.2145329246));
#1518 = CARTESIAN_POINT('',(-6.564512942393,-26.91718069065,
    -100.3028307011));
#1519 = CARTESIAN_POINT('',(-5.366257414264,-26.91718069068,
    -100.3810853357));
#1520 = CARTESIAN_POINT('',(-4.184622363902,-26.91718069063,
    -100.425732855));
#1521 = CARTESIAN_POINT('',(-2.969918136885,-26.91718069069,
    -100.4883671654));
#1522 = CARTESIAN_POINT('',(-1.787016700537,-26.91718069064,
    -100.5014891599));
#1523 = CARTESIAN_POINT('',(-0.586637063147,-26.91718069067,
    -100.5172923481));
#1524 = CARTESIAN_POINT('',(0.608376775449,-26.91718069065,
    -100.5117467934));
#1525 = CARTESIAN_POINT('',(1.804181369177,-26.91718069066,
    -100.4916278591));
#1526 = CARTESIAN_POINT('',(3.597962841539,-26.91718069066,
    -100.4386639918));
#1527 = CARTESIAN_POINT('',(4.195646387702,-26.91718069066,
    -100.4169773037));
#1528 = CARTESIAN_POINT('',(4.793084550101,-26.91718069064,
    -100.3912881572));
#1529 = CARTESIAN_POINT('',(5.390276290099,-26.91718069068,
    -100.3616255425));
#1530 = CARTESIAN_POINT('',(5.987221269186,-26.91718069063,
    -100.328017802));
#1531 = CARTESIAN_POINT('',(6.583919815536,-26.91718069069,
    -100.2904926041));
#1532 = CARTESIAN_POINT('',(7.180372890175,-26.91718069064,
    -100.2490769115));
#1533 = CARTESIAN_POINT('',(7.776582053609,-26.91718069067,
    -100.2037969551));
#1534 = CARTESIAN_POINT('',(8.372549432011,-26.91718069065,
    -100.154678203));
#1535 = CARTESIAN_POINT('',(8.968277683752,-26.91718069066,
    -100.101745333));
#1536 = CARTESIAN_POINT('',(10.754754529638,-26.91718069066,
    -99.93157594413));
#1537 = CARTESIAN_POINT('',(11.943711895876,-26.91718069065,
    -99.80209968539));
#1538 = CARTESIAN_POINT('',(13.129733873723,-26.91718069067,
    -99.6562128784));
#1539 = CARTESIAN_POINT('',(14.320231979671,-26.91718069063,
    -99.49919581492));
#1540 = CARTESIAN_POINT('',(15.487872542882,-26.91718069069,
    -99.31245988269));
#1541 = CARTESIAN_POINT('',(16.691455916468,-26.91718069062,
    -99.13691365299));
#1542 = CARTESIAN_POINT('',(17.854188207633,-26.91718069068,
    -98.91901089046));
#1543 = CARTESIAN_POINT('',(19.034585935904,-26.91718069064,
    -98.70032797452));
#1544 = CARTESIAN_POINT('',(20.205556034647,-26.91718069066,
    -98.46175334165));
#1545 = CARTESIAN_POINT('',(21.374458569022,-26.91718069066,
    -98.20873108366));
#1546 = CARTESIAN_POINT('',(23.706434204282,-26.91718069066,
    -97.67287030178));
#1547 = CARTESIAN_POINT('',(24.8683198324,-26.91718069066,
    -97.38931165267));
#1548 = CARTESIAN_POINT('',(26.025153178382,-26.91718069066,
    -97.08986599482));
#1549 = CARTESIAN_POINT('',(27.184971568637,-26.91718069066,
    -96.7788010496));
#1550 = CARTESIAN_POINT('',(28.318248874702,-26.91718069065,
    -96.44125499236));
#1551 = CARTESIAN_POINT('',(29.488622044849,-26.91718069066,
    -96.11011143045));
#1552 = CARTESIAN_POINT('',(30.612964982133,-26.91718069065,
    -95.74230583752));
#1553 = CARTESIAN_POINT('',(31.754720395931,-26.91718069066,
    -95.3714209636));
#1554 = CARTESIAN_POINT('',(32.884532444744,-26.91718069066,
    -94.98204510153));
#1555 = CARTESIAN_POINT('',(34.010408824018,-26.91718069066,
    -94.57861508716));
#1556 = CARTESIAN_POINT('',(36.252490217032,-26.91718069066,
    -93.74295476854));
#1557 = CARTESIAN_POINT('',(37.367423921764,-26.91718069064,
    -93.31016549608));
#1558 = CARTESIAN_POINT('',(38.475274896698,-26.9171806907,
    -92.86228458586));
#1559 = CARTESIAN_POINT('',(39.584568756831,-26.91718069059,
    -92.40249416583));
#1560 = CARTESIAN_POINT('',(40.66409211715,-26.91718069075,
    -91.91991349098));
#1561 = CARTESIAN_POINT('',(41.781229674084,-26.91718069057,
    -91.43883855414));
#1562 = CARTESIAN_POINT('',(42.847945438391,-26.91718069072,
    -90.92742338723));
#1563 = CARTESIAN_POINT('',(43.931522785851,-26.91718069062,
    -90.41068249786));
#1564 = CARTESIAN_POINT('',(45.000845387415,-26.91718069067,
    -89.87716773578));
#1565 = CARTESIAN_POINT('',(46.064431554567,-26.91718069066,
    -89.33023276437));
#1566 = CARTESIAN_POINT('',(48.17825607107,-26.91718069066,
    -88.20907128874));
#1567 = CARTESIAN_POINT('',(49.227161027666,-26.91718069066,
    -87.6344565375));
#1568 = CARTESIAN_POINT('',(50.267073994044,-26.91718069066,
    -87.04580374107));
#1569 = CARTESIAN_POINT('',(51.306862998902,-26.91718069066,
    -86.44515498856));
#1570 = CARTESIAN_POINT('',(52.314161468967,-26.91718069065,
    -85.82579678412));
#1571 = CARTESIAN_POINT('',(53.358948879932,-26.91718069066,
    -85.20302179917));
#1572 = CARTESIAN_POINT('',(54.349785668297,-26.91718069065,
    -84.55674751248));
#1573 = CARTESIAN_POINT('',(55.356644640897,-26.91718069066,
    -83.90299218826));
#1574 = CARTESIAN_POINT('',(56.347181388878,-26.91718069066,
    -83.23446711133));
#1575 = CARTESIAN_POINT('',(57.330279089752,-26.91718069066,
    -82.55338539197));
#1576 = CARTESIAN_POINT('',(59.279678606198,-26.91718069066,
    -81.16590614301));
#1577 = CARTESIAN_POINT('',(60.244607760024,-26.91718069066,
    -80.45929773066));
#1578 = CARTESIAN_POINT('',(61.198789518731,-26.91718069065,
    -79.73994506073));
#1579 = CARTESIAN_POINT('',(62.151282590025,-26.91718069067,
    -79.00871524211));
#1580 = CARTESIAN_POINT('',(63.069121013952,-26.91718069064,
    -78.26317689915));
#1581 = CARTESIAN_POINT('',(64.023681676412,-26.91718069068,
    -77.50935771818));
#1582 = CARTESIAN_POINT('',(64.921685996918,-26.91718069065,
    -76.73928224444));
#1583 = CARTESIAN_POINT('',(65.834598958312,-26.91718069066,
    -75.9596984199));
#1584 = CARTESIAN_POINT('',(66.729401494411,-26.91718069066,
    -75.16760167768));
#1585 = CARTESIAN_POINT('',(67.615189654744,-26.91718069066,
    -74.36402670738));
#1586 = CARTESIAN_POINT('',(68.928904467398,-26.91718069066,
    -73.14148405665));
#1587 = CARTESIAN_POINT('',(69.363967722568,-26.91718069065,
    -72.73109899627));
#1588 = CARTESIAN_POINT('',(69.796207484492,-26.91718069068,
    -72.31786652129));
#1589 = CARTESIAN_POINT('',(70.225642086133,-26.91718069062,
    -71.90180911191));
#1590 = CARTESIAN_POINT('',(70.652289961632,-26.91718069071,
    -71.48294830128));
#1591 = CARTESIAN_POINT('',(71.076169599226,-26.91718069061,
    -71.06130467397));
#1592 = CARTESIAN_POINT('',(71.497299500803,-26.91718069069,
    -70.63689786925));
#1593 = CARTESIAN_POINT('',(71.915698133482,-26.91718069064,
    -70.20974657854));
#1594 = CARTESIAN_POINT('',(72.331383888967,-26.91718069066,
    -69.77986854859));
#1595 = CARTESIAN_POINT('',(72.74437503675,-26.91718069066,
    -69.34728058009));
#1596 = CARTESIAN_POINT('',(73.975318970172,-26.91718069066,
    -68.04143442736));
#1597 = CARTESIAN_POINT('',(74.783854818177,-26.91718069067,
    -67.16015495817));
#1598 = CARTESIAN_POINT('',(75.579363497911,-26.91718069064,
    -66.26847282151));
#1599 = CARTESIAN_POINT('',(76.370898821124,-26.9171806907,
    -65.36547119884));
#1600 = CARTESIAN_POINT('',(77.125653921783,-26.91718069061,
    -64.45519677239));
#1601 = CARTESIAN_POINT('',(77.914810141848,-26.9171806907,
    -63.5296364686));
#1602 = CARTESIAN_POINT('',(78.645325289077,-26.91718069063,
    -62.5991658271));
#1603 = CARTESIAN_POINT('',(79.388607624535,-26.91718069067,
    -61.65646100353));
#1604 = CARTESIAN_POINT('',(80.1116863723,-26.91718069065,-60.7050168632
    ));
#1605 = CARTESIAN_POINT('',(80.823684661832,-26.91718069066,
    -59.74407366318));
#1606 = CARTESIAN_POINT('',(82.223639210556,-26.91718069066,
    -57.80361382005));
#1607 = CARTESIAN_POINT('',(82.910227868888,-26.91718069066,
    -56.82433871337));
#1608 = CARTESIAN_POINT('',(83.582542987789,-26.91718069066,
    -55.83645032215));
#1609 = CARTESIAN_POINT('',(84.249441252169,-26.91718069066,
    -54.83785791198));
#1610 = CARTESIAN_POINT('',(84.878924665939,-26.91718069066,
    -53.83685569957));
#1611 = CARTESIAN_POINT('',(85.540519679267,-26.91718069066,
    -52.81620813687));
#1612 = CARTESIAN_POINT('',(86.143334380761,-26.91718069066,
    -51.79834643964));
#1613 = CARTESIAN_POINT('',(86.757210160991,-26.91718069066,
    -50.76668877368));
#1614 = CARTESIAN_POINT('',(87.349914489531,-26.91718069066,
    -49.72900365415));
#1615 = CARTESIAN_POINT('',(87.930393278561,-26.91718069066,
    -48.6833470307));
#1616 = CARTESIAN_POINT('',(89.065090188705,-26.91718069066,
    -46.57675735364));
#1617 = CARTESIAN_POINT('',(89.617983935136,-26.91718069066,
    -45.51624227803));
#1618 = CARTESIAN_POINT('',(90.155601996469,-26.91718069065,
    -44.44905067582));
#1619 = CARTESIAN_POINT('',(90.686452375287,-26.91718069067,
    -43.3719536765));
#1620 = CARTESIAN_POINT('',(91.179893496906,-26.91718069064,
    -42.29735109062));
#1621 = CARTESIAN_POINT('',(91.702607179954,-26.91718069068,
    -41.1990798522));
#1622 = CARTESIAN_POINT('',(92.167407140673,-26.91718069064,
    -40.11124298233));
#1623 = CARTESIAN_POINT('',(92.641372771169,-26.91718069067,
    -39.00828442665));
#1624 = CARTESIAN_POINT('',(93.093561350597,-26.91718069065,
    -37.90211340563));
#1625 = CARTESIAN_POINT('',(93.532588491801,-26.91718069066,
    -36.78963483082));
#1626 = CARTESIAN_POINT('',(94.382612799866,-26.91718069066,
    -34.55295964574));
#1627 = CARTESIAN_POINT('',(94.792351469592,-26.91718069066,
    -33.42935030775));
#1628 = CARTESIAN_POINT('',(95.186073699586,-26.91718069065,
    -32.30111542604));
#1629 = CARTESIAN_POINT('',(95.571793015605,-26.91718069067,
    -31.16394337026));
#1630 = CARTESIAN_POINT('',(95.920749365388,-26.91718069064,
    -30.03412690594));
#1631 = CARTESIAN_POINT('',(96.295637237307,-26.91718069067,
    -28.87702412145));
#1632 = CARTESIAN_POINT('',(96.614470055464,-26.91718069066,
    -27.73782501448));
#1633 = CARTESIAN_POINT('',(96.940415712077,-26.91718069066,
    -26.58243757489));
#1634 = CARTESIAN_POINT('',(97.244351549682,-26.91718069066,
    -25.4267074986));
#1635 = CARTESIAN_POINT('',(97.534415245583,-26.91718069066,
    -24.26644173884));
#1636 = CARTESIAN_POINT('',(97.947521068687,-26.91718069066,
    -22.52007371271));
#1637 = CARTESIAN_POINT('',(98.081265253146,-26.91718069065,
    -21.93714279004));
#1638 = CARTESIAN_POINT('',(98.211079821078,-26.91718069067,
    -21.35341299578));
#1639 = CARTESIAN_POINT('',(98.336992505473,-26.91718069063,
    -20.76889283686));
#1640 = CARTESIAN_POINT('',(98.459030596448,-26.91718069069,
    -20.18358997669));
#1641 = CARTESIAN_POINT('',(98.577220903586,-26.91718069063,
    -19.59751125973));
#1642 = CARTESIAN_POINT('',(98.691589720784,-26.91718069068,
    -19.01066273702));
#1643 = CARTESIAN_POINT('',(98.802162788364,-26.91718069065,
    -18.42304969071));
#1644 = CARTESIAN_POINT('',(98.908965257619,-26.91718069066,
    -17.83467665942));
#1645 = CARTESIAN_POINT('',(99.012021653582,-26.91718069066,
    -17.245547463));
#1646 = CARTESIAN_POINT('',(99.210690024138,-26.91718069066,
    -16.06578299238));
#1647 = CARTESIAN_POINT('',(99.306022198942,-26.91718069066,
    -15.47535299532));
#1648 = CARTESIAN_POINT('',(99.397381055624,-26.91718069066,
    -14.88438274875));
#1649 = CARTESIAN_POINT('',(99.484794823382,-26.91718069066,
    -14.29287892471));
#1650 = CARTESIAN_POINT('',(99.568291234279,-26.91718069066,
    -13.70084738241));
#1651 = CARTESIAN_POINT('',(99.647897486989,-26.91718069066,
    -13.10829319548));
#1652 = CARTESIAN_POINT('',(99.723640213934,-26.91718069066,
    -12.51522067944));
#1653 = CARTESIAN_POINT('',(99.795545444299,-26.91718069066,
    -11.92163341893));
#1654 = CARTESIAN_POINT('',(99.863638571183,-26.91718069066,
    -11.32753429515));
#1655 = CARTESIAN_POINT('',(99.927944315309,-26.91718069066,
    -10.73292551314));
#1656 = CARTESIAN_POINT('',(100.10957144269,-26.91718069066,
    -8.947574861114));
#1657 = CARTESIAN_POINT('',(100.21453716645,-26.91718069064,
    -7.756203295617));
#1658 = CARTESIAN_POINT('',(100.30283895538,-26.91718069069,
    -6.564505108376));
#1659 = CARTESIAN_POINT('',(100.38105686416,-26.9171806906,
    -5.366285151629));
#1660 = CARTESIAN_POINT('',(100.42579294631,-26.91718069073,
    -4.184563996339));
#1661 = CARTESIAN_POINT('',(100.48828295023,-26.91718069059,
    -2.969998200498));
#1662 = CARTESIAN_POINT('',(100.50149882091,-26.91718069071,
    -1.787008545313));
#1663 = CARTESIAN_POINT('',(100.51727304653,-26.91718069063,
    -0.586656217595));
#1664 = CARTESIAN_POINT('',(100.51174363517,-26.91718069067,
    0.608373437597));
#1665 = CARTESIAN_POINT('',(100.49164023555,-26.91718069066,
    1.804194512565));
#1666 = CARTESIAN_POINT('',(100.42106235346,-26.91718069066,
    4.195948223797));
#1667 = CARTESIAN_POINT('',(100.36962521876,-26.91718069066,
    5.390829723121));
#1668 = CARTESIAN_POINT('',(100.30263996279,-26.91718069066,
    6.585170353405));
#1669 = CARTESIAN_POINT('',(100.21854633989,-26.91718069066,
    7.776673059794));
#1670 = CARTESIAN_POINT('',(100.12046029374,-26.91718069065,
    8.969011204057));
#1671 = CARTESIAN_POINT('',(100.00827984987,-26.91718069067,
    10.161886394689));
#1672 = CARTESIAN_POINT('',(99.879019163306,-26.91718069065,
    11.351324815972));
#1673 = CARTESIAN_POINT('',(99.732672246788,-26.91718069066,
    12.536987643145));
#1674 = CARTESIAN_POINT('',(99.572409019684,-26.91718069066,
    13.722535632086));
#1675 = CARTESIAN_POINT('',(99.396565779706,-26.91718069066,
    14.905744015059));
#1676 = CARTESIAN_POINT('',(99.014854265526,-26.91718069066,
    17.268478822774));
#1677 = CARTESIAN_POINT('',(98.807893191984,-26.91718069066,
    18.446443629096));
#1678 = CARTESIAN_POINT('',(98.585150248074,-26.91718069065,
    19.621145111467));
#1679 = CARTESIAN_POINT('',(98.346694680834,-26.91718069067,
    20.792312543008));
#1680 = CARTESIAN_POINT('',(98.092715866134,-26.91718069064,
    21.959902112436));
#1681 = CARTESIAN_POINT('',(97.823588255756,-26.91718069067,
    23.124217016875));
#1682 = CARTESIAN_POINT('',(97.539752044741,-26.91718069065,
    24.285717056545));
#1683 = CARTESIAN_POINT('',(97.241534663798,-26.91718069066,
    25.444724060352));
#1684 = CARTESIAN_POINT('',(96.929038199191,-26.91718069066,
    26.601229467259));
#1685 = CARTESIAN_POINT('',(96.602217842679,-26.91718069066,
    27.755010391937));
#1686 = CARTESIAN_POINT('',(96.261276475825,-26.91718069066,
    28.906260500598));
#1687 = PCURVE('',#351,#1688);
#1688 = DEFINITIONAL_REPRESENTATION('',(#1689),#1693);
#1689 = LINE('',#1690,#1691);
#1690 = CARTESIAN_POINT('',(18.,0.));
#1691 = VECTOR('',#1692,1.);
#1692 = DIRECTION('',(0.,1.));
#1693 = ( GEOMETRIC_REPRESENTATION_CONTEXT(2) 
PARAMETRIC_REPRESENTATION_CONTEXT() REPRESENTATION_CONTEXT('2D SPACE',''
  ) );
#1694 = PCURVE('',#1695,#1700);
#1695 = PLANE('',#1696);
#1696 = AXIS2_PLACEMENT_3D('',#1697,#1698,#1699);
#1697 = CARTESIAN_POINT('',(9.794337937705E-05,-26.91718069066,
    -52.18384653091));
#1698 = DIRECTION('',(-1.71548823706E-17,-1.,-2.298167126219E-16));
#1699 = DIRECTION('',(-0.999999999997,1.715543928987E-17,
    -2.423319481026E-06));
#1700 = DEFINITIONAL_REPRESENTATION('',(#1701),#2024);
#1701 = B_SPLINE_CURVE_WITH_KNOTS('',11,(#1702,#1703,#1704,#1705,#1706,
    #1707,#1708,#1709,#1710,#1711,#1712,#1713,#1714,#1715,#1716,#1717,
    #1718,#1719,#1720,#1721,#1722,#1723,#1724,#1725,#1726,#1727,#1728,
    #1729,#1730,#1731,#1732,#1733,#1734,#1735,#1736,#1737,#1738,#1739,
    #1740,#1741,#1742,#1743,#1744,#1745,#1746,#1747,#1748,#1749,#1750,
    #1751,#1752,#1753,#1754,#1755,#1756,#1757,#1758,#1759,#1760,#1761,
    #1762,#1763,#1764,#1765,#1766,#1767,#1768,#1769,#1770,#1771,#1772,
    #1773,#1774,#1775,#1776,#1777,#1778,#1779,#1780,#1781,#1782,#1783,
    #1784,#1785,#1786,#1787,#1788,#1789,#1790,#1791,#1792,#1793,#1794,
    #1795,#1796,#1797,#1798,#1799,#1800,#1801,#1802,#1803,#1804,#1805,
    #1806,#1807,#1808,#1809,#1810,#1811,#1812,#1813,#1814,#1815,#1816,
    #1817,#1818,#1819,#1820,#1821,#1822,#1823,#1824,#1825,#1826,#1827,
    #1828,#1829,#1830,#1831,#1832,#1833,#1834,#1835,#1836,#1837,#1838,
    #1839,#1840,#1841,#1842,#1843,#1844,#1845,#1846,#1847,#1848,#1849,
    #1850,#1851,#1852,#1853,#1854,#1855,#1856,#1857,#1858,#1859,#1860,
    #1861,#1862,#1863,#1864,#1865,#1866,#1867,#1868,#1869,#1870,#1871,
    #1872,#1873,#1874,#1875,#1876,#1877,#1878,#1879,#1880,#1881,#1882,
    #1883,#1884,#1885,#1886,#1887,#1888,#1889,#1890,#1891,#1892,#1893,
    #1894,#1895,#1896,#1897,#1898,#1899,#1900,#1901,#1902,#1903,#1904,
    #1905,#1906,#1907,#1908,#1909,#1910,#1911,#1912,#1913,#1914,#1915,
    #1916,#1917,#1918,#1919,#1920,#1921,#1922,#1923,#1924,#1925,#1926,
    #1927,#1928,#1929,#1930,#1931,#1932,#1933,#1934,#1935,#1936,#1937,
    #1938,#1939,#1940,#1941,#1942,#1943,#1944,#1945,#1946,#1947,#1948,
    #1949,#1950,#1951,#1952,#1953,#1954,#1955,#1956,#1957,#1958,#1959,
    #1960,#1961,#1962,#1963,#1964,#1965,#1966,#1967,#1968,#1969,#1970,
    #1971,#1972,#1973,#1974,#1975,#1976,#1977,#1978,#1979,#1980,#1981,
    #1982,#1983,#1984,#1985,#1986,#1987,#1988,#1989,#1990,#1991,#1992,
    #1993,#1994,#1995,#1996,#1997,#1998,#1999,#2000,#2001,#2002,#2003,
    #2004,#2005,#2006,#2007,#2008,#2009,#2010,#2011,#2012,#2013,#2014,
    #2015,#2016,#2017,#2018,#2019,#2020,#2021,#2022,#2023),
  .UNSPECIFIED.,.F.,.F.,(12,10,10,10,10,10,10,10,10,10,10,10,10,10,10,10
    ,10,10,10,10,10,10,10,10,10,10,10,10,10,10,10,10,12),(0.,
    6.216625736137,18.649877208412,31.083128680687,43.516380152962,
    55.949631625237,68.382883097512,74.59950883365,87.032760305925,
    99.466011778199,105.68263751433,118.11588898661,130.54914045888,
    136.76576619502,149.19901766729,161.63226913957,174.06552061184,
    180.28214634798,192.71539782026,205.14864929253,217.58190076481,
    230.01515223708,242.44840370936,248.66502944549,261.09828091777,
    273.53153239004,285.96478386232,298.39803533459,304.61466107073,
    310.83128680687,323.26453827914,335.69778975142,348.13104122369),
  .UNSPECIFIED.);
#1702 = CARTESIAN_POINT('',(97.80171192132,-75.29139368209));
#1703 = CARTESIAN_POINT('',(97.941975457628,-74.70767234664));
#1704 = CARTESIAN_POINT('',(98.077940636377,-74.12332520138));
#1705 = CARTESIAN_POINT('',(98.209639092697,-73.53836750824));
#1706 = CARTESIAN_POINT('',(98.337102301382,-72.95281353491));
#1707 = CARTESIAN_POINT('',(98.46036153731,-72.36667657493));
#1708 = CARTESIAN_POINT('',(98.579447833223,-71.77996896734));
#1709 = CARTESIAN_POINT('',(98.694391941483,-71.19270211695));
#1710 = CARTESIAN_POINT('',(98.805224291058,-70.60488651388));
#1711 = CARTESIAN_POINT('',(98.911974949087,-70.01653175384));
#1712 = CARTESIAN_POINT('',(99.014673578935,-69.42764655778));
#1713 = CARTESIAN_POINT('',(99.310701043243,-67.65942326031));
#1714 = CARTESIAN_POINT('',(99.492399983466,-66.47819570712));
#1715 = CARTESIAN_POINT('',(99.657524407502,-65.2955908238));
#1716 = CARTESIAN_POINT('',(99.815611381151,-64.10363205248));
#1717 = CARTESIAN_POINT('',(99.932224158546,-62.93192547658));
#1718 = CARTESIAN_POINT('',(100.08238518559,-61.71703882679));
#1719 = CARTESIAN_POINT('',(100.16774606309,-60.54174252188));
#1720 = CARTESIAN_POINT('',(100.26413715551,-59.34321708345));
#1721 = CARTESIAN_POINT('',(100.3365157063,-58.15058911313));
#1722 = CARTESIAN_POINT('',(100.39464321118,-56.95603255832));
#1723 = CARTESIAN_POINT('',(100.4804371219,-54.56498541539));
#1724 = CARTESIAN_POINT('',(100.50720013976,-53.36936011202));
#1725 = CARTESIAN_POINT('',(100.51731325042,-52.17450475988));
#1726 = CARTESIAN_POINT('',(100.51713480275,-50.97358452543));
#1727 = CARTESIAN_POINT('',(100.48408286133,-49.79192085007));
#1728 = CARTESIAN_POINT('',(100.46765287699,-48.57516263271));
#1729 = CARTESIAN_POINT('',(100.40306500814,-47.39427842868));
#1730 = CARTESIAN_POINT('',(100.34046064091,-46.19529288512));
#1731 = CARTESIAN_POINT('',(100.25675640926,-45.00321587447));
#1732 = CARTESIAN_POINT('',(100.15847343498,-43.81128755258));
#1733 = CARTESIAN_POINT('',(99.931576289226,-41.42933051917));
#1734 = CARTESIAN_POINT('',(99.80209919922,-40.24037758845));
#1735 = CARTESIAN_POINT('',(99.65621183623,-39.05436006236));
#1736 = CARTESIAN_POINT('',(99.499203608355,-37.86385294184));
#1737 = CARTESIAN_POINT('',(99.312451517719,-36.69623971568));
#1738 = CARTESIAN_POINT('',(99.136938432581,-35.49261281529));
#1739 = CARTESIAN_POINT('',(98.919019586977,-34.32990654178));
#1740 = CARTESIAN_POINT('',(98.700347340763,-33.14949727637));
#1741 = CARTESIAN_POINT('',(98.461774591274,-31.97852783533));
#1742 = CARTESIAN_POINT('',(98.20875512168,-30.80962472151));
#1743 = CARTESIAN_POINT('',(97.67289939132,-28.4776487468));
#1744 = CARTESIAN_POINT('',(97.389343347165,-27.31576278851));
#1745 = CARTESIAN_POINT('',(97.08990030393,-26.15892907242));
#1746 = CARTESIAN_POINT('',(96.778838494166,-24.99910929271));
#1747 = CARTESIAN_POINT('',(96.441294151296,-23.8658332111));
#1748 = CARTESIAN_POINT('',(96.110155084644,-22.69545605635));
#1749 = CARTESIAN_POINT('',(95.742351173934,-21.57111419244));
#1750 = CARTESIAN_POINT('',(95.371469497102,-20.42935706567));
#1751 = CARTESIAN_POINT('',(94.982096318993,-19.29954416609));
#1752 = CARTESIAN_POINT('',(94.578669030052,-18.17366681212));
#1753 = CARTESIAN_POINT('',(93.743014112813,-15.93158346373));
#1754 = CARTESIAN_POINT('',(93.310227531287,-14.81664873589));
#1755 = CARTESIAN_POINT('',(92.862349296239,-13.70879670085));
#1756 = CARTESIAN_POINT('',(92.40256158058,-12.59950168157));
#1757 = CARTESIAN_POINT('',(91.919983471141,-11.5199772957));
#1758 = CARTESIAN_POINT('',(91.438911323963,-10.40283834779));
#1759 = CARTESIAN_POINT('',(90.927498689724,-9.336121483573));
#1760 = CARTESIAN_POINT('',(90.410760447872,-8.252542826119));
#1761 = CARTESIAN_POINT('',(89.877248274188,-7.183218938393));
#1762 = CARTESIAN_POINT('',(89.330315880043,-6.119631446077));
#1763 = CARTESIAN_POINT('',(88.489448614041,-4.534261024647));
#1764 = CARTESIAN_POINT('',(88.205651017254,-4.007806034245));
#1765 = CARTESIAN_POINT('',(87.9183722504,-3.48334135528));
#1766 = CARTESIAN_POINT('',(87.627638773226,-2.960855097464));
#1767 = CARTESIAN_POINT('',(87.333476155196,-2.440335028716));
#1768 = CARTESIAN_POINT('',(87.035909066094,-1.921768617585));
#1769 = CARTESIAN_POINT('',(86.734961263107,-1.405143076682));
#1770 = CARTESIAN_POINT('',(86.430655581728,-0.89044540507));
#1771 = CARTESIAN_POINT('',(86.123013923307,-0.377662431519));
#1772 = CARTESIAN_POINT('',(85.812057244994,0.133219142823));
#1773 = CARTESIAN_POINT('',(84.869302154919,1.660199818672));
#1774 = CARTESIAN_POINT('',(84.227318476958,2.669278942602));
#1775 = CARTESIAN_POINT('',(83.571914890672,3.668467229274));
#1776 = CARTESIAN_POINT('',(82.904549137557,4.666747274527));
#1777 = CARTESIAN_POINT('',(82.220638892651,5.631382736402));
#1778 = CARTESIAN_POINT('',(81.530867377658,6.633203412094));
#1779 = CARTESIAN_POINT('',(80.821175281395,7.579652104422));
#1780 = CARTESIAN_POINT('',(80.102970300854,8.541599410137));
#1781 = CARTESIAN_POINT('',(79.37109467385,9.486293484602));
#1782 = CARTESIAN_POINT('',(78.627175806063,10.422743224888));
#1783 = CARTESIAN_POINT('',(77.1151749222,12.277227106853));
#1784 = CARTESIAN_POINT('',(76.346972247899,13.193877733634));
#1785 = CARTESIAN_POINT('',(75.566755487676,14.098970491011));
#1786 = CARTESIAN_POINT('',(74.774797448213,15.001601402418));
#1787 = CARTESIAN_POINT('',(73.970827956253,15.868716071533));
#1788 = CARTESIAN_POINT('',(73.156193694483,16.771932787054));
#1789 = CARTESIAN_POINT('',(72.32903676823,17.617651070144));
#1790 = CARTESIAN_POINT('',(71.491416812112,18.477624223039));
#1791 = CARTESIAN_POINT('',(70.64249516212,19.318707369799));
#1792 = CARTESIAN_POINT('',(69.782709404588,20.150044755614));
#1793 = CARTESIAN_POINT('',(68.47686623483,21.380991853515));
#1794 = CARTESIAN_POINT('',(68.03890632907,21.788284199049));
#1795 = CARTESIAN_POINT('',(67.598289763213,22.192572873232));
#1796 = CARTESIAN_POINT('',(67.155037770509,22.593877640103));
#1797 = CARTESIAN_POINT('',(66.709170632073,22.992218302446));
#1798 = CARTESIAN_POINT('',(66.260707679727,23.387614655374));
#1799 = CARTESIAN_POINT('',(65.809667300137,23.780086445393));
#1800 = CARTESIAN_POINT('',(65.356066937416,24.169653322648));
#1801 = CARTESIAN_POINT('',(64.899923097155,24.556334800057));
#1802 = CARTESIAN_POINT('',(64.441251349405,24.940150206789));
#1803 = CARTESIAN_POINT('',(63.057696297995,26.083055522878));
#1804 = CARTESIAN_POINT('',(62.125424756707,26.832224057731));
#1805 = CARTESIAN_POINT('',(61.183624805317,27.567712972629));
#1806 = CARTESIAN_POINT('',(60.230789462256,28.298496735135));
#1807 = CARTESIAN_POINT('',(59.273102338757,28.992103371978));
#1808 = CARTESIAN_POINT('',(58.297912205881,29.719037771186));
#1809 = CARTESIAN_POINT('',(57.32165741594,30.387135503491));
#1810 = CARTESIAN_POINT('',(56.332359653035,31.06717296641));
#1811 = CARTESIAN_POINT('',(55.335662612581,31.726478538309));
#1812 = CARTESIAN_POINT('',(54.330211518986,32.374106129058));
#1813 = CARTESIAN_POINT('',(52.302348018816,33.644156035827));
#1814 = CARTESIAN_POINT('',(51.280266073623,34.265229475637));
#1815 = CARTESIAN_POINT('',(50.250522783873,34.871496619355));
#1816 = CARTESIAN_POINT('',(49.210452657439,35.471658456445));
#1817 = CARTESIAN_POINT('',(48.170424846794,36.03432793863));
#1818 = CARTESIAN_POINT('',(47.108693621606,36.627755458711));
#1819 = CARTESIAN_POINT('',(46.053586573675,37.162710701792));
#1820 = CARTESIAN_POINT('',(44.983989689684,37.707801080076));
#1821 = CARTESIAN_POINT('',(43.909762884765,38.231371131874));
#1822 = CARTESIAN_POINT('',(42.828381201262,38.742220476112));
#1823 = CARTESIAN_POINT('',(41.196163982459,39.488091840661));
#1824 = CARTESIAN_POINT('',(40.650526718414,39.732991636257));
#1825 = CARTESIAN_POINT('',(40.103339281391,39.974193209424));
#1826 = CARTESIAN_POINT('',(39.554615424857,40.211722100953));
#1827 = CARTESIAN_POINT('',(39.004367988207,40.445603581057));
#1828 = CARTESIAN_POINT('',(38.452608914395,40.675862609457));
#1829 = CARTESIAN_POINT('',(37.899349267026,40.902523793675));
#1830 = CARTESIAN_POINT('',(37.344599248076,41.12561134933));
#1831 = CARTESIAN_POINT('',(36.788368215017,41.345149058603));
#1832 = CARTESIAN_POINT('',(36.230664698407,41.561160230085));
#1833 = CARTESIAN_POINT('',(34.553159860715,42.198682513097));
#1834 = CARTESIAN_POINT('',(33.429551516139,42.608423905094));
#1835 = CARTESIAN_POINT('',(32.30131760265,43.002148845664));
#1836 = CARTESIAN_POINT('',(31.164146366026,43.387871125437));
#1837 = CARTESIAN_POINT('',(30.034331027618,43.736829710836));
#1838 = CARTESIAN_POINT('',(28.877228704286,44.111721200873));
#1839 = CARTESIAN_POINT('',(27.738030651727,44.430556255253));
#1840 = CARTESIAN_POINT('',(26.582643914562,44.756504874205));
#1841 = CARTESIAN_POINT('',(25.426914626456,45.060443421003));
#1842 = CARTESIAN_POINT('',(24.266649625717,45.350509837464));
#1843 = CARTESIAN_POINT('',(21.938160415962,45.901323000953));
#1844 = CARTESIAN_POINT('',(20.770682712837,46.160898679737));
#1845 = CARTESIAN_POINT('',(19.600709579624,46.403991172319));
#1846 = CARTESIAN_POINT('',(18.4229201401,46.637982912862));
#1847 = CARTESIAN_POINT('',(17.257222293198,46.83648561549));
#1848 = CARTESIAN_POINT('',(16.06108598189,47.057137696226));
#1849 = CARTESIAN_POINT('',(14.890017601057,47.224549888827));
#1850 = CARTESIAN_POINT('',(13.701970525465,47.396901740633));
#1851 = CARTESIAN_POINT('',(12.51645672047,47.547387107895));
#1852 = CARTESIAN_POINT('',(11.328256682818,47.683526993421));
#1853 = CARTESIAN_POINT('',(8.947792476189,47.925699043757));
#1854 = CARTESIAN_POINT('',(7.756421281714,48.030667597581));
#1855 = CARTESIAN_POINT('',(6.564727493425,48.118968261962));
#1856 = CARTESIAN_POINT('',(5.366472154936,48.197225800251));
#1857 = CARTESIAN_POINT('',(4.184837212772,48.241876183069));
#1858 = CARTESIAN_POINT('',(2.970133137542,48.304513437051));
#1859 = CARTESIAN_POINT('',(1.787231732996,48.31763829816));
#1860 = CARTESIAN_POINT('',(0.586852133905,48.333444395279));
#1861 = CARTESIAN_POINT('',(-0.608161718126,48.327901736454));
#1862 = CARTESIAN_POINT('',(-1.803966360605,48.307785699914));
#1863 = CARTESIAN_POINT('',(-3.59774796131,48.254826179607));
#1864 = CARTESIAN_POINT('',(-4.195431560024,48.233140939846));
#1865 = CARTESIAN_POINT('',(-4.792869784675,48.207453241172));
#1866 = CARTESIAN_POINT('',(-5.390061596553,48.177792073591));
#1867 = CARTESIAN_POINT('',(-5.987006657081,48.144185779674));
#1868 = CARTESIAN_POINT('',(-6.583705294365,48.1066620278));
#1869 = CARTESIAN_POINT('',(-7.180158469365,48.065247780588));
#1870 = CARTESIAN_POINT('',(-7.776367742526,48.019969269022));
#1871 = CARTESIAN_POINT('',(-8.372335239956,47.970851961106));
#1872 = CARTESIAN_POINT('',(-8.968063619969,47.917920534789));
#1873 = CARTESIAN_POINT('',(-10.75454087822,47.747755475049));
#1874 = CARTESIAN_POINT('',(-11.94349855822,47.61828209753));
#1875 = CARTESIAN_POINT('',(-13.12952088959,47.472398164651));
#1876 = CARTESIAN_POINT('',(-14.32001937604,47.315383986128));
#1877 = CARTESIAN_POINT('',(-15.48766039177,47.128650883468));
#1878 = CARTESIAN_POINT('',(-16.69124419075,46.953107570434));
#1879 = CARTESIAN_POINT('',(-17.85397700996,46.735207625579));
#1880 = CARTESIAN_POINT('',(-19.03437526817,46.516527570116));
#1881 = CARTESIAN_POINT('',(-20.20534594505,46.277955774886));
#1882 = CARTESIAN_POINT('',(-21.37424909258,46.02493634952));
#1883 = CARTESIAN_POINT('',(-23.70622602639,45.489081218763));
#1884 = CARTESIAN_POINT('',(-24.86811234166,45.205525385267));
#1885 = CARTESIAN_POINT('',(-26.02494641329,44.906082530804));
#1886 = CARTESIAN_POINT('',(-27.18476555735,44.595020396188));
#1887 = CARTESIAN_POINT('',(-28.3180436814,44.257477085242));
#1888 = CARTESIAN_POINT('',(-29.48841765401,43.926336359528));
#1889 = CARTESIAN_POINT('',(-30.6127614826,43.558533491233));
#1890 = CARTESIAN_POINT('',(-31.75451779516,43.187651384154));
#1891 = CARTESIAN_POINT('',(-32.88433078756,42.798278259984));
#1892 = CARTESIAN_POINT('',(-34.01020814447,42.394850973972));
#1893 = CARTESIAN_POINT('',(-36.25229156254,41.559196088634));
#1894 = CARTESIAN_POINT('',(-37.36722631606,41.12640951802));
#1895 = CARTESIAN_POINT('',(-38.47507837635,40.678531292475));
#1896 = CARTESIAN_POINT('',(-39.5843733507,40.218743560618));
#1897 = CARTESIAN_POINT('',(-40.66389788046,39.736165501804));
#1898 = CARTESIAN_POINT('',(-41.78103660319,39.255093272144));
#1899 = CARTESIAN_POINT('',(-42.84775360682,38.743680690232));
#1900 = CARTESIAN_POINT('',(-43.9313322065,38.226942426712));
#1901 = CARTESIAN_POINT('',(-45.00065610094,37.693430255948));
#1902 = CARTESIAN_POINT('',(-46.06424359349,37.146497861941));
#1903 = CARTESIAN_POINT('',(-48.17807082692,36.025341508789));
#1904 = CARTESIAN_POINT('',(-49.22697717598,35.45072929938));
#1905 = CARTESIAN_POINT('',(-50.26689156885,34.862079023));
#1906 = CARTESIAN_POINT('',(-51.30668202927,34.261432790234));
#1907 = CARTESIAN_POINT('',(-52.31398200024,33.642077026793));
#1908 = CARTESIAN_POINT('',(-53.35877092038,33.019304573704));
#1909 = CARTESIAN_POINT('',(-54.34960927487,32.37303268813));
#1910 = CARTESIAN_POINT('',(-55.35646983173,31.719279803854));
#1911 = CARTESIAN_POINT('',(-56.34700819975,31.050757127307));
#1912 = CARTESIAN_POINT('',(-57.3301075511,30.36967779031));
#1913 = CARTESIAN_POINT('',(-59.27951042985,28.982203265376));
#1914 = CARTESIAN_POINT('',(-60.24444129601,28.275597191354));
#1915 = CARTESIAN_POINT('',(-61.19862479794,27.556246833716));
#1916 = CARTESIAN_POINT('',(-62.15111964123,26.825019323294));
#1917 = CARTESIAN_POINT('',(-63.06895987183,26.079483204556));
#1918 = CARTESIAN_POINT('',(-64.02352236104,25.325666336795));
#1919 = CARTESIAN_POINT('',(-64.92152854768,24.555593039209));
#1920 = CARTESIAN_POINT('',(-65.83444339825,23.776011426945));
#1921 = CARTESIAN_POINT('',(-66.72924785385,22.983916853125));
#1922 = CARTESIAN_POINT('',(-67.6150379615,22.180344029369));
#1923 = CARTESIAN_POINT('',(-68.92875573676,20.9578045622));
#1924 = CARTESIAN_POINT('',(-69.36381998642,20.547420556112));
#1925 = CARTESIAN_POINT('',(-69.79606074974,20.134189128591));
#1926 = CARTESIAN_POINT('',(-70.22549635962,19.718132759871));
#1927 = CARTESIAN_POINT('',(-70.65214525015,19.299272983146));
#1928 = CARTESIAN_POINT('',(-71.07602590952,18.877630383032));
#1929 = CARTESIAN_POINT('',(-71.49715683957,18.453224598843));
#1930 = CARTESIAN_POINT('',(-71.91555650737,18.026074322051));
#1931 = CARTESIAN_POINT('',(-72.33124330459,17.596197299444));
#1932 = CARTESIAN_POINT('',(-72.74423550067,17.16361033175));
#1933 = CARTESIAN_POINT('',(-73.97518259857,15.857767161995));
#1934 = CARTESIAN_POINT('',(-74.78372058219,14.97648965215));
#1935 = CARTESIAN_POINT('',(-75.57923142276,14.084809443262));
#1936 = CARTESIAN_POINT('',(-76.37076893423,13.181809738738));
#1937 = CARTESIAN_POINT('',(-77.12552624077,12.271537141299));
#1938 = CARTESIAN_POINT('',(-77.91468470376,11.345978749898));
#1939 = CARTESIAN_POINT('',(-78.64520210582,10.415509878665));
#1940 = CARTESIAN_POINT('',(-79.38848672575,9.472806856308));
#1941 = CARTESIAN_POINT('',(-80.11156777916,8.521364468233));
#1942 = CARTESIAN_POINT('',(-80.82356839737,7.560422993618));
#1943 = CARTESIAN_POINT('',(-82.22352764844,5.619966543032));
#1944 = CARTESIAN_POINT('',(-82.91011867987,4.640693100176));
#1945 = CARTESIAN_POINT('',(-83.58243619273,3.652806338191));
#1946 = CARTESIAN_POINT('',(-84.24933687702,2.654215544137));
#1947 = CARTESIAN_POINT('',(-84.87882271654,1.653214857165));
#1948 = CARTESIAN_POINT('',(-85.54042020322,0.632568897726));
#1949 = CARTESIAN_POINT('',(-86.14323737131,-0.385291338693));
#1950 = CARTESIAN_POINT('',(-86.75711565158,-1.416947517024));
#1951 = CARTESIAN_POINT('',(-87.34982249476,-2.454631200245));
#1952 = CARTESIAN_POINT('',(-87.93030381775,-3.50028641701));
#1953 = CARTESIAN_POINT('',(-89.06500583283,-5.606873344329));
#1954 = CARTESIAN_POINT('',(-89.61790214922,-6.667387080096));
#1955 = CARTESIAN_POINT('',(-90.1555227967,-7.734577379481));
#1956 = CARTESIAN_POINT('',(-90.68637578567,-8.811673092377));
#1957 = CARTESIAN_POINT('',(-91.17981951139,-9.886274482493));
#1958 = CARTESIAN_POINT('',(-91.7025358559,-10.9845444542));
#1959 = CARTESIAN_POINT('',(-92.16733845279,-12.07238019771));
#1960 = CARTESIAN_POINT('',(-92.64130675611,-13.17533760482));
#1961 = CARTESIAN_POINT('',(-93.09349801614,-14.28150753003));
#1962 = CARTESIAN_POINT('',(-93.53252785324,-15.39398504093));
#1963 = CARTESIAN_POINT('',(-94.38255758148,-17.63065816613));
#1964 = CARTESIAN_POINT('',(-94.79229897407,-18.75426651118));
#1965 = CARTESIAN_POINT('',(-95.18602393813,-19.88250043879));
#1966 = CARTESIAN_POINT('',(-95.57174600988,-21.01967155983));
#1967 = CARTESIAN_POINT('',(-95.92070509757,-22.14948717852));
#1968 = CARTESIAN_POINT('',(-96.29559577352,-23.30658905453));
#1969 = CARTESIAN_POINT('',(-96.61443135232,-24.44578738886));
#1970 = CARTESIAN_POINT('',(-96.9403798088,-25.60117403858));
#1971 = CARTESIAN_POINT('',(-97.24431844711,-26.75690337833));
#1972 = CARTESIAN_POINT('',(-97.5343849547,-27.91716843518));
#1973 = CARTESIAN_POINT('',(-97.94749500981,-29.66353546021));
#1974 = CARTESIAN_POINT('',(-98.0812406069,-30.24646605878));
#1975 = CARTESIAN_POINT('',(-98.2110565894,-30.83019553846));
#1976 = CARTESIAN_POINT('',(-98.33697069027,-31.41471539224));
#1977 = CARTESIAN_POINT('',(-98.45901019962,-32.00001795668));
#1978 = CARTESIAN_POINT('',(-98.57720192701,-32.58609638722));
#1979 = CARTESIAN_POINT('',(-98.69157216633,-33.17294463277));
#1980 = CARTESIAN_POINT('',(-98.80214665789,-33.76055741113));
#1981 = CARTESIAN_POINT('',(-98.90895055296,-34.3489301836));
#1982 = CARTESIAN_POINT('',(-99.01200837657,-34.93805913028));
#1983 = CARTESIAN_POINT('',(-99.21067960607,-36.11782311946));
#1984 = CARTESIAN_POINT('',(-99.30601321167,-36.7082528855));
#1985 = CARTESIAN_POINT('',(-99.39737350047,-37.29922291068));
#1986 = CARTESIAN_POINT('',(-99.48478870163,-37.89072652288));
#1987 = CARTESIAN_POINT('',(-99.5682865472,-38.48275786284));
#1988 = CARTESIAN_POINT('',(-99.64789423586,-39.07531185686));
#1989 = CARTESIAN_POINT('',(-99.72363840001,-39.66838418935));
#1990 = CARTESIAN_POINT('',(-99.79554506883,-40.26197127561));
#1991 = CARTESIAN_POINT('',(-99.8636396354,-40.85607023437));
#1992 = CARTESIAN_POINT('',(-99.92794682046,-41.45067886055));
#1993 = CARTESIAN_POINT('',(-100.1095782743,-43.23602907243));
#1994 = CARTESIAN_POINT('',(-100.2145468851,-44.42740038356));
#1995 = CARTESIAN_POINT('',(-100.3028515619,-45.61909835682));
#1996 = CARTESIAN_POINT('',(-100.3810723743,-46.81731812401));
#1997 = CARTESIAN_POINT('',(-100.4258113202,-47.99903917089));
#1998 = CARTESIAN_POINT('',(-100.4883042674,-49.21360481529));
#1999 = CARTESIAN_POINT('',(-100.5015230048,-50.39659443845));
#2000 = CARTESIAN_POINT('',(-100.5173001393,-51.59694672794));
#2001 = CARTESIAN_POINT('',(-100.5117736239,-52.79197639653));
#2002 = CARTESIAN_POINT('',(-100.4916731221,-53.98779752021));
#2003 = CARTESIAN_POINT('',(-100.421101036,-56.37955140246));
#2004 = CARTESIAN_POINT('',(-100.3696667969,-57.57443302643));
#2005 = CARTESIAN_POINT('',(-100.3026844352,-58.76877381904));
#2006 = CARTESIAN_POINT('',(-100.2185936997,-59.96027672921));
#2007 = CARTESIAN_POINT('',(-100.1205105429,-61.15261511117));
#2008 = CARTESIAN_POINT('',(-100.0083329898,-62.34549057364));
#2009 = CARTESIAN_POINT('',(-99.87907518565,-63.53492930816));
#2010 = CARTESIAN_POINT('',(-99.73273114237,-64.72059248998));
#2011 = CARTESIAN_POINT('',(-99.57247078823,-65.90614086728));
#2012 = CARTESIAN_POINT('',(-99.39663041554,-67.08934967638));
#2013 = CARTESIAN_POINT('',(-99.01492462702,-69.4520854091));
#2014 = CARTESIAN_POINT('',(-98.80796640807,-70.63005071695));
#2015 = CARTESIAN_POINT('',(-98.58522631084,-71.80475273909));
#2016 = CARTESIAN_POINT('',(-98.34677358171,-72.97592074848));
#2017 = CARTESIAN_POINT('',(-98.09279759645,-74.14351093338));
#2018 = CARTESIAN_POINT('',(-97.82367280758,-75.30782649));
#2019 = CARTESIAN_POINT('',(-97.53983941125,-76.46932721749));
#2020 = CARTESIAN_POINT('',(-97.24162483896,-77.62833494397));
#2021 = CARTESIAN_POINT('',(-96.92913117693,-78.78484110815));
#2022 = CARTESIAN_POINT('',(-96.6023136164,-79.93862282482));
#2023 = CARTESIAN_POINT('',(-96.26137503939,-81.08987375968));
#2024 = ( GEOMETRIC_REPRESENTATION_CONTEXT(2) 
PARAMETRIC_REPRESENTATION_CONTEXT() REPRESENTATION_CONTEXT('2D SPACE',''
  ) );
#2025 = ORIENTED_EDGE('',*,*,#2026,.F.);
#2026 = EDGE_CURVE('',#24,#1361,#2027,.T.);
#2027 = SURFACE_CURVE('',#2028,(#2031,#2038),.PCURVE_S1.);
#2028 = B_SPLINE_CURVE_WITH_KNOTS('',1,(#2029,#2030),.UNSPECIFIED.,.F.,
  .F.,(2,2),(0.,18.),.PIECEWISE_BEZIER_KNOTS.);
#2029 = CARTESIAN_POINT('',(79.46736376716,-22.25843787881,
    24.405081616484));
#2030 = CARTESIAN_POINT('',(96.261276475825,-26.91718069066,
    28.906260500598));
#2031 = PCURVE('',#351,#2032);
#2032 = DEFINITIONAL_REPRESENTATION('',(#2033),#2037);
#2033 = LINE('',#2034,#2035);
#2034 = CARTESIAN_POINT('',(0.,348.13104122369));
#2035 = VECTOR('',#2036,1.);
#2036 = DIRECTION('',(1.,0.));
#2037 = ( GEOMETRIC_REPRESENTATION_CONTEXT(2) 
PARAMETRIC_REPRESENTATION_CONTEXT() REPRESENTATION_CONTEXT('2D SPACE',''
  ) );
#2038 = PCURVE('',#2039,#2044);
#2039 = PLANE('',#2040);
#2040 = AXIS2_PLACEMENT_3D('',#2041,#2042,#2043);
#2041 = CARTESIAN_POINT('',(88.640980668574,-24.58780928473,
    23.757948091346));
#2042 = DIRECTION('',(0.249995297114,0.965925826289,6.70048470548E-02));
#2043 = DIRECTION('',(0.968101489225,-0.250558389524,0.));
#2044 = DEFINITIONAL_REPRESENTATION('',(#2045),#2048);
#2045 = B_SPLINE_CURVE_WITH_KNOTS('',1,(#2046,#2047),.UNSPECIFIED.,.F.,
  .F.,(2,2),(0.,18.),.PIECEWISE_BEZIER_KNOTS.);
#2046 = CARTESIAN_POINT('',(-9.464635731908,-0.648591136464));
#2047 = CARTESIAN_POINT('',(7.960863267404,-5.159908529973));
#2048 = ( GEOMETRIC_REPRESENTATION_CONTEXT(2) 
PARAMETRIC_REPRESENTATION_CONTEXT() REPRESENTATION_CONTEXT('2D SPACE',''
  ) );
#2049 = ADVANCED_FACE('',(#2050),#1695,.F.);
#2050 = FACE_BOUND('',#2051,.F.);
#2051 = EDGE_LOOP('',(#2052,#2053,#2073,#3378));
#2052 = ORIENTED_EDGE('',*,*,#1360,.F.);
#2053 = ORIENTED_EDGE('',*,*,#2054,.T.);
#2054 = EDGE_CURVE('',#1335,#2055,#2057,.T.);
#2055 = VERTEX_POINT('',#2056);
#2056 = CARTESIAN_POINT('',(-96.2484794559,-26.91718069066,
    28.902757184095));
#2057 = SURFACE_CURVE('',#2058,(#2061,#2067),.PCURVE_S1.);
#2058 = B_SPLINE_CURVE_WITH_KNOTS('',1,(#2059,#2060),.UNSPECIFIED.,.F.,
  .F.,(2,2),(0.,6.),.PIECEWISE_BEZIER_KNOTS.);
#2059 = CARTESIAN_POINT('',(-97.80179643275,-26.91718069066,
    23.107310146166));
#2060 = CARTESIAN_POINT('',(-96.2484794559,-26.91718069066,
    28.902757184095));
#2061 = PCURVE('',#1695,#2062);
#2062 = DEFINITIONAL_REPRESENTATION('',(#2063),#2066);
#2063 = B_SPLINE_CURVE_WITH_KNOTS('',1,(#2064,#2065),.UNSPECIFIED.,.F.,
  .F.,(2,2),(0.,6.),.PIECEWISE_BEZIER_KNOTS.);
#2064 = CARTESIAN_POINT('',(97.80171192132,-75.29139368209));
#2065 = CARTESIAN_POINT('',(96.248380900258,-81.08683695582));
#2066 = ( GEOMETRIC_REPRESENTATION_CONTEXT(2) 
PARAMETRIC_REPRESENTATION_CONTEXT() REPRESENTATION_CONTEXT('2D SPACE',''
  ) );
#2067 = PCURVE('',#1349,#2068);
#2068 = DEFINITIONAL_REPRESENTATION('',(#2069),#2072);
#2069 = B_SPLINE_CURVE_WITH_KNOTS('',1,(#2070,#2071),.UNSPECIFIED.,.F.,
  .F.,(2,2),(0.,6.),.PIECEWISE_BEZIER_KNOTS.);
#2070 = CARTESIAN_POINT('',(-9.464635284814,0.648597660694));
#2071 = CARTESIAN_POINT('',(-7.960866824267,-5.159903042333));
#2072 = ( GEOMETRIC_REPRESENTATION_CONTEXT(2) 
PARAMETRIC_REPRESENTATION_CONTEXT() REPRESENTATION_CONTEXT('2D SPACE',''
  ) );
#2073 = ORIENTED_EDGE('',*,*,#2074,.T.);
#2074 = EDGE_CURVE('',#2055,#2075,#2077,.T.);
#2075 = VERTEX_POINT('',#2076);
#2076 = CARTESIAN_POINT('',(97.814597569988,-26.91718069066,
    23.110814566209));
#2077 = SURFACE_CURVE('',#2078,(#2401,#2727),.PCURVE_S1.);
#2078 = B_SPLINE_CURVE_WITH_KNOTS('',11,(#2079,#2080,#2081,#2082,#2083,
    #2084,#2085,#2086,#2087,#2088,#2089,#2090,#2091,#2092,#2093,#2094,
    #2095,#2096,#2097,#2098,#2099,#2100,#2101,#2102,#2103,#2104,#2105,
    #2106,#2107,#2108,#2109,#2110,#2111,#2112,#2113,#2114,#2115,#2116,
    #2117,#2118,#2119,#2120,#2121,#2122,#2123,#2124,#2125,#2126,#2127,
    #2128,#2129,#2130,#2131,#2132,#2133,#2134,#2135,#2136,#2137,#2138,
    #2139,#2140,#2141,#2142,#2143,#2144,#2145,#2146,#2147,#2148,#2149,
    #2150,#2151,#2152,#2153,#2154,#2155,#2156,#2157,#2158,#2159,#2160,
    #2161,#2162,#2163,#2164,#2165,#2166,#2167,#2168,#2169,#2170,#2171,
    #2172,#2173,#2174,#2175,#2176,#2177,#2178,#2179,#2180,#2181,#2182,
    #2183,#2184,#2185,#2186,#2187,#2188,#2189,#2190,#2191,#2192,#2193,
    #2194,#2195,#2196,#2197,#2198,#2199,#2200,#2201,#2202,#2203,#2204,
    #2205,#2206,#2207,#2208,#2209,#2210,#2211,#2212,#2213,#2214,#2215,
    #2216,#2217,#2218,#2219,#2220,#2221,#2222,#2223,#2224,#2225,#2226,
    #2227,#2228,#2229,#2230,#2231,#2232,#2233,#2234,#2235,#2236,#2237,
    #2238,#2239,#2240,#2241,#2242,#2243,#2244,#2245,#2246,#2247,#2248,
    #2249,#2250,#2251,#2252,#2253,#2254,#2255,#2256,#2257,#2258,#2259,
    #2260,#2261,#2262,#2263,#2264,#2265,#2266,#2267,#2268,#2269,#2270,
    #2271,#2272,#2273,#2274,#2275,#2276,#2277,#2278,#2279,#2280,#2281,
    #2282,#2283,#2284,#2285,#2286,#2287,#2288,#2289,#2290,#2291,#2292,
    #2293,#2294,#2295,#2296,#2297,#2298,#2299,#2300,#2301,#2302,#2303,
    #2304,#2305,#2306,#2307,#2308,#2309,#2310,#2311,#2312,#2313,#2314,
    #2315,#2316,#2317,#2318,#2319,#2320,#2321,#2322,#2323,#2324,#2325,
    #2326,#2327,#2328,#2329,#2330,#2331,#2332,#2333,#2334,#2335,#2336,
    #2337,#2338,#2339,#2340,#2341,#2342,#2343,#2344,#2345,#2346,#2347,
    #2348,#2349,#2350,#2351,#2352,#2353,#2354,#2355,#2356,#2357,#2358,
    #2359,#2360,#2361,#2362,#2363,#2364,#2365,#2366,#2367,#2368,#2369,
    #2370,#2371,#2372,#2373,#2374,#2375,#2376,#2377,#2378,#2379,#2380,
    #2381,#2382,#2383,#2384,#2385,#2386,#2387,#2388,#2389,#2390,#2391,
    #2392,#2393,#2394,#2395,#2396,#2397,#2398,#2399,#2400),
  .UNSPECIFIED.,.F.,.F.,(12,10,10,10,10,10,10,10,10,10,10,10,10,10,10,10
    ,10,10,10,10,10,10,10,10,10,10,10,10,10,10,10,10,12),(0.,
    6.216625736137,18.649877208412,31.083128680687,43.516380152962,
    55.949631625237,68.382883097512,74.59950883365,87.032760305925,
    99.466011778199,105.68263751433,118.11588898661,130.54914045888,
    136.76576619502,149.19901766729,161.63226913957,174.06552061184,
    180.28214634798,192.71539782026,205.14864929253,217.58190076481,
    230.01515223708,242.44840370936,248.66502944549,261.09828091777,
    273.53153239004,285.96478386232,298.39803533459,304.61466107073,
    310.83128680687,323.26453827914,335.69778975142,348.13104122369),
  .UNSPECIFIED.);
#2079 = CARTESIAN_POINT('',(-96.2484794559,-26.91718069066,
    28.902757184095));
#2080 = CARTESIAN_POINT('',(-96.42336399433,-26.91718069066,
    28.328315135875));
#2081 = CARTESIAN_POINT('',(-96.59398775723,-26.91718069066,
    27.753013496735));
#2082 = CARTESIAN_POINT('',(-96.76038217176,-26.91718069066,
    27.176868022339));
#2083 = CARTESIAN_POINT('',(-96.92257853262,-26.91718069065,
    26.599893439313));
#2084 = CARTESIAN_POINT('',(-97.08060795965,-26.91718069066,
    26.022103464706));
#2085 = CARTESIAN_POINT('',(-97.23450135526,-26.91718069065,
    25.443510824712));
#2086 = CARTESIAN_POINT('',(-97.38428936244,-26.91718069066,
    24.864127274531));
#2087 = CARTESIAN_POINT('',(-97.53000232186,-26.91718069066,
    24.283963616832));
#2088 = CARTESIAN_POINT('',(-97.67167022989,-26.91718069066,
    23.703029721593));
#2089 = CARTESIAN_POINT('',(-97.80932269598,-26.91718069066,
    23.121334544854));
#2090 = CARTESIAN_POINT('',(-98.21032130912,-26.91718069066,
    21.373989354748));
#2091 = CARTESIAN_POINT('',(-98.46217069817,-26.91718069066,
    20.205762611268));
#2092 = CARTESIAN_POINT('',(-98.69754898807,-26.91718069065,
    19.035233552998));
#2093 = CARTESIAN_POINT('',(-98.92653242122,-26.91718069067,
    17.854489106333));
#2094 = CARTESIAN_POINT('',(-99.11268932152,-26.91718069064,
    16.692892139956));
#2095 = CARTESIAN_POINT('',(-99.33533399192,-26.91718069067,
    15.487548861322));
#2096 = CARTESIAN_POINT('',(-99.49049848873,-26.91718069065,
    14.32048979534));
#2097 = CARTESIAN_POINT('',(-99.65829896958,-26.91718069066,
    13.129485337925));
#2098 = CARTESIAN_POINT('',(-99.80170225793,-26.91718069066,
    11.943380196831));
#2099 = CARTESIAN_POINT('',(-99.93100730422,-26.91718069066,
    10.754425955289));
#2100 = CARTESIAN_POINT('',(-100.1593301265,-26.91718069066,
    8.372720580158));
#2101 = CARTESIAN_POINT('',(-100.257389535,-26.91718069066,
    7.180831129919));
#2102 = CARTESIAN_POINT('',(-100.3387810071,-26.91718069065,
    5.988778695464));
#2103 = CARTESIAN_POINT('',(-100.4102688219,-26.91718069067,
    4.789723580881));
#2104 = CARTESIAN_POINT('',(-100.4477680784,-26.91718069064,
    3.609002158576));
#2105 = CARTESIAN_POINT('',(-100.5040090231,-26.91718069068,
    2.392244002594));
#2106 = CARTESIAN_POINT('',(-100.5099732038,-26.91718069064,
    1.210417817189));
#2107 = CARTESIAN_POINT('',(-100.5190369877,-26.91718069067,
    9.567275165389E-03));
#2108 = CARTESIAN_POINT('',(-100.5066139092,-26.91718069065,
    -1.185312605725));
#2109 = CARTESIAN_POINT('',(-100.4796310769,-26.91718069066,
    -2.380976882315));
#2110 = CARTESIAN_POINT('',(-100.395272253,-26.91718069066,
    -4.772276263691));
#2111 = CARTESIAN_POINT('',(-100.3369727303,-26.91718069066,
    -5.966831612633));
#2112 = CARTESIAN_POINT('',(-100.2621232551,-26.91718069066,
    -7.159374324045));
#2113 = CARTESIAN_POINT('',(-100.1764054955,-26.91718069066,
    -8.357385757672));
#2114 = CARTESIAN_POINT('',(-100.0597437779,-26.91718069066,
    -9.533276427407));
#2115 = CARTESIAN_POINT('',(-99.95624914448,-26.91718069065,
    -10.74638471841));
#2116 = CARTESIAN_POINT('',(-99.80817484073,-26.91718069066,
    -11.91923613656));
#2117 = CARTESIAN_POINT('',(-99.66030630593,-26.91718069065,
    -13.11084803845));
#2118 = CARTESIAN_POINT('',(-99.4920399416,-26.91718069066,
    -14.29390049766));
#2119 = CARTESIAN_POINT('',(-99.3092230151,-26.91718069066,
    -15.4758141301));
#2120 = CARTESIAN_POINT('',(-98.91346740349,-26.91718069066,
    -17.83565762929));
#2121 = CARTESIAN_POINT('',(-98.69974897113,-26.91718069065,
    -19.01238866357));
#2122 = CARTESIAN_POINT('',(-98.46988460471,-26.91718069069,
    -20.1849641074));
#2123 = CARTESIAN_POINT('',(-98.22852343955,-26.91718069061,
    -21.3615291592));
#2124 = CARTESIAN_POINT('',(-97.95939074818,-26.91718069072,
    -22.51216087509));
#2125 = CARTESIAN_POINT('',(-97.69841434915,-26.9171806906,
    -23.70133804399));
#2126 = CARTESIAN_POINT('',(-97.39853453618,-26.9171806907,
    -24.8448551356));
#2127 = CARTESIAN_POINT('',(-97.09638806273,-26.91718069064,
    -26.00696065847));
#2128 = CARTESIAN_POINT('',(-96.77514270048,-26.91718069067,
    -27.15793004218));
#2129 = CARTESIAN_POINT('',(-96.43961915054,-26.91718069066,
    -28.30586987815));
#2130 = CARTESIAN_POINT('',(-95.73922837793,-26.91718069066,
    -30.59386908945));
#2131 = CARTESIAN_POINT('',(-95.3737442825,-26.91718069065,
    -31.73263753473));
#2132 = CARTESIAN_POINT('',(-94.99279477666,-26.91718069067,
    -32.86517847085));
#2133 = CARTESIAN_POINT('',(-94.59992568334,-26.91718069063,
    -34.00017325244));
#2134 = CARTESIAN_POINT('',(-94.18290867614,-26.91718069069,
    -35.10583434237));
#2135 = CARTESIAN_POINT('',(-93.76894491474,-26.91718069063,
    -36.25077047732));
#2136 = CARTESIAN_POINT('',(-93.32237249331,-26.91718069068,
    -37.3453644305));
#2137 = CARTESIAN_POINT('',(-92.871125382,-26.91718069065,
    -38.45808913089));
#2138 = CARTESIAN_POINT('',(-92.40239671006,-26.91718069066,
    -39.55728097192));
#2139 = CARTESIAN_POINT('',(-91.91990739737,-26.91718069066,
    -40.65160541513));
#2140 = CARTESIAN_POINT('',(-91.17512542227,-26.91718069066,
    -42.2843597576));
#2141 = CARTESIAN_POINT('',(-90.92324598578,-26.91718069066,
    -42.82681570679));
#2142 = CARTESIAN_POINT('',(-90.66777517823,-26.91718069065,
    -43.3674875108));
#2143 = CARTESIAN_POINT('',(-90.40873951457,-26.91718069068,
    -43.90638694773));
#2144 = CARTESIAN_POINT('',(-90.14616460447,-26.91718069063,
    -44.44352617656));
#2145 = CARTESIAN_POINT('',(-89.88007514027,-26.91718069068,
    -44.97891769375));
#2146 = CARTESIAN_POINT('',(-89.61049488362,-26.91718069064,
    -45.51257428898));
#2147 = CARTESIAN_POINT('',(-89.33744665328,-26.91718069066,
    -46.04450900173));
#2148 = CARTESIAN_POINT('',(-89.06095231216,-26.91718069066,
    -46.57473507723));
#2149 = CARTESIAN_POINT('',(-88.78103275468,-26.91718069066,
    -47.10326592275));
#2150 = CARTESIAN_POINT('',(-87.93105817299,-26.91718069066,
    -48.68381334584));
#2151 = CARTESIAN_POINT('',(-87.35043405618,-26.91718069065,
    -49.72939829333));
#2152 = CARTESIAN_POINT('',(-86.75585661769,-26.91718069067,
    -50.76585823878));
#2153 = CARTESIAN_POINT('',(-86.14910988768,-26.91718069064,
    -51.80239940697));
#2154 = CARTESIAN_POINT('',(-85.52440199444,-26.91718069068,
    -52.80545970395));
#2155 = CARTESIAN_POINT('',(-84.89502642535,-26.91718069064,
    -53.8476356421));
#2156 = CARTESIAN_POINT('',(-84.24349011065,-26.91718069067,
    -54.83407547464));
#2157 = CARTESIAN_POINT('',(-83.58383175377,-26.91718069065,
    -55.83738547445));
#2158 = CARTESIAN_POINT('',(-82.90966788332,-26.91718069066,
    -56.82401223227));
#2159 = CARTESIAN_POINT('',(-82.22295735962,-26.91718069066,
    -57.80318054306));
#2160 = CARTESIAN_POINT('',(-80.82428300201,-26.91718069066,
    -59.74462277534));
#2161 = CARTESIAN_POINT('',(-80.11214998315,-26.91718069066,
    -60.70547594316));
#2162 = CARTESIAN_POINT('',(-79.38737406689,-26.91718069064,
    -61.65546090057));
#2163 = CARTESIAN_POINT('',(-78.65052236772,-26.91718069068,
    -62.60393797597));
#2164 = CARTESIAN_POINT('',(-77.90023329563,-26.91718069063,
    -63.51687620789));
#2165 = CARTESIAN_POINT('',(-77.14021086542,-26.91718069068,
    -64.46798619392));
#2166 = CARTESIAN_POINT('',(-76.36549229865,-26.91718069064,
    -65.36094434016));
#2167 = CARTESIAN_POINT('',(-75.58051917676,-26.91718069066,
    -66.26956819143));
#2168 = CARTESIAN_POINT('',(-74.78334223776,-26.91718069066,
    -67.15975817746));
#2169 = CARTESIAN_POINT('',(-73.97469950666,-26.91718069066,
    -68.04091585781));
#2170 = CARTESIAN_POINT('',(-72.74461133173,-26.91718069066,
    -69.34761782284));
#2171 = CARTESIAN_POINT('',(-72.33173235403,-26.91718069065,
    -69.78032171479));
#2172 = CARTESIAN_POINT('',(-71.91602609361,-26.91718069067,
    -70.21018173737));
#2173 = CARTESIAN_POINT('',(-71.49751387206,-26.91718069063,
    -70.63721756648));
#2174 = CARTESIAN_POINT('',(-71.07621603209,-26.91718069069,
    -71.06144894796));
#2175 = CARTESIAN_POINT('',(-70.65215193806,-26.91718069063,
    -71.48289565194));
#2176 = CARTESIAN_POINT('',(-70.22533998023,-26.91718069068,
    -71.90157742754));
#2177 = CARTESIAN_POINT('',(-69.79579757436,-26.91718069065,
    -72.3175139569));
#2178 = CARTESIAN_POINT('',(-69.36354116595,-26.91718069066,
    -72.73072481004));
#2179 = CARTESIAN_POINT('',(-68.92858623076,-26.91718069066,
    -73.14122939896));
#2180 = CARTESIAN_POINT('',(-67.61566937155,-26.91718069066,
    -74.36468199891));
#2181 = CARTESIAN_POINT('',(-66.72976663501,-26.91718069066,
    -75.16814238251));
#2182 = CARTESIAN_POINT('',(-65.83358421357,-26.91718069066,
    -75.9584768785));
#2183 = CARTESIAN_POINT('',(-64.92585221499,-26.91718069066,
    -76.74497659748));
#2184 = CARTESIAN_POINT('',(-64.01187432358,-26.91718069066,
    -77.49399884063));
#2185 = CARTESIAN_POINT('',(-63.08090315761,-26.91718069066,
    -78.27856049438));
#2186 = CARTESIAN_POINT('',(-62.14686309872,-26.91718069066,
    -79.00322060556));
#2187 = CARTESIAN_POINT('',(-61.19970929543,-26.91718069066,
    -79.74124484516));
#2188 = CARTESIAN_POINT('',(-60.24418243679,-26.91718069066,
    -80.45880857452));
#2189 = CARTESIAN_POINT('',(-59.27917221341,-26.91718069066,
    -81.1652766863));
#2190 = CARTESIAN_POINT('',(-57.33066916979,-26.91718069066,
    -82.554097693));
#2191 = CARTESIAN_POINT('',(-56.34747282953,-26.91718069066,
    -83.23505085077));
#2192 = CARTESIAN_POINT('',(-55.35579802055,-26.91718069064,
    -83.90164864652));
#2193 = CARTESIAN_POINT('',(-54.35317298163,-26.91718069068,
    -84.56293695017));
#2194 = CARTESIAN_POINT('',(-53.3492472764,-26.91718069062,
    -85.18625315009));
#2195 = CARTESIAN_POINT('',(-52.32383485268,-26.91718069069,
    -85.84258664893));
#2196 = CARTESIAN_POINT('',(-51.30319851093,-26.91718069063,
    -86.43913050002));
#2197 = CARTESIAN_POINT('',(-50.26781624602,-26.91718069067,
    -87.04721246061));
#2198 = CARTESIAN_POINT('',(-49.22680319082,-26.91718069065,
    -87.63391605035));
#2199 = CARTESIAN_POINT('',(-48.17783617113,-26.91718069066,
    -88.20838111959));
#2200 = CARTESIAN_POINT('',(-46.5930030354,-26.91718069066,
    -89.05033769532));
#2201 = CARTESIAN_POINT('',(-46.06294738393,-26.91718069066,
    -89.32736244993));
#2202 = CARTESIAN_POINT('',(-45.53112862505,-26.91718069065,
    -89.60078545869));
#2203 = CARTESIAN_POINT('',(-44.99756062445,-26.91718069066,
    -89.87063220698));
#2204 = CARTESIAN_POINT('',(-44.46225629768,-26.91718069065,
    -90.13692793148));
#2205 = CARTESIAN_POINT('',(-43.92522762723,-26.91718069066,
    -90.39969757791));
#2206 = CARTESIAN_POINT('',(-43.38648567848,-26.91718069066,
    -90.65896575831));
#2207 = CARTESIAN_POINT('',(-42.84604061698,-26.91718069066,
    -90.9147567087));
#2208 = CARTESIAN_POINT('',(-42.30390172445,-26.91718069066,
    -91.16709424656));
#2209 = CARTESIAN_POINT('',(-41.76007741579,-26.91718069066,
    -91.41600172831));
#2210 = CARTESIAN_POINT('',(-40.12357093472,-26.91718069066,
    -92.152502564));
#2211 = CARTESIAN_POINT('',(-39.02641906561,-26.91718069066,
    -92.62855930716));
#2212 = CARTESIAN_POINT('',(-37.9237522314,-26.91718069065,
    -93.08888245538));
#2213 = CARTESIAN_POINT('',(-36.81138140335,-26.91718069067,
    -93.54186184795));
#2214 = CARTESIAN_POINT('',(-35.70514289088,-26.91718069064,
    -93.95734501281));
#2215 = CARTESIAN_POINT('',(-34.57138916572,-26.91718069068,
    -94.40101920752));
#2216 = CARTESIAN_POINT('',(-33.45398413309,-26.91718069064,
    -94.78698436324));
#2217 = CARTESIAN_POINT('',(-32.31986554256,-26.91718069067,
    -95.18138913998));
#2218 = CARTESIAN_POINT('',(-31.18439506907,-26.91718069066,
    -95.5537278126));
#2219 = CARTESIAN_POINT('',(-30.04351108118,-26.91718069066,
    -95.91251138296));
#2220 = CARTESIAN_POINT('',(-27.75199295997,-26.91718069066,
    -96.6013020622));
#2221 = CARTESIAN_POINT('',(-26.60208950322,-26.91718069065,
    -96.93007901814));
#2222 = CARTESIAN_POINT('',(-25.44877190893,-26.91718069067,
    -97.24253713492));
#2223 = CARTESIAN_POINT('',(-24.28679189221,-26.91718069064,
    -97.54644769736));
#2224 = CARTESIAN_POINT('',(-23.13578596819,-26.91718069068,
    -97.81398324558));
#2225 = CARTESIAN_POINT('',(-21.95382056003,-26.91718069063,
    -98.10587718923));
#2226 = CARTESIAN_POINT('',(-20.79559652029,-26.91718069067,
    -98.34268973558));
#2227 = CARTESIAN_POINT('',(-19.6197003178,-26.91718069065,
    -98.58568814357));
#2228 = CARTESIAN_POINT('',(-18.44534400247,-26.91718069066,
    -98.80663276997));
#2229 = CARTESIAN_POINT('',(-17.26738978198,-26.91718069066,
    -99.01343165444));
#2230 = CARTESIAN_POINT('',(-14.90557069137,-26.91718069066,
    -99.39722649916));
#2231 = CARTESIAN_POINT('',(-13.72259081395,-26.91718069066,
    -99.57309820307));
#2232 = CARTESIAN_POINT('',(-12.53835604333,-26.91718069065,
    -99.73234504325));
#2233 = CARTESIAN_POINT('',(-11.34664863828,-26.91718069068,
    -99.88198678187));
#2234 = CARTESIAN_POINT('',(-10.17056933306,-26.91718069063,
    -99.99699710563));
#2235 = CARTESIAN_POINT('',(-8.960615997874,-26.91718069069,
    -100.1321164123));
#2236 = CARTESIAN_POINT('',(-7.781390485369,-26.91718069064,
    -100.2157244206));
#2237 = CARTESIAN_POINT('',(-6.583836581015,-26.91718069067,
    -100.3031586899));
#2238 = CARTESIAN_POINT('',(-5.390687985977,-26.91718069065,
    -100.3689288462));
#2239 = CARTESIAN_POINT('',(-4.195818656195,-26.91718069066,
    -100.4202046586));
#2240 = CARTESIAN_POINT('',(-2.402037145774,-26.91718069066,
    -100.4743787891));
#2241 = CARTESIAN_POINT('',(-1.804119764605,-26.91718069066,
    -100.4883971204));
#2242 = CARTESIAN_POINT('',(-1.206214111923,-26.91718069064,
    -100.4984053415));
#2243 = CARTESIAN_POINT('',(-0.608321351549,-26.91718069069,
    -100.5044324424));
#2244 = CARTESIAN_POINT('',(-1.044190527379E-02,-26.91718069062,
    -100.5065067692));
#2245 = CARTESIAN_POINT('',(0.587424513464,-26.9171806907,
    -100.5046559953));
#2246 = CARTESIAN_POINT('',(1.185278865907,-26.91718069063,
    -100.498907088));
#2247 = CARTESIAN_POINT('',(1.783122754305,-26.91718069067,
    -100.4892862806));
#2248 = CARTESIAN_POINT('',(2.380958388239,-26.91718069065,
    -100.4758190393));
#2249 = CARTESIAN_POINT('',(2.978788550954,-26.91718069066,
    -100.4585300337));
#2250 = CARTESIAN_POINT('',(4.772272595125,-26.91718069066,
    -100.3952692493));
#2251 = CARTESIAN_POINT('',(5.966832713252,-26.91718069065,
    -100.3369737024));
#2252 = CARTESIAN_POINT('',(7.159380262161,-26.91718069067,
    -100.2621279166));
#2253 = CARTESIAN_POINT('',(8.357382998538,-26.91718069064,
    -100.1764037495));
#2254 = CARTESIAN_POINT('',(9.533301670817,-26.91718069069,
    -100.0597624922));
#2255 = CARTESIAN_POINT('',(10.746366560967,-26.91718069063,
    -99.9562353331));
#2256 = CARTESIAN_POINT('',(11.9192446992,-26.91718069068,
    -99.80818135245));
#2257 = CARTESIAN_POINT('',(13.110845520816,-26.91718069064,
    -99.66030441966));
#2258 = CARTESIAN_POINT('',(14.29389922114,-26.91718069066,
    -99.49203907736));
#2259 = CARTESIAN_POINT('',(15.475812886536,-26.91718069066,
    -99.30922219699));
#2260 = CARTESIAN_POINT('',(17.83565735353,-26.91718069066,
    -98.91346723338));
#2261 = CARTESIAN_POINT('',(19.012388748504,-26.91718069066,
    -98.69974902947));
#2262 = CARTESIAN_POINT('',(20.184964552367,-26.91718069065,
    -98.46988486902));
#2263 = CARTESIAN_POINT('',(21.36152896019,-26.91718069066,
    -98.22852334883));
#2264 = CARTESIAN_POINT('',(22.512162745975,-26.91718069065,
    -97.95939178663));
#2265 = CARTESIAN_POINT('',(23.70133669203,-26.91718069067,
    -97.69841357609));
#2266 = CARTESIAN_POINT('',(24.844855772797,-26.91718069065,
    -97.39853490006));
#2267 = CARTESIAN_POINT('',(26.006960471283,-26.91718069066,
    -97.0963879573));
#2268 = CARTESIAN_POINT('',(27.157929948768,-26.91718069066,
    -96.7751426535));
#2269 = CARTESIAN_POINT('',(28.305869787647,-26.91718069066,
    -96.43961910665));
#2270 = CARTESIAN_POINT('',(30.593869069642,-26.91718069066,
    -95.73922836911));
#2271 = CARTESIAN_POINT('',(31.732637541015,-26.91718069064,
    -95.37374428576));
#2272 = CARTESIAN_POINT('',(32.865178502817,-26.9171806907,
    -94.99279479047));
#2273 = CARTESIAN_POINT('',(34.000173238686,-26.91718069059,
    -94.59992567913));
#2274 = CARTESIAN_POINT('',(35.105834475143,-26.91718069075,
    -94.1829087286));
#2275 = CARTESIAN_POINT('',(36.250770380901,-26.91718069057,
    -93.76894487515));
#2276 = CARTESIAN_POINT('',(37.345364475924,-26.91718069072,
    -93.32237251194));
#2277 = CARTESIAN_POINT('',(38.458089117542,-26.91718069062,
    -92.87112537656));
#2278 = CARTESIAN_POINT('',(39.557280965388,-26.91718069067,
    -92.40239670779));
#2279 = CARTESIAN_POINT('',(40.651605408821,-26.91718069066,
    -91.91990739527));
#2280 = CARTESIAN_POINT('',(42.828611203743,-26.91718069066,
    -90.92686476351));
#2281 = CARTESIAN_POINT('',(43.909932107288,-26.91718069066,
    -90.41586833479));
#2282 = CARTESIAN_POINT('',(44.983060137032,-26.91718069066,
    -89.89035165588));
#2283 = CARTESIAN_POINT('',(46.057065126622,-26.91718069066,
    -89.35269705337));
#2284 = CARTESIAN_POINT('',(47.098835643024,-26.91718069065,
    -88.79492998929));
#2285 = CARTESIAN_POINT('',(48.179943338181,-26.91718069067,
    -88.23506353022));
#2286 = CARTESIAN_POINT('',(49.206883638602,-26.91718069065,
    -87.64943845593));
#2287 = CARTESIAN_POINT('',(50.2511891965,-26.91718069066,-87.0568120921
    ));
#2288 = CARTESIAN_POINT('',(51.279795937306,-26.91718069066,
    -86.44862013554));
#2289 = CARTESIAN_POINT('',(52.301780790701,-26.91718069066,
    -85.82742058336));
#2290 = CARTESIAN_POINT('',(54.330543925815,-26.91718069066,
    -84.55871729211));
#2291 = CARTESIAN_POINT('',(55.335915561059,-26.91718069066,
    -83.91095180859));
#2292 = CARTESIAN_POINT('',(56.331269140687,-26.91718069066,
    -83.24985968217));
#2293 = CARTESIAN_POINT('',(57.325907860722,-26.91718069066,
    -82.57661900772));
#2294 = CARTESIAN_POINT('',(58.285962674918,-26.91718069065,
    -81.88764537936));
#2295 = CARTESIAN_POINT('',(59.284744106805,-26.91718069066,
    -81.1914557848));
#2296 = CARTESIAN_POINT('',(60.2264593796,-26.91718069065,
    -80.47679820702));
#2297 = CARTESIAN_POINT('',(61.184477495983,-26.91718069066,
    -79.75293261597));
#2298 = CARTESIAN_POINT('',(62.124899383313,-26.91718069066,
    -79.01568370471));
#2299 = CARTESIAN_POINT('',(63.057058202451,-26.91718069066,
    -78.2664028094));
#2300 = CARTESIAN_POINT('',(64.441414034149,-26.91718069066,
    -77.12441074516));
#2301 = CARTESIAN_POINT('',(64.900195050953,-26.91718069065,
    -76.7407159616));
#2302 = CARTESIAN_POINT('',(65.356323200584,-26.91718069068,
    -76.35401395083));
#2303 = CARTESIAN_POINT('',(65.80981672195,-26.91718069062,
    -75.96432727555));
#2304 = CARTESIAN_POINT('',(66.260693988781,-26.9171806907,
    -75.5716775265));
#2305 = CARTESIAN_POINT('',(66.70897346151,-26.91718069062,
    -75.17608531946));
#2306 = CARTESIAN_POINT('',(67.154673645139,-26.91718069069,
    -74.77757029709));
#2307 = CARTESIAN_POINT('',(67.597813039805,-26.91718069064,
    -74.37615112506));
#2308 = CARTESIAN_POINT('',(68.038410098593,-26.91718069066,
    -73.97184549363));
#2309 = CARTESIAN_POINT('',(68.476483179496,-26.91718069066,
    -73.56467011502));
#2310 = CARTESIAN_POINT('',(69.783185144535,-26.91718069066,
    -72.33458194008));
#2311 = CARTESIAN_POINT('',(70.642866068962,-26.91718069067,
    -71.50312481265));
#2312 = CARTESIAN_POINT('',(71.490121532788,-26.91718069064,
    -70.66055153562));
#2313 = CARTESIAN_POINT('',(72.334305808786,-26.91718069069,
    -69.80620260392));
#2314 = CARTESIAN_POINT('',(73.141501351916,-26.91718069062,
    -68.94317000757));
#2315 = CARTESIAN_POINT('',(73.98527162638,-26.9171806907,
    -68.06550490991));
#2316 = CARTESIAN_POINT('',(74.769469327301,-26.91718069063,
    -67.1808597411));
#2317 = CARTESIAN_POINT('',(75.567860223007,-26.91718069067,
    -66.2840029617));
#2318 = CARTESIAN_POINT('',(76.34638203994,-26.91718069065,
    -65.37745287265));
#2319 = CARTESIAN_POINT('',(77.114452237653,-26.91718069066,
    -64.46071403546));
#2320 = CARTESIAN_POINT('',(78.627737868414,-26.91718069066,
    -62.6072161262));
#2321 = CARTESIAN_POINT('',(79.371537170508,-26.91718069066,
    -61.67066135213));
#2322 = CARTESIAN_POINT('',(80.101566365042,-26.91718069066,
    -60.72470737683));
#2323 = CARTESIAN_POINT('',(80.827013613582,-26.91718069066,
    -59.76747935961));
#2324 = CARTESIAN_POINT('',(81.514655130844,-26.91718069065,
    -58.80646996592));
#2325 = CARTESIAN_POINT('',(82.236648546515,-26.91718069066,
    -57.82617929428));
#2326 = CARTESIAN_POINT('',(82.898667964549,-26.91718069066,
    -56.84674404745));
#2327 = CARTESIAN_POINT('',(83.573165214261,-26.91718069066,
    -55.8533490786));
#2328 = CARTESIAN_POINT('',(84.226698138405,-26.91718069066,
    -54.85293716289));
#2329 = CARTESIAN_POINT('',(84.868538959846,-26.91718069066,
    -53.84378787514));
#2330 = CARTESIAN_POINT('',(86.126948199052,-26.91718069066,
    -51.80862348597));
#2331 = CARTESIAN_POINT('',(86.742139266595,-26.91718069066,
    -50.78299577713));
#2332 = CARTESIAN_POINT('',(87.342451191382,-26.91718069065,
    -49.74984663759));
#2333 = CARTESIAN_POINT('',(87.936748795731,-26.91718069067,
    -48.7061179769));
#2334 = CARTESIAN_POINT('',(88.49307058207,-26.91718069064,
    -47.66357491043));
#2335 = CARTESIAN_POINT('',(89.080933579678,-26.91718069067,
    -46.5974317298));
#2336 = CARTESIAN_POINT('',(89.609447412194,-26.91718069065,
    -45.53996480114));
#2337 = CARTESIAN_POINT('',(90.148510170713,-26.91718069066,
    -44.46702891014));
#2338 = CARTESIAN_POINT('',(90.665872078351,-26.91718069065,
    -43.38987249065));
#2339 = CARTESIAN_POINT('',(91.170501455042,-26.91718069066,
    -42.30557957392));
#2340 = CARTESIAN_POINT('',(92.152502587652,-26.91718069066,
    -40.12357092454));
#2341 = CARTESIAN_POINT('',(92.628559331446,-26.91718069066,
    -39.02641905494));
#2342 = CARTESIAN_POINT('',(93.088882504326,-26.91718069064,
    -37.92375220695));
#2343 = CARTESIAN_POINT('',(93.541861678933,-26.91718069068,
    -36.81138149117));
#2344 = CARTESIAN_POINT('',(93.957345370132,-26.91718069064,
    -35.70514270637));
#2345 = CARTESIAN_POINT('',(94.401018712012,-26.91718069067,
    -34.57138941541));
#2346 = CARTESIAN_POINT('',(94.786984416815,-26.91718069065,
    -33.45398410976));
#2347 = CARTESIAN_POINT('',(95.181389023422,-26.91718069066,
    -32.319865604));
#2348 = CARTESIAN_POINT('',(95.55372779193,-26.91718069066,
    -31.18439508033));
#2349 = CARTESIAN_POINT('',(95.912511457971,-26.91718069066,
    -30.04351103759));
#2350 = CARTESIAN_POINT('',(96.429104659234,-26.91718069066,
    -28.32487233129));
#2351 = CARTESIAN_POINT('',(96.597397766764,-26.91718069065,
    -27.75095668073));
#2352 = CARTESIAN_POINT('',(96.761814339596,-26.91718069067,
    -27.17601448408));
#2353 = CARTESIAN_POINT('',(96.922382078283,-26.91718069064,
    -26.60005436916));
#2354 = CARTESIAN_POINT('',(97.079128254773,-26.91718069068,
    -26.02308408086));
#2355 = CARTESIAN_POINT('',(97.232079672735,-26.91718069064,
    -25.44511050502));
#2356 = CARTESIAN_POINT('',(97.381262630624,-26.91718069067,
    -24.8661396939));
#2357 = CARTESIAN_POINT('',(97.526702881815,-26.91718069065,
    -24.28617688979));
#2358 = CARTESIAN_POINT('',(97.668425597272,-26.91718069066,
    -23.70522655039));
#2359 = CARTESIAN_POINT('',(97.806455326437,-26.91718069066,
    -23.12329237278));
#2360 = CARTESIAN_POINT('',(98.075176591826,-26.91718069066,
    -21.95746226392));
#2361 = CARTESIAN_POINT('',(98.20557333658,-26.91718069066,
    -21.37376862777));
#2362 = CARTESIAN_POINT('',(98.332034847861,-26.91718069066,
    -20.78930408481));
#2363 = CARTESIAN_POINT('',(98.454589330568,-26.91718069065,
    -20.20407542973));
#2364 = CARTESIAN_POINT('',(98.573264503941,-26.91718069067,
    -19.61808860401));
#2365 = CARTESIAN_POINT('',(98.688087563685,-26.91718069064,
    -19.03134872292));
#2366 = CARTESIAN_POINT('',(98.799085146795,-26.91718069067,
    -18.44386010263));
#2367 = CARTESIAN_POINT('',(98.90628329305,-26.91718069065,
    -17.85562628709));
#2368 = CARTESIAN_POINT('',(99.009707409897,-26.91718069066,
    -17.26665007526));
#2369 = CARTESIAN_POINT('',(99.109382234477,-26.91718069066,
    -16.67693354793));
#2370 = CARTESIAN_POINT('',(99.397230923976,-26.91718069066,
    -14.9055671888));
#2371 = CARTESIAN_POINT('',(99.573102691713,-26.91718069065,
    -13.72258719137));
#2372 = CARTESIAN_POINT('',(99.732353801652,-26.91718069069,
    -12.53834823885));
#2373 = CARTESIAN_POINT('',(99.881956563548,-26.91718069061,
    -11.34667627442));
#2374 = CARTESIAN_POINT('',(99.997060887455,-26.91718069072,
    -10.17051117182));
#2375 = CARTESIAN_POINT('',(100.13202709438,-26.9171806906,
    -8.960695703538));
#2376 = CARTESIAN_POINT('',(100.21573462418,-26.9171806907,
    -7.781382414195));
#2377 = CARTESIAN_POINT('',(100.30313818064,-26.91718069063,
    -6.583855693255));
#2378 = CARTESIAN_POINT('',(100.3689254714,-26.91718069067,
    -5.390691339288));
#2379 = CARTESIAN_POINT('',(100.42021781933,-26.91718069066,
    -4.195805538177));
#2380 = CARTESIAN_POINT('',(100.49249329496,-26.91718069066,
    -1.804051725458));
#2381 = CARTESIAN_POINT('',(100.51245098871,-26.91718069066,
    -0.608234850827));
#2382 = CARTESIAN_POINT('',(100.51687757488,-26.91718069066,
    0.587964862767));
#2383 = CARTESIAN_POINT('',(100.50396268337,-26.91718069066,
    1.782306132269));
#2384 = CARTESIAN_POINT('',(100.47728946662,-26.91718069065,
    2.97833391075));
#2385 = CARTESIAN_POINT('',(100.43648899628,-26.91718069067,
    4.17588742751));
#2386 = CARTESIAN_POINT('',(100.37835068784,-26.91718069065,
    5.370978210011));
#2387 = CARTESIAN_POINT('',(100.30309793122,-26.91718069066,
    6.563127502405));
#2388 = CARTESIAN_POINT('',(100.21384500104,-26.91718069066,
    7.756151604557));
#2389 = CARTESIAN_POINT('',(100.10892186262,-26.91718069066,
    8.947753321523));
#2390 = CARTESIAN_POINT('',(99.868876487284,-26.91718069066,
    11.3291396055));
#2391 = CARTESIAN_POINT('',(99.732578215666,-26.91718069066,
    12.517351595482));
#2392 = CARTESIAN_POINT('',(99.580334416265,-26.91718069064,
    13.703221092999));
#2393 = CARTESIAN_POINT('',(99.412199990139,-26.91718069068,
    14.886472723741));
#2394 = CARTESIAN_POINT('',(99.228360909701,-26.91718069063,
    16.067060875922));
#2395 = CARTESIAN_POINT('',(99.029205051158,-26.91718069068,
    17.245291317084));
#2396 = CARTESIAN_POINT('',(98.81519314891,-26.91718069065,
    18.421629031832));
#2397 = CARTESIAN_POINT('',(98.586665412393,-26.91718069066,
    19.596400682304));
#2398 = CARTESIAN_POINT('',(98.343719318286,-26.91718069066,
    20.76960009195));
#2399 = CARTESIAN_POINT('',(98.086294116693,-26.91718069066,
    21.941005154083));
#2400 = CARTESIAN_POINT('',(97.814597569988,-26.91718069066,
    23.110814566209));
#2401 = PCURVE('',#1695,#2402);
#2402 = DEFINITIONAL_REPRESENTATION('',(#2403),#2726);
#2403 = B_SPLINE_CURVE_WITH_KNOTS('',11,(#2404,#2405,#2406,#2407,#2408,
    #2409,#2410,#2411,#2412,#2413,#2414,#2415,#2416,#2417,#2418,#2419,
    #2420,#2421,#2422,#2423,#2424,#2425,#2426,#2427,#2428,#2429,#2430,
    #2431,#2432,#2433,#2434,#2435,#2436,#2437,#2438,#2439,#2440,#2441,
    #2442,#2443,#2444,#2445,#2446,#2447,#2448,#2449,#2450,#2451,#2452,
    #2453,#2454,#2455,#2456,#2457,#2458,#2459,#2460,#2461,#2462,#2463,
    #2464,#2465,#2466,#2467,#2468,#2469,#2470,#2471,#2472,#2473,#2474,
    #2475,#2476,#2477,#2478,#2479,#2480,#2481,#2482,#2483,#2484,#2485,
    #2486,#2487,#2488,#2489,#2490,#2491,#2492,#2493,#2494,#2495,#2496,
    #2497,#2498,#2499,#2500,#2501,#2502,#2503,#2504,#2505,#2506,#2507,
    #2508,#2509,#2510,#2511,#2512,#2513,#2514,#2515,#2516,#2517,#2518,
    #2519,#2520,#2521,#2522,#2523,#2524,#2525,#2526,#2527,#2528,#2529,
    #2530,#2531,#2532,#2533,#2534,#2535,#2536,#2537,#2538,#2539,#2540,
    #2541,#2542,#2543,#2544,#2545,#2546,#2547,#2548,#2549,#2550,#2551,
    #2552,#2553,#2554,#2555,#2556,#2557,#2558,#2559,#2560,#2561,#2562,
    #2563,#2564,#2565,#2566,#2567,#2568,#2569,#2570,#2571,#2572,#2573,
    #2574,#2575,#2576,#2577,#2578,#2579,#2580,#2581,#2582,#2583,#2584,
    #2585,#2586,#2587,#2588,#2589,#2590,#2591,#2592,#2593,#2594,#2595,
    #2596,#2597,#2598,#2599,#2600,#2601,#2602,#2603,#2604,#2605,#2606,
    #2607,#2608,#2609,#2610,#2611,#2612,#2613,#2614,#2615,#2616,#2617,
    #2618,#2619,#2620,#2621,#2622,#2623,#2624,#2625,#2626,#2627,#2628,
    #2629,#2630,#2631,#2632,#2633,#2634,#2635,#2636,#2637,#2638,#2639,
    #2640,#2641,#2642,#2643,#2644,#2645,#2646,#2647,#2648,#2649,#2650,
    #2651,#2652,#2653,#2654,#2655,#2656,#2657,#2658,#2659,#2660,#2661,
    #2662,#2663,#2664,#2665,#2666,#2667,#2668,#2669,#2670,#2671,#2672,
    #2673,#2674,#2675,#2676,#2677,#2678,#2679,#2680,#2681,#2682,#2683,
    #2684,#2685,#2686,#2687,#2688,#2689,#2690,#2691,#2692,#2693,#2694,
    #2695,#2696,#2697,#2698,#2699,#2700,#2701,#2702,#2703,#2704,#2705,
    #2706,#2707,#2708,#2709,#2710,#2711,#2712,#2713,#2714,#2715,#2716,
    #2717,#2718,#2719,#2720,#2721,#2722,#2723,#2724,#2725),
  .UNSPECIFIED.,.F.,.F.,(12,10,10,10,10,10,10,10,10,10,10,10,10,10,10,10
    ,10,10,10,10,10,10,10,10,10,10,10,10,10,10,10,10,12),(0.,
    6.216625736137,18.649877208412,31.083128680687,43.516380152962,
    55.949631625237,68.382883097512,74.59950883365,87.032760305925,
    99.466011778199,105.68263751433,118.11588898661,130.54914045888,
    136.76576619502,149.19901766729,161.63226913957,174.06552061184,
    180.28214634798,192.71539782026,205.14864929253,217.58190076481,
    230.01515223708,242.44840370936,248.66502944549,261.09828091777,
    273.53153239004,285.96478386232,298.39803533459,304.61466107073,
    310.83128680687,323.26453827914,335.69778975142,348.13104122369),
  .UNSPECIFIED.);
#2404 = CARTESIAN_POINT('',(96.248380900258,-81.08683695582));
#2405 = CARTESIAN_POINT('',(96.423266830746,-80.51239533141));
#2406 = CARTESIAN_POINT('',(96.593891987781,-79.93709410574));
#2407 = CARTESIAN_POINT('',(96.760287798499,-79.36094903458));
#2408 = CARTESIAN_POINT('',(96.922485557552,-78.7839748446));
#2409 = CARTESIAN_POINT('',(97.080516384745,-78.20618525296));
#2410 = CARTESIAN_POINT('',(97.234411182476,-77.6275929859));
#2411 = CARTESIAN_POINT('',(97.384200593685,-77.0482097987));
#2412 = CARTESIAN_POINT('',(97.529914959023,-76.46804649411));
#2413 = CARTESIAN_POINT('',(97.671584274838,-75.88711294218));
#2414 = CARTESIAN_POINT('',(97.809238150568,-75.30541809902));
#2415 = CARTESIAN_POINT('',(98.210240998075,-73.55807388067));
#2416 = CARTESIAN_POINT('',(98.462093218118,-72.3898477475));
#2417 = CARTESIAN_POINT('',(98.697474344578,-71.21931925963));
#2418 = CARTESIAN_POINT('',(98.926460639053,-70.03857536787));
#2419 = CARTESIAN_POINT('',(99.112620354275,-68.87697885261));
#2420 = CARTESIAN_POINT('',(99.335267945601,-67.67163611352));
#2421 = CARTESIAN_POINT('',(99.49043527057,-66.50457742356));
#2422 = CARTESIAN_POINT('',(99.658238637602,-65.31357337278));
#2423 = CARTESIAN_POINT('',(99.801644800268,-64.1274685792));
#2424 = CARTESIAN_POINT('',(99.930952727766,-62.93851465101));
#2425 = CARTESIAN_POINT('',(100.1592813217,-60.55680982919));
#2426 = CARTESIAN_POINT('',(100.25734361855,-59.36492061658));
#2427 = CARTESIAN_POINT('',(100.33873797934,-58.17286837937));
#2428 = CARTESIAN_POINT('',(100.41022869987,-56.97381343802));
#2429 = CARTESIAN_POINT('',(100.44773081766,-55.7930921066));
#2430 = CARTESIAN_POINT('',(100.50397471097,-54.57633408691));
#2431 = CARTESIAN_POINT('',(100.50994175556,-53.39450791596));
#2432 = CARTESIAN_POINT('',(100.51900844951,-52.1936573959));
#2433 = CARTESIAN_POINT('',(100.50658826655,-50.99877748491));
#2434 = CARTESIAN_POINT('',(100.47960833173,-49.80311314294));
#2435 = CARTESIAN_POINT('',(100.39525530275,-47.41181355714));
#2436 = CARTESIAN_POINT('',(100.33695867479,-46.21725806692));
#2437 = CARTESIAN_POINT('',(100.26211208955,-45.02471517413));
#2438 = CARTESIAN_POINT('',(100.17639723316,-43.82670353278));
#2439 = CARTESIAN_POINT('',(100.05973836505,-42.65081258034));
#2440 = CARTESIAN_POINT('',(99.956246671362,-41.43770403854));
#2441 = CARTESIAN_POINT('',(99.808175209809,-40.26485226156));
#2442 = CARTESIAN_POINT('',(99.660309562658,-39.07324000134));
#2443 = CARTESIAN_POINT('',(99.492046065251,-37.89018713437));
#2444 = CARTESIAN_POINT('',(99.309232002903,-36.70827305891));
#2445 = CARTESIAN_POINT('',(98.913482109945,-34.34842860069));
#2446 = CARTESIAN_POINT('',(98.699766529186,-33.17169704851));
#2447 = CARTESIAN_POINT('',(98.469905004292,-31.99912104764));
#2448 = CARTESIAN_POINT('',(98.228546690324,-30.82255541095));
#2449 = CARTESIAN_POINT('',(97.959416787303,-29.67192304287));
#2450 = CARTESIAN_POINT('',(97.698443270025,-28.48274524154));
#2451 = CARTESIAN_POINT('',(97.398566228168,-27.33922742323));
#2452 = CARTESIAN_POINT('',(97.09642257087,-26.17712116816));
#2453 = CARTESIAN_POINT('',(96.775179997793,-25.02615100598));
#2454 = CARTESIAN_POINT('',(96.439659229672,-23.87821035693));
#2455 = CARTESIAN_POINT('',(95.739274001624,-21.59020944837));
#2456 = CARTESIAN_POINT('',(95.373792665787,-20.45144011741));
#2457 = CARTESIAN_POINT('',(94.992845904458,-19.31889825813));
#2458 = CARTESIAN_POINT('',(94.599979561593,-18.18390252449));
#2459 = CARTESIAN_POINT('',(94.182965233771,-17.07824042401));
#2460 = CARTESIAN_POINT('',(93.769004246919,-15.93330328589));
#2461 = CARTESIAN_POINT('',(93.322434478037,-14.83870825053));
#2462 = CARTESIAN_POINT('',(92.871190063213,-13.72598245662));
#2463 = CARTESIAN_POINT('',(92.402464054966,-12.62678947971));
#2464 = CARTESIAN_POINT('',(91.919977394184,-11.53246386729));
#2465 = CARTESIAN_POINT('',(91.175199375767,-9.899707719974));
#2466 = CARTESIAN_POINT('',(90.923321253819,-9.357251160405));
#2467 = CARTESIAN_POINT('',(90.667851756493,-8.816578737307));
#2468 = CARTESIAN_POINT('',(90.408817398755,-8.277678672651));
#2469 = CARTESIAN_POINT('',(90.146243790318,-7.740538807522));
#2470 = CARTESIAN_POINT('',(89.880155623543,-7.205146645514));
#2471 = CARTESIAN_POINT('',(89.610576660116,-6.671489397008));
#2472 = CARTESIAN_POINT('',(89.337529718829,-6.139554022574));
#2473 = CARTESIAN_POINT('',(89.061036662612,-5.609327277044));
#2474 = CARTESIAN_POINT('',(88.781118385937,-5.08079575319));
#2475 = CARTESIAN_POINT('',(87.931147634418,-3.500246270349));
#2476 = CARTESIAN_POINT('',(87.350526051391,-2.454659915825));
#2477 = CARTESIAN_POINT('',(86.755951124576,-1.418198529522));
#2478 = CARTESIAN_POINT('',(86.149206906446,-0.381655890996));
#2479 = CARTESIAN_POINT('',(85.524501443942,0.621405919852));
#2480 = CARTESIAN_POINT('',(84.895128400381,1.66358338317));
#2481 = CARTESIAN_POINT('',(84.24359447614,2.650024794596));
#2482 = CARTESIAN_POINT('',(83.583938550596,3.653336392961));
#2483 = CARTESIAN_POINT('',(82.90977707106,4.639964784498));
#2484 = CARTESIAN_POINT('',(82.223068920207,5.619134759402));
#2485 = CARTESIAN_POINT('',(80.824399267337,7.560580381112));
#2486 = CARTESIAN_POINT('',(80.11226857693,8.521435274652));
#2487 = CARTESIAN_POINT('',(79.387494962784,9.471421988422));
#2488 = CARTESIAN_POINT('',(78.650645562081,10.419900849442));
#2489 = CARTESIAN_POINT('',(77.900358702334,11.332840899554));
#2490 = CARTESIAN_POINT('',(77.140338576976,12.283952727361));
#2491 = CARTESIAN_POINT('',(76.365622174129,13.176912750985));
#2492 = CARTESIAN_POINT('',(75.580651254127,14.085538504499));
#2493 = CARTESIAN_POINT('',(74.783476472345,14.975730422337));
#2494 = CARTESIAN_POINT('',(73.974835876574,15.856890062281));
#2495 = CARTESIAN_POINT('',(72.744750868199,17.16359500821));
#2496 = CARTESIAN_POINT('',(72.331872939079,17.596299900689));
#2497 = CARTESIAN_POINT('',(71.916167720356,18.026160930664));
#2498 = CARTESIAN_POINT('',(71.49765653365,18.453197773953));
#2499 = CARTESIAN_POINT('',(71.076359721724,18.877430176376));
#2500 = CARTESIAN_POINT('',(70.652296648999,19.298877907999));
#2501 = CARTESIAN_POINT('',(70.225485705767,19.717560717897));
#2502 = CARTESIAN_POINT('',(69.795944307849,20.133498288178));
#2503 = CARTESIAN_POINT('',(69.363688900784,20.546710188809));
#2504 = CARTESIAN_POINT('',(68.928734960372,20.957215831762));
#2505 = CARTESIAN_POINT('',(67.615821065984,22.18067161333));
#2506 = CARTESIAN_POINT('',(66.729920276494,22.984134143749));
#2507 = CARTESIAN_POINT('',(65.83373977029,23.774470811474));
#2508 = CARTESIAN_POINT('',(64.92600967765,24.560972730179));
#2509 = CARTESIAN_POINT('',(64.012033601364,25.309997188181));
#2510 = CARTESIAN_POINT('',(63.081064336639,26.094561097972));
#2511 = CARTESIAN_POINT('',(62.147026033836,26.819223472629));
#2512 = CARTESIAN_POINT('',(61.199874019019,27.557250007481));
#2513 = CARTESIAN_POINT('',(60.244348899268,28.274816052387));
#2514 = CARTESIAN_POINT('',(59.279340387886,28.981286502692));
#2515 = CARTESIAN_POINT('',(57.330840709831,30.370112231229));
#2516 = CARTESIAN_POINT('',(56.347646019733,31.051067771605));
#2517 = CARTESIAN_POINT('',(55.355972826142,31.717667970498));
#2518 = CARTESIAN_POINT('',(54.353349389732,32.378958703817));
#2519 = CARTESIAN_POINT('',(53.349425194998,33.002277336577));
#2520 = CARTESIAN_POINT('',(52.324014361793,33.658613320312));
#2521 = CARTESIAN_POINT('',(51.30337946566,34.255159644725));
#2522 = CARTESIAN_POINT('',(50.267998674333,34.863244114383));
#2523 = CARTESIAN_POINT('',(49.226987040907,35.449950226821));
#2524 = CARTESIAN_POINT('',(48.17802141333,36.024417838045));
#2525 = CARTESIAN_POINT('',(46.593190317929,36.866378254332));
#2526 = CARTESIAN_POINT('',(46.063135337788,37.143404293437));
#2527 = CARTESIAN_POINT('',(45.531317241502,37.416828590957));
#2528 = CARTESIAN_POINT('',(44.997749894828,37.68667663225));
#2529 = CARTESIAN_POINT('',(44.462446213379,37.95297365397));
#2530 = CARTESIAN_POINT('',(43.925418179702,38.215744601786));
#2531 = CARTESIAN_POINT('',(43.386676859243,38.475014087735));
#2532 = CARTESIAN_POINT('',(42.846232417608,38.730806347788));
#2533 = CARTESIAN_POINT('',(42.304094136573,38.983145199424));
#2534 = CARTESIAN_POINT('',(41.760270431096,39.232053999032));
#2535 = CARTESIAN_POINT('',(40.123765734812,39.968558800499));
#2536 = CARTESIAN_POINT('',(39.026615019343,40.444618202405));
#2537 = CARTESIAN_POINT('',(37.923949300641,40.904944022742));
#2538 = CARTESIAN_POINT('',(36.811579570311,41.357926110942));
#2539 = CARTESIAN_POINT('',(35.705342064696,41.773411956567));
#2540 = CARTESIAN_POINT('',(34.571589414697,42.217088898724));
#2541 = CARTESIAN_POINT('',(33.454185317388,42.60305676227));
#2542 = CARTESIAN_POINT('',(32.320067682631,42.997464287345));
#2543 = CARTESIAN_POINT('',(31.184598111444,43.36980571157));
#2544 = CARTESIAN_POINT('',(30.043714993001,43.728592046653));
#2545 = CARTESIAN_POINT('',(27.75219854096,44.417388278971));
#2546 = CARTESIAN_POINT('',(26.602295880946,44.746168021498));
#2547 = CARTESIAN_POINT('',(25.448979043839,45.058628933135));
#2548 = CARTESIAN_POINT('',(24.286999763599,45.36254231142));
#2549 = CARTESIAN_POINT('',(23.1359944879,45.630080648898));
#2550 = CARTESIAN_POINT('',(21.9540297871,45.921977456823));
#2551 = CARTESIAN_POINT('',(20.795806321238,46.158792809924));
#2552 = CARTESIAN_POINT('',(19.619910707611,46.40179406748));
#2553 = CARTESIAN_POINT('',(18.44555492771,46.622741539723));
#2554 = CARTESIAN_POINT('',(17.267601208361,46.829543278749));
#2555 = CARTESIAN_POINT('',(14.905783047812,47.213343846914));
#2556 = CARTESIAN_POINT('',(13.722803596595,47.389218417563));
#2557 = CARTESIAN_POINT('',(12.538569211881,47.548468127516));
#2558 = CARTESIAN_POINT('',(11.346862169461,47.698112754024));
#2559 = CARTESIAN_POINT('',(10.170783142948,47.813125927798));
#2560 = CARTESIAN_POINT('',(8.960830135203,47.948248166636));
#2561 = CARTESIAN_POINT('',(7.781604825311,48.031859032569));
#2562 = CARTESIAN_POINT('',(6.584051132841,48.119296203949));
#2563 = CARTESIAN_POINT('',(5.390902697189,48.185069251598));
#2564 = CARTESIAN_POINT('',(4.196033491668,48.236347959506));
#2565 = CARTESIAN_POINT('',(2.402252112534,48.290526436915));
#2566 = CARTESIAN_POINT('',(1.804334765337,48.304546217185));
#2567 = CARTESIAN_POINT('',(1.20642913691,48.314555887224));
#2568 = CARTESIAN_POINT('',(0.608536391144,48.320584436987));
#2569 = CARTESIAN_POINT('',(1.065694989707E-02,48.322660212675));
#2570 = CARTESIAN_POINT('',(-0.587209473324,48.320810887522));
#2571 = CARTESIAN_POINT('',(-1.185063839697,48.315063429103));
#2572 = CARTESIAN_POINT('',(-1.782907751407,48.305444070462));
#2573 = CARTESIAN_POINT('',(-2.380743417975,48.291978277868));
#2574 = CARTESIAN_POINT('',(-2.978573622584,48.274690720962));
#2575 = CARTESIAN_POINT('',(-4.772057820052,48.211434282754));
#2576 = CARTESIAN_POINT('',(-5.966618079444,48.153141630726));
#2577 = CARTESIAN_POINT('',(-7.159165809725,48.078298734833));
#2578 = CARTESIAN_POINT('',(-8.357168753836,47.992577470868));
#2579 = CARTESIAN_POINT('',(-9.533087708769,47.875939063194));
#2580 = CARTESIAN_POINT('',(-10.74615284979,47.772414843688));
#2581 = CARTESIAN_POINT('',(-11.9190313468,47.624363705295));
#2582 = CARTESIAN_POINT('',(-13.11063252677,47.47648966014));
#2583 = CARTESIAN_POINT('',(-14.29368663485,47.308227184751));
#2584 = CARTESIAN_POINT('',(-15.47560074327,47.125413168541));
#2585 = CARTESIAN_POINT('',(-17.83544616929,46.72966392359));
#2586 = CARTESIAN_POINT('',(-19.01217808217,46.515948571275));
#2587 = CARTESIAN_POINT('',(-20.18475444307,46.286087252352));
#2588 = CARTESIAN_POINT('',(-21.36131943578,46.044728583354));
#2589 = CARTESIAN_POINT('',(-22.51195387375,45.77559980951));
#2590 = CARTESIAN_POINT('',(-23.70112845224,45.514624480716));
#2591 = CARTESIAN_POINT('',(-24.8446482597,45.214748575795));
#2592 = CARTESIAN_POINT('',(-26.00675369039,44.912604449191));
#2593 = CARTESIAN_POINT('',(-27.15772394635,44.591361934562));
#2594 = CARTESIAN_POINT('',(-28.3056645983,44.255841169536));
#2595 = CARTESIAN_POINT('',(-30.59366557756,43.555455976552));
#2596 = CARTESIAN_POINT('',(-31.73243493462,43.189974652799));
#2597 = CARTESIAN_POINT('',(-32.86497681958,42.809027902023));
#2598 = CARTESIAN_POINT('',(-33.99997250749,42.416161541137));
#2599 = CARTESIAN_POINT('',(-35.10563475451,41.999147269976));
#2600 = CARTESIAN_POINT('',(-36.25057166343,41.585186191075));
#2601 = CARTESIAN_POINT('',(-37.34516684064,41.13861648042));
#2602 = CARTESIAN_POINT('',(-38.45789257577,40.687372041531));
#2603 = CARTESIAN_POINT('',(-39.55708555949,40.218646036447));
#2604 = CARTESIAN_POINT('',(-40.65141117215,39.736159375831));
#2605 = CARTESIAN_POINT('',(-42.82841937352,38.743122019653));
#2606 = CARTESIAN_POINT('',(-43.90974151537,38.232128211319));
#2607 = CARTESIAN_POINT('',(-44.98287081861,37.706614132945));
#2608 = CARTESIAN_POINT('',(-46.0568771111,37.168962133098));
#2609 = CARTESIAN_POINT('',(-47.09864897915,36.611197593555));
#2610 = CARTESIAN_POINT('',(-48.17975803104,36.051333754362));
#2611 = CARTESIAN_POINT('',(-49.20669975061,35.465711168677));
#2612 = CARTESIAN_POINT('',(-50.25100674463,34.873087335534));
#2613 = CARTESIAN_POINT('',(-51.27961495928,34.264897871615));
#2614 = CARTESIAN_POINT('',(-52.30160131804,33.643700796034));
#2615 = CARTESIAN_POINT('',(-54.33036752762,32.37500242113));
#2616 = CARTESIAN_POINT('',(-55.3357407326,31.72723937395));
#2617 = CARTESIAN_POINT('',(-56.33109591426,31.066149659589));
#2618 = CARTESIAN_POINT('',(-57.32573626577,30.392911395474));
#2619 = CARTESIAN_POINT('',(-58.28579274957,29.703940093627));
#2620 = CARTESIAN_POINT('',(-59.28457586854,29.007752919438));
#2621 = CARTESIAN_POINT('',(-60.22629287318,28.29309762374));
#2622 = CARTESIAN_POINT('',(-61.18431274372,27.56923435428));
#2623 = CARTESIAN_POINT('',(-62.12473641763,26.831987721961));
#2624 = CARTESIAN_POINT('',(-63.05689705252,26.082709085572));
#2625 = CARTESIAN_POINT('',(-64.44125565162,24.94072037607));
#2626 = CARTESIAN_POINT('',(-64.90003759824,24.557026704284));
#2627 = CARTESIAN_POINT('',(-65.35616668497,24.170325798859));
#2628 = CARTESIAN_POINT('',(-65.80966115067,23.780640222542));
#2629 = CARTESIAN_POINT('',(-66.26053936902,23.387991566111));
#2630 = CARTESIAN_POINT('',(-66.70881980039,22.992400445396));
#2631 = CARTESIAN_POINT('',(-67.15452094975,22.593886503099));
#2632 = CARTESIAN_POINT('',(-67.59766131718,22.192468404941));
#2633 = CARTESIAN_POINT('',(-68.03825935573,21.788163841216));
#2634 = CARTESIAN_POINT('',(-68.47633342334,21.380989524199));
#2635 = CARTESIAN_POINT('',(-69.78303836928,20.150904515819));
#2636 = CARTESIAN_POINT('',(-70.64272130859,19.319449471674));
#2637 = CARTESIAN_POINT('',(-71.48997881423,18.476878247817));
#2638 = CARTESIAN_POINT('',(-72.33416516059,17.622531361848));
#2639 = CARTESIAN_POINT('',(-73.14136279512,16.759500721593));
#2640 = CARTESIAN_POINT('',(-73.98513519645,15.881837668661));
#2641 = CARTESIAN_POINT('',(-74.76933504114,14.997194400216));
#2642 = CARTESIAN_POINT('',(-75.56772811022,14.100339555576));
#2643 = CARTESIAN_POINT('',(-76.34625212401,13.193791353139));
#2644 = CARTESIAN_POINT('',(-77.11432454327,12.277054377233));
#2645 = CARTESIAN_POINT('',(-78.62761466565,10.423560135146));
#2646 = CARTESIAN_POINT('',(-79.37141623731,9.487007163548));
#2647 = CARTESIAN_POINT('',(-80.10144772419,8.541054957345));
#2648 = CARTESIAN_POINT('',(-80.8268972924,7.583828698113));
#2649 = CARTESIAN_POINT('',(-81.51454113849,6.622820970799));
#2650 = CARTESIAN_POINT('',(-82.23653692971,5.64253204879));
#2651 = CARTESIAN_POINT('',(-82.89855872123,4.663098406246));
#2652 = CARTESIAN_POINT('',(-83.57305837825,3.669705071915));
#2653 = CARTESIAN_POINT('',(-84.22659372671,2.669294739932));
#2654 = CARTESIAN_POINT('',(-84.86843699364,1.660147007565));
#2655 = CARTESIAN_POINT('',(-86.1268511647,-0.375014332067));
#2656 = CARTESIAN_POINT('',(-86.74204471766,-1.400640550099));
#2657 = CARTESIAN_POINT('',(-87.3423591461,-2.433788234894));
#2658 = CARTESIAN_POINT('',(-87.93665927974,-3.477515455406));
#2659 = CARTESIAN_POINT('',(-88.49298359249,-4.52005717373));
#2660 = CARTESIAN_POINT('',(-89.0808491737,-5.586198929772));
#2661 = CARTESIAN_POINT('',(-89.6093655688,-6.643664577673));
#2662 = CARTESIAN_POINT('',(-90.14843092738,-7.716599162346));
#2663 = CARTESIAN_POINT('',(-90.66579544531,-8.793754328097));
#2664 = CARTESIAN_POINT('',(-91.17042744959,-9.878046021951));
#2665 = CARTESIAN_POINT('',(-92.1524338699,-12.06005229162));
#2666 = CARTESIAN_POINT('',(-92.62849327244,-13.15720300757));
#2667 = CARTESIAN_POINT('',(-93.08881911743,-14.25986874005));
#2668 = CARTESIAN_POINT('',(-93.54180098767,-15.37223835812));
#2669 = CARTESIAN_POINT('',(-93.95728735964,-16.47847613606));
#2670 = CARTESIAN_POINT('',(-94.40096344896,-17.61222835186));
#2671 = CARTESIAN_POINT('',(-94.78693186159,-18.72963272219));
#2672 = CARTESIAN_POINT('',(-95.18133921653,-19.86375027217));
#2673 = CARTESIAN_POINT('',(-95.55368073665,-20.99921989355));
#2674 = CARTESIAN_POINT('',(-95.91246716741,-22.14010306683));
#2675 = CARTESIAN_POINT('',(-96.42906453348,-23.85874052126));
#2676 = CARTESIAN_POINT('',(-96.59735903179,-24.43265576399));
#2677 = CARTESIAN_POINT('',(-96.76177699789,-25.0075975622));
#2678 = CARTESIAN_POINT('',(-96.92234613232,-25.58355728801));
#2679 = CARTESIAN_POINT('',(-97.07909370699,-26.16052719647));
#2680 = CARTESIAN_POINT('',(-97.23204652557,-26.73850040165));
#2681 = CARTESIAN_POINT('',(-97.38123088649,-27.31747085125));
#2682 = CARTESIAN_POINT('',(-97.52667254311,-27.89743330291));
#2683 = CARTESIAN_POINT('',(-97.6683966664,-28.47838329888));
#2684 = CARTESIAN_POINT('',(-97.80642780577,-29.06031714199));
#2685 = CARTESIAN_POINT('',(-98.07515189634,-30.22614659965));
#2686 = CARTESIAN_POINT('',(-98.20555005557,-30.80983991981));
#2687 = CARTESIAN_POINT('',(-98.33201298319,-31.3943041563));
#2688 = CARTESIAN_POINT('',(-98.4545688841,-31.9795325144));
#2689 = CARTESIAN_POINT('',(-98.5732454775,-32.56551905252));
#2690 = CARTESIAN_POINT('',(-98.6880699591,-33.15225865536));
#2691 = CARTESIAN_POINT('',(-98.79906896589,-33.73974700667));
#2692 = CARTESIAN_POINT('',(-98.90626853762,-34.32798056243));
#2693 = CARTESIAN_POINT('',(-99.00969408174,-34.91695652363));
#2694 = CARTESIAN_POINT('',(-99.1093703354,-35.50667280942));
#2695 = CARTESIAN_POINT('',(-99.39722331748,-37.27803847099));
#2696 = CARTESIAN_POINT('',(-99.57309795196,-38.46101804222));
#2697 = CARTESIAN_POINT('',(-99.73235193168,-39.64525660883));
#2698 = CARTESIAN_POINT('',(-99.88195758138,-40.83692821072));
#2699 = CARTESIAN_POINT('',(-99.99706475551,-42.01309303438));
#2700 = CARTESIAN_POINT('',(-100.1320338942,-43.22290817559));
#2701 = CARTESIAN_POINT('',(-100.2157442818,-44.40222126208));
#2702 = CARTESIAN_POINT('',(-100.3031507403,-45.59974777121));
#2703 = CARTESIAN_POINT('',(-100.3689409224,-46.79291196575));
#2704 = CARTESIAN_POINT('',(-100.420236166,-47.98779764256));
#2705 = CARTESIAN_POINT('',(-100.4925174376,-50.37955128013));
#2706 = CARTESIAN_POINT('',(-100.5124780292,-51.57536810639));
#2707 = CARTESIAN_POINT('',(-100.5169075141,-52.77156780925));
#2708 = CARTESIAN_POINT('',(-100.5039955169,-53.96590911005));
#2709 = CARTESIAN_POINT('',(-100.4773251985,-55.16193695316));
#2710 = CARTESIAN_POINT('',(-100.4365276302,-56.35949056879));
#2711 = CARTESIAN_POINT('',(-100.3783922178,-57.55458149218));
#2712 = CARTESIAN_POINT('',(-100.3031423502,-58.74673096693));
#2713 = CARTESIAN_POINT('',(-100.2138923111,-59.93975528537));
#2714 = CARTESIAN_POINT('',(-100.1089720603,-61.13135725659));
#2715 = CARTESIAN_POINT('',(-99.86893245586,-63.51274412227));
#2716 = CARTESIAN_POINT('',(-99.73263706366,-64.70095644254));
#2717 = CARTESIAN_POINT('',(-99.580396138,-65.88682630899));
#2718 = CARTESIAN_POINT('',(-99.41226457927,-67.07007834717));
#2719 = CARTESIAN_POINT('',(-99.22842835978,-68.25066694485));
#2720 = CARTESIAN_POINT('',(-99.02927535647,-69.42889786863));
#2721 = CARTESIAN_POINT('',(-98.81526630486,-70.60523610199));
#2722 = CARTESIAN_POINT('',(-98.58674141519,-71.78000830626));
#2723 = CARTESIAN_POINT('',(-98.34379816412,-72.95320830463));
#2724 = CARTESIAN_POINT('',(-98.08637580122,-74.12461399059));
#2725 = CARTESIAN_POINT('',(-97.81468208934,-75.29442406112));
#2726 = ( GEOMETRIC_REPRESENTATION_CONTEXT(2) 
PARAMETRIC_REPRESENTATION_CONTEXT() REPRESENTATION_CONTEXT('2D SPACE',''
  ) );
#2727 = PCURVE('',#2728,#3373);
#2728 = B_SPLINE_SURFACE_WITH_KNOTS('',1,11,(
    (#2729,#2730,#2731,#2732,#2733,#2734,#2735,#2736,#2737,#2738,#2739
      ,#2740,#2741,#2742,#2743,#2744,#2745,#2746,#2747,#2748,#2749,#2750
      ,#2751,#2752,#2753,#2754,#2755,#2756,#2757,#2758,#2759,#2760,#2761
      ,#2762,#2763,#2764,#2765,#2766,#2767,#2768,#2769,#2770,#2771,#2772
      ,#2773,#2774,#2775,#2776,#2777,#2778,#2779,#2780,#2781,#2782,#2783
      ,#2784,#2785,#2786,#2787,#2788,#2789,#2790,#2791,#2792,#2793,#2794
      ,#2795,#2796,#2797,#2798,#2799,#2800,#2801,#2802,#2803,#2804,#2805
      ,#2806,#2807,#2808,#2809,#2810,#2811,#2812,#2813,#2814,#2815,#2816
      ,#2817,#2818,#2819,#2820,#2821,#2822,#2823,#2824,#2825,#2826,#2827
      ,#2828,#2829,#2830,#2831,#2832,#2833,#2834,#2835,#2836,#2837,#2838
      ,#2839,#2840,#2841,#2842,#2843,#2844,#2845,#2846,#2847,#2848,#2849
      ,#2850,#2851,#2852,#2853,#2854,#2855,#2856,#2857,#2858,#2859,#2860
      ,#2861,#2862,#2863,#2864,#2865,#2866,#2867,#2868,#2869,#2870,#2871
      ,#2872,#2873,#2874,#2875,#2876,#2877,#2878,#2879,#2880,#2881,#2882
      ,#2883,#2884,#2885,#2886,#2887,#2888,#2889,#2890,#2891,#2892,#2893
      ,#2894,#2895,#2896,#2897,#2898,#2899,#2900,#2901,#2902,#2903,#2904
      ,#2905,#2906,#2907,#2908,#2909,#2910,#2911,#2912,#2913,#2914,#2915
      ,#2916,#2917,#2918,#2919,#2920,#2921,#2922,#2923,#2924,#2925,#2926
      ,#2927,#2928,#2929,#2930,#2931,#2932,#2933,#2934,#2935,#2936,#2937
      ,#2938,#2939,#2940,#2941,#2942,#2943,#2944,#2945,#2946,#2947,#2948
      ,#2949,#2950,#2951,#2952,#2953,#2954,#2955,#2956,#2957,#2958,#2959
      ,#2960,#2961,#2962,#2963,#2964,#2965,#2966,#2967,#2968,#2969,#2970
      ,#2971,#2972,#2973,#2974,#2975,#2976,#2977,#2978,#2979,#2980,#2981
      ,#2982,#2983,#2984,#2985,#2986,#2987,#2988,#2989,#2990,#2991,#2992
      ,#2993,#2994,#2995,#2996,#2997,#2998,#2999,#3000,#3001,#3002,#3003
      ,#3004,#3005,#3006,#3007,#3008,#3009,#3010,#3011,#3012,#3013,#3014
      ,#3015,#3016,#3017,#3018,#3019,#3020,#3021,#3022,#3023,#3024,#3025
      ,#3026,#3027,#3028,#3029,#3030,#3031,#3032,#3033,#3034,#3035,#3036
      ,#3037,#3038,#3039,#3040,#3041,#3042,#3043,#3044,#3045,#3046,#3047
      ,#3048,#3049,#3050)
    ,(#3051,#3052,#3053,#3054,#3055,#3056,#3057,#3058,#3059,#3060,#3061
      ,#3062,#3063,#3064,#3065,#3066,#3067,#3068,#3069,#3070,#3071,#3072
      ,#3073,#3074,#3075,#3076,#3077,#3078,#3079,#3080,#3081,#3082,#3083
      ,#3084,#3085,#3086,#3087,#3088,#3089,#3090,#3091,#3092,#3093,#3094
      ,#3095,#3096,#3097,#3098,#3099,#3100,#3101,#3102,#3103,#3104,#3105
      ,#3106,#3107,#3108,#3109,#3110,#3111,#3112,#3113,#3114,#3115,#3116
      ,#3117,#3118,#3119,#3120,#3121,#3122,#3123,#3124,#3125,#3126,#3127
      ,#3128,#3129,#3130,#3131,#3132,#3133,#3134,#3135,#3136,#3137,#3138
      ,#3139,#3140,#3141,#3142,#3143,#3144,#3145,#3146,#3147,#3148,#3149
      ,#3150,#3151,#3152,#3153,#3154,#3155,#3156,#3157,#3158,#3159,#3160
      ,#3161,#3162,#3163,#3164,#3165,#3166,#3167,#3168,#3169,#3170,#3171
      ,#3172,#3173,#3174,#3175,#3176,#3177,#3178,#3179,#3180,#3181,#3182
      ,#3183,#3184,#3185,#3186,#3187,#3188,#3189,#3190,#3191,#3192,#3193
      ,#3194,#3195,#3196,#3197,#3198,#3199,#3200,#3201,#3202,#3203,#3204
      ,#3205,#3206,#3207,#3208,#3209,#3210,#3211,#3212,#3213,#3214,#3215
      ,#3216,#3217,#3218,#3219,#3220,#3221,#3222,#3223,#3224,#3225,#3226
      ,#3227,#3228,#3229,#3230,#3231,#3232,#3233,#3234,#3235,#3236,#3237
      ,#3238,#3239,#3240,#3241,#3242,#3243,#3244,#3245,#3246,#3247,#3248
      ,#3249,#3250,#3251,#3252,#3253,#3254,#3255,#3256,#3257,#3258,#3259
      ,#3260,#3261,#3262,#3263,#3264,#3265,#3266,#3267,#3268,#3269,#3270
      ,#3271,#3272,#3273,#3274,#3275,#3276,#3277,#3278,#3279,#3280,#3281
      ,#3282,#3283,#3284,#3285,#3286,#3287,#3288,#3289,#3290,#3291,#3292
      ,#3293,#3294,#3295,#3296,#3297,#3298,#3299,#3300,#3301,#3302,#3303
      ,#3304,#3305,#3306,#3307,#3308,#3309,#3310,#3311,#3312,#3313,#3314
      ,#3315,#3316,#3317,#3318,#3319,#3320,#3321,#3322,#3323,#3324,#3325
      ,#3326,#3327,#3328,#3329,#3330,#3331,#3332,#3333,#3334,#3335,#3336
      ,#3337,#3338,#3339,#3340,#3341,#3342,#3343,#3344,#3345,#3346,#3347
      ,#3348,#3349,#3350,#3351,#3352,#3353,#3354,#3355,#3356,#3357,#3358
      ,#3359,#3360,#3361,#3362,#3363,#3364,#3365,#3366,#3367,#3368,#3369
      ,#3370,#3371,#3372
    )),.UNSPECIFIED.,.F.,.F.,.F.,(2,2),(12,10,10,10,10,10,10,10,10,10,10
    ,10,10,10,10,10,10,10,10,10,10,10,10,10,10,10,10,10,10,10,10,10,12),
  (0.,18.),(0.,6.216625736137,18.649877208412,31.083128680687,
    43.516380152962,55.949631625237,68.382883097512,74.59950883365,
    87.032760305925,99.466011778199,105.68263751433,118.11588898661,
    130.54914045888,136.76576619502,149.19901766729,161.63226913957,
    174.06552061184,180.28214634798,192.71539782026,205.14864929253,
    217.58190076481,230.01515223708,242.44840370936,248.66502944549,
    261.09828091777,273.53153239004,285.96478386232,298.39803533459,
    304.61466107073,310.83128680687,323.26453827914,335.69778975142,
    348.13104122369),.UNSPECIFIED.);
#2729 = CARTESIAN_POINT('',(-96.2484794559,-26.91718069066,
    28.902757184095));
#2730 = CARTESIAN_POINT('',(-96.42336399433,-26.91718069066,
    28.328315135875));
#2731 = CARTESIAN_POINT('',(-96.59398775723,-26.91718069066,
    27.753013496735));
#2732 = CARTESIAN_POINT('',(-96.76038217176,-26.91718069066,
    27.176868022339));
#2733 = CARTESIAN_POINT('',(-96.92257853262,-26.91718069065,
    26.599893439313));
#2734 = CARTESIAN_POINT('',(-97.08060795965,-26.91718069066,
    26.022103464706));
#2735 = CARTESIAN_POINT('',(-97.23450135526,-26.91718069065,
    25.443510824712));
#2736 = CARTESIAN_POINT('',(-97.38428936244,-26.91718069066,
    24.864127274531));
#2737 = CARTESIAN_POINT('',(-97.53000232186,-26.91718069066,
    24.283963616832));
#2738 = CARTESIAN_POINT('',(-97.67167022989,-26.91718069066,
    23.703029721593));
#2739 = CARTESIAN_POINT('',(-97.80932269598,-26.91718069066,
    23.121334544854));
#2740 = CARTESIAN_POINT('',(-98.21032130912,-26.91718069066,
    21.373989354748));
#2741 = CARTESIAN_POINT('',(-98.46217069817,-26.91718069066,
    20.205762611268));
#2742 = CARTESIAN_POINT('',(-98.69754898807,-26.91718069065,
    19.035233552998));
#2743 = CARTESIAN_POINT('',(-98.92653242122,-26.91718069067,
    17.854489106333));
#2744 = CARTESIAN_POINT('',(-99.11268932152,-26.91718069064,
    16.692892139956));
#2745 = CARTESIAN_POINT('',(-99.33533399192,-26.91718069067,
    15.487548861322));
#2746 = CARTESIAN_POINT('',(-99.49049848873,-26.91718069065,
    14.32048979534));
#2747 = CARTESIAN_POINT('',(-99.65829896958,-26.91718069066,
    13.129485337925));
#2748 = CARTESIAN_POINT('',(-99.80170225793,-26.91718069066,
    11.943380196831));
#2749 = CARTESIAN_POINT('',(-99.93100730422,-26.91718069066,
    10.754425955289));
#2750 = CARTESIAN_POINT('',(-100.1593301265,-26.91718069066,
    8.372720580158));
#2751 = CARTESIAN_POINT('',(-100.257389535,-26.91718069066,
    7.180831129919));
#2752 = CARTESIAN_POINT('',(-100.3387810071,-26.91718069065,
    5.988778695464));
#2753 = CARTESIAN_POINT('',(-100.4102688219,-26.91718069067,
    4.789723580881));
#2754 = CARTESIAN_POINT('',(-100.4477680784,-26.91718069064,
    3.609002158576));
#2755 = CARTESIAN_POINT('',(-100.5040090231,-26.91718069068,
    2.392244002594));
#2756 = CARTESIAN_POINT('',(-100.5099732038,-26.91718069064,
    1.210417817189));
#2757 = CARTESIAN_POINT('',(-100.5190369877,-26.91718069067,
    9.567275165389E-03));
#2758 = CARTESIAN_POINT('',(-100.5066139092,-26.91718069065,
    -1.185312605725));
#2759 = CARTESIAN_POINT('',(-100.4796310769,-26.91718069066,
    -2.380976882315));
#2760 = CARTESIAN_POINT('',(-100.395272253,-26.91718069066,
    -4.772276263691));
#2761 = CARTESIAN_POINT('',(-100.3369727303,-26.91718069066,
    -5.966831612633));
#2762 = CARTESIAN_POINT('',(-100.2621232551,-26.91718069066,
    -7.159374324045));
#2763 = CARTESIAN_POINT('',(-100.1764054955,-26.91718069066,
    -8.357385757672));
#2764 = CARTESIAN_POINT('',(-100.0597437779,-26.91718069066,
    -9.533276427407));
#2765 = CARTESIAN_POINT('',(-99.95624914448,-26.91718069065,
    -10.74638471841));
#2766 = CARTESIAN_POINT('',(-99.80817484073,-26.91718069066,
    -11.91923613656));
#2767 = CARTESIAN_POINT('',(-99.66030630593,-26.91718069065,
    -13.11084803845));
#2768 = CARTESIAN_POINT('',(-99.4920399416,-26.91718069066,
    -14.29390049766));
#2769 = CARTESIAN_POINT('',(-99.3092230151,-26.91718069066,
    -15.4758141301));
#2770 = CARTESIAN_POINT('',(-98.91346740349,-26.91718069066,
    -17.83565762929));
#2771 = CARTESIAN_POINT('',(-98.69974897113,-26.91718069065,
    -19.01238866357));
#2772 = CARTESIAN_POINT('',(-98.46988460471,-26.91718069069,
    -20.1849641074));
#2773 = CARTESIAN_POINT('',(-98.22852343955,-26.91718069061,
    -21.3615291592));
#2774 = CARTESIAN_POINT('',(-97.95939074818,-26.91718069072,
    -22.51216087509));
#2775 = CARTESIAN_POINT('',(-97.69841434915,-26.9171806906,
    -23.70133804399));
#2776 = CARTESIAN_POINT('',(-97.39853453618,-26.9171806907,
    -24.8448551356));
#2777 = CARTESIAN_POINT('',(-97.09638806273,-26.91718069064,
    -26.00696065847));
#2778 = CARTESIAN_POINT('',(-96.77514270048,-26.91718069067,
    -27.15793004218));
#2779 = CARTESIAN_POINT('',(-96.43961915054,-26.91718069066,
    -28.30586987815));
#2780 = CARTESIAN_POINT('',(-95.73922837793,-26.91718069066,
    -30.59386908945));
#2781 = CARTESIAN_POINT('',(-95.3737442825,-26.91718069065,
    -31.73263753473));
#2782 = CARTESIAN_POINT('',(-94.99279477666,-26.91718069067,
    -32.86517847085));
#2783 = CARTESIAN_POINT('',(-94.59992568334,-26.91718069063,
    -34.00017325244));
#2784 = CARTESIAN_POINT('',(-94.18290867614,-26.91718069069,
    -35.10583434237));
#2785 = CARTESIAN_POINT('',(-93.76894491474,-26.91718069063,
    -36.25077047732));
#2786 = CARTESIAN_POINT('',(-93.32237249331,-26.91718069068,
    -37.3453644305));
#2787 = CARTESIAN_POINT('',(-92.871125382,-26.91718069065,
    -38.45808913089));
#2788 = CARTESIAN_POINT('',(-92.40239671006,-26.91718069066,
    -39.55728097192));
#2789 = CARTESIAN_POINT('',(-91.91990739737,-26.91718069066,
    -40.65160541513));
#2790 = CARTESIAN_POINT('',(-91.17512542227,-26.91718069066,
    -42.2843597576));
#2791 = CARTESIAN_POINT('',(-90.92324598578,-26.91718069066,
    -42.82681570679));
#2792 = CARTESIAN_POINT('',(-90.66777517823,-26.91718069065,
    -43.3674875108));
#2793 = CARTESIAN_POINT('',(-90.40873951457,-26.91718069068,
    -43.90638694773));
#2794 = CARTESIAN_POINT('',(-90.14616460447,-26.91718069063,
    -44.44352617656));
#2795 = CARTESIAN_POINT('',(-89.88007514027,-26.91718069068,
    -44.97891769375));
#2796 = CARTESIAN_POINT('',(-89.61049488362,-26.91718069064,
    -45.51257428898));
#2797 = CARTESIAN_POINT('',(-89.33744665328,-26.91718069066,
    -46.04450900173));
#2798 = CARTESIAN_POINT('',(-89.06095231216,-26.91718069066,
    -46.57473507723));
#2799 = CARTESIAN_POINT('',(-88.78103275468,-26.91718069066,
    -47.10326592275));
#2800 = CARTESIAN_POINT('',(-87.93105817299,-26.91718069066,
    -48.68381334584));
#2801 = CARTESIAN_POINT('',(-87.35043405618,-26.91718069065,
    -49.72939829333));
#2802 = CARTESIAN_POINT('',(-86.75585661769,-26.91718069067,
    -50.76585823878));
#2803 = CARTESIAN_POINT('',(-86.14910988768,-26.91718069064,
    -51.80239940697));
#2804 = CARTESIAN_POINT('',(-85.52440199444,-26.91718069068,
    -52.80545970395));
#2805 = CARTESIAN_POINT('',(-84.89502642535,-26.91718069064,
    -53.8476356421));
#2806 = CARTESIAN_POINT('',(-84.24349011065,-26.91718069067,
    -54.83407547464));
#2807 = CARTESIAN_POINT('',(-83.58383175377,-26.91718069065,
    -55.83738547445));
#2808 = CARTESIAN_POINT('',(-82.90966788332,-26.91718069066,
    -56.82401223227));
#2809 = CARTESIAN_POINT('',(-82.22295735962,-26.91718069066,
    -57.80318054306));
#2810 = CARTESIAN_POINT('',(-80.82428300201,-26.91718069066,
    -59.74462277534));
#2811 = CARTESIAN_POINT('',(-80.11214998315,-26.91718069066,
    -60.70547594316));
#2812 = CARTESIAN_POINT('',(-79.38737406689,-26.91718069064,
    -61.65546090057));
#2813 = CARTESIAN_POINT('',(-78.65052236772,-26.91718069068,
    -62.60393797597));
#2814 = CARTESIAN_POINT('',(-77.90023329563,-26.91718069063,
    -63.51687620789));
#2815 = CARTESIAN_POINT('',(-77.14021086542,-26.91718069068,
    -64.46798619392));
#2816 = CARTESIAN_POINT('',(-76.36549229865,-26.91718069064,
    -65.36094434016));
#2817 = CARTESIAN_POINT('',(-75.58051917676,-26.91718069066,
    -66.26956819143));
#2818 = CARTESIAN_POINT('',(-74.78334223776,-26.91718069066,
    -67.15975817746));
#2819 = CARTESIAN_POINT('',(-73.97469950666,-26.91718069066,
    -68.04091585781));
#2820 = CARTESIAN_POINT('',(-72.74461133173,-26.91718069066,
    -69.34761782284));
#2821 = CARTESIAN_POINT('',(-72.33173235403,-26.91718069065,
    -69.78032171479));
#2822 = CARTESIAN_POINT('',(-71.91602609361,-26.91718069067,
    -70.21018173737));
#2823 = CARTESIAN_POINT('',(-71.49751387206,-26.91718069063,
    -70.63721756648));
#2824 = CARTESIAN_POINT('',(-71.07621603209,-26.91718069069,
    -71.06144894796));
#2825 = CARTESIAN_POINT('',(-70.65215193806,-26.91718069063,
    -71.48289565194));
#2826 = CARTESIAN_POINT('',(-70.22533998023,-26.91718069068,
    -71.90157742754));
#2827 = CARTESIAN_POINT('',(-69.79579757436,-26.91718069065,
    -72.3175139569));
#2828 = CARTESIAN_POINT('',(-69.36354116595,-26.91718069066,
    -72.73072481004));
#2829 = CARTESIAN_POINT('',(-68.92858623076,-26.91718069066,
    -73.14122939896));
#2830 = CARTESIAN_POINT('',(-67.61566937155,-26.91718069066,
    -74.36468199891));
#2831 = CARTESIAN_POINT('',(-66.72976663501,-26.91718069066,
    -75.16814238251));
#2832 = CARTESIAN_POINT('',(-65.83358421357,-26.91718069066,
    -75.9584768785));
#2833 = CARTESIAN_POINT('',(-64.92585221499,-26.91718069066,
    -76.74497659748));
#2834 = CARTESIAN_POINT('',(-64.01187432358,-26.91718069066,
    -77.49399884063));
#2835 = CARTESIAN_POINT('',(-63.08090315761,-26.91718069066,
    -78.27856049438));
#2836 = CARTESIAN_POINT('',(-62.14686309872,-26.91718069066,
    -79.00322060556));
#2837 = CARTESIAN_POINT('',(-61.19970929543,-26.91718069066,
    -79.74124484516));
#2838 = CARTESIAN_POINT('',(-60.24418243679,-26.91718069066,
    -80.45880857452));
#2839 = CARTESIAN_POINT('',(-59.27917221341,-26.91718069066,
    -81.1652766863));
#2840 = CARTESIAN_POINT('',(-57.33066916979,-26.91718069066,
    -82.554097693));
#2841 = CARTESIAN_POINT('',(-56.34747282953,-26.91718069066,
    -83.23505085077));
#2842 = CARTESIAN_POINT('',(-55.35579802055,-26.91718069064,
    -83.90164864652));
#2843 = CARTESIAN_POINT('',(-54.35317298163,-26.91718069068,
    -84.56293695017));
#2844 = CARTESIAN_POINT('',(-53.3492472764,-26.91718069062,
    -85.18625315009));
#2845 = CARTESIAN_POINT('',(-52.32383485268,-26.91718069069,
    -85.84258664893));
#2846 = CARTESIAN_POINT('',(-51.30319851093,-26.91718069063,
    -86.43913050002));
#2847 = CARTESIAN_POINT('',(-50.26781624602,-26.91718069067,
    -87.04721246061));
#2848 = CARTESIAN_POINT('',(-49.22680319082,-26.91718069065,
    -87.63391605035));
#2849 = CARTESIAN_POINT('',(-48.17783617113,-26.91718069066,
    -88.20838111959));
#2850 = CARTESIAN_POINT('',(-46.5930030354,-26.91718069066,
    -89.05033769532));
#2851 = CARTESIAN_POINT('',(-46.06294738393,-26.91718069066,
    -89.32736244993));
#2852 = CARTESIAN_POINT('',(-45.53112862505,-26.91718069065,
    -89.60078545869));
#2853 = CARTESIAN_POINT('',(-44.99756062445,-26.91718069066,
    -89.87063220698));
#2854 = CARTESIAN_POINT('',(-44.46225629768,-26.91718069065,
    -90.13692793148));
#2855 = CARTESIAN_POINT('',(-43.92522762723,-26.91718069066,
    -90.39969757791));
#2856 = CARTESIAN_POINT('',(-43.38648567848,-26.91718069066,
    -90.65896575831));
#2857 = CARTESIAN_POINT('',(-42.84604061698,-26.91718069066,
    -90.9147567087));
#2858 = CARTESIAN_POINT('',(-42.30390172445,-26.91718069066,
    -91.16709424656));
#2859 = CARTESIAN_POINT('',(-41.76007741579,-26.91718069066,
    -91.41600172831));
#2860 = CARTESIAN_POINT('',(-40.12357093472,-26.91718069066,
    -92.152502564));
#2861 = CARTESIAN_POINT('',(-39.02641906561,-26.91718069066,
    -92.62855930716));
#2862 = CARTESIAN_POINT('',(-37.9237522314,-26.91718069065,
    -93.08888245538));
#2863 = CARTESIAN_POINT('',(-36.81138140335,-26.91718069067,
    -93.54186184795));
#2864 = CARTESIAN_POINT('',(-35.70514289088,-26.91718069064,
    -93.95734501281));
#2865 = CARTESIAN_POINT('',(-34.57138916572,-26.91718069068,
    -94.40101920752));
#2866 = CARTESIAN_POINT('',(-33.45398413309,-26.91718069064,
    -94.78698436324));
#2867 = CARTESIAN_POINT('',(-32.31986554256,-26.91718069067,
    -95.18138913998));
#2868 = CARTESIAN_POINT('',(-31.18439506907,-26.91718069066,
    -95.5537278126));
#2869 = CARTESIAN_POINT('',(-30.04351108118,-26.91718069066,
    -95.91251138296));
#2870 = CARTESIAN_POINT('',(-27.75199295997,-26.91718069066,
    -96.6013020622));
#2871 = CARTESIAN_POINT('',(-26.60208950322,-26.91718069065,
    -96.93007901814));
#2872 = CARTESIAN_POINT('',(-25.44877190893,-26.91718069067,
    -97.24253713492));
#2873 = CARTESIAN_POINT('',(-24.28679189221,-26.91718069064,
    -97.54644769736));
#2874 = CARTESIAN_POINT('',(-23.13578596819,-26.91718069068,
    -97.81398324558));
#2875 = CARTESIAN_POINT('',(-21.95382056003,-26.91718069063,
    -98.10587718923));
#2876 = CARTESIAN_POINT('',(-20.79559652029,-26.91718069067,
    -98.34268973558));
#2877 = CARTESIAN_POINT('',(-19.6197003178,-26.91718069065,
    -98.58568814357));
#2878 = CARTESIAN_POINT('',(-18.44534400247,-26.91718069066,
    -98.80663276997));
#2879 = CARTESIAN_POINT('',(-17.26738978198,-26.91718069066,
    -99.01343165444));
#2880 = CARTESIAN_POINT('',(-14.90557069137,-26.91718069066,
    -99.39722649916));
#2881 = CARTESIAN_POINT('',(-13.72259081395,-26.91718069066,
    -99.57309820307));
#2882 = CARTESIAN_POINT('',(-12.53835604333,-26.91718069065,
    -99.73234504325));
#2883 = CARTESIAN_POINT('',(-11.34664863828,-26.91718069068,
    -99.88198678187));
#2884 = CARTESIAN_POINT('',(-10.17056933306,-26.91718069063,
    -99.99699710563));
#2885 = CARTESIAN_POINT('',(-8.960615997874,-26.91718069069,
    -100.1321164123));
#2886 = CARTESIAN_POINT('',(-7.781390485369,-26.91718069064,
    -100.2157244206));
#2887 = CARTESIAN_POINT('',(-6.583836581015,-26.91718069067,
    -100.3031586899));
#2888 = CARTESIAN_POINT('',(-5.390687985977,-26.91718069065,
    -100.3689288462));
#2889 = CARTESIAN_POINT('',(-4.195818656195,-26.91718069066,
    -100.4202046586));
#2890 = CARTESIAN_POINT('',(-2.402037145774,-26.91718069066,
    -100.4743787891));
#2891 = CARTESIAN_POINT('',(-1.804119764605,-26.91718069066,
    -100.4883971204));
#2892 = CARTESIAN_POINT('',(-1.206214111923,-26.91718069064,
    -100.4984053415));
#2893 = CARTESIAN_POINT('',(-0.608321351549,-26.91718069069,
    -100.5044324424));
#2894 = CARTESIAN_POINT('',(-1.044190527379E-02,-26.91718069062,
    -100.5065067692));
#2895 = CARTESIAN_POINT('',(0.587424513464,-26.9171806907,
    -100.5046559953));
#2896 = CARTESIAN_POINT('',(1.185278865907,-26.91718069063,
    -100.498907088));
#2897 = CARTESIAN_POINT('',(1.783122754305,-26.91718069067,
    -100.4892862806));
#2898 = CARTESIAN_POINT('',(2.380958388239,-26.91718069065,
    -100.4758190393));
#2899 = CARTESIAN_POINT('',(2.978788550954,-26.91718069066,
    -100.4585300337));
#2900 = CARTESIAN_POINT('',(4.772272595125,-26.91718069066,
    -100.3952692493));
#2901 = CARTESIAN_POINT('',(5.966832713252,-26.91718069065,
    -100.3369737024));
#2902 = CARTESIAN_POINT('',(7.159380262161,-26.91718069067,
    -100.2621279166));
#2903 = CARTESIAN_POINT('',(8.357382998538,-26.91718069064,
    -100.1764037495));
#2904 = CARTESIAN_POINT('',(9.533301670817,-26.91718069069,
    -100.0597624922));
#2905 = CARTESIAN_POINT('',(10.746366560967,-26.91718069063,
    -99.9562353331));
#2906 = CARTESIAN_POINT('',(11.9192446992,-26.91718069068,
    -99.80818135245));
#2907 = CARTESIAN_POINT('',(13.110845520816,-26.91718069064,
    -99.66030441966));
#2908 = CARTESIAN_POINT('',(14.29389922114,-26.91718069066,
    -99.49203907736));
#2909 = CARTESIAN_POINT('',(15.475812886536,-26.91718069066,
    -99.30922219699));
#2910 = CARTESIAN_POINT('',(17.83565735353,-26.91718069066,
    -98.91346723338));
#2911 = CARTESIAN_POINT('',(19.012388748504,-26.91718069066,
    -98.69974902947));
#2912 = CARTESIAN_POINT('',(20.184964552367,-26.91718069065,
    -98.46988486902));
#2913 = CARTESIAN_POINT('',(21.36152896019,-26.91718069066,
    -98.22852334883));
#2914 = CARTESIAN_POINT('',(22.512162745975,-26.91718069065,
    -97.95939178663));
#2915 = CARTESIAN_POINT('',(23.70133669203,-26.91718069067,
    -97.69841357609));
#2916 = CARTESIAN_POINT('',(24.844855772797,-26.91718069065,
    -97.39853490006));
#2917 = CARTESIAN_POINT('',(26.006960471283,-26.91718069066,
    -97.0963879573));
#2918 = CARTESIAN_POINT('',(27.157929948768,-26.91718069066,
    -96.7751426535));
#2919 = CARTESIAN_POINT('',(28.305869787647,-26.91718069066,
    -96.43961910665));
#2920 = CARTESIAN_POINT('',(30.593869069642,-26.91718069066,
    -95.73922836911));
#2921 = CARTESIAN_POINT('',(31.732637541015,-26.91718069064,
    -95.37374428576));
#2922 = CARTESIAN_POINT('',(32.865178502817,-26.9171806907,
    -94.99279479047));
#2923 = CARTESIAN_POINT('',(34.000173238686,-26.91718069059,
    -94.59992567913));
#2924 = CARTESIAN_POINT('',(35.105834475143,-26.91718069075,
    -94.1829087286));
#2925 = CARTESIAN_POINT('',(36.250770380901,-26.91718069057,
    -93.76894487515));
#2926 = CARTESIAN_POINT('',(37.345364475924,-26.91718069072,
    -93.32237251194));
#2927 = CARTESIAN_POINT('',(38.458089117542,-26.91718069062,
    -92.87112537656));
#2928 = CARTESIAN_POINT('',(39.557280965388,-26.91718069067,
    -92.40239670779));
#2929 = CARTESIAN_POINT('',(40.651605408821,-26.91718069066,
    -91.91990739527));
#2930 = CARTESIAN_POINT('',(42.828611203743,-26.91718069066,
    -90.92686476351));
#2931 = CARTESIAN_POINT('',(43.909932107288,-26.91718069066,
    -90.41586833479));
#2932 = CARTESIAN_POINT('',(44.983060137032,-26.91718069066,
    -89.89035165588));
#2933 = CARTESIAN_POINT('',(46.057065126622,-26.91718069066,
    -89.35269705337));
#2934 = CARTESIAN_POINT('',(47.098835643024,-26.91718069065,
    -88.79492998929));
#2935 = CARTESIAN_POINT('',(48.179943338181,-26.91718069067,
    -88.23506353022));
#2936 = CARTESIAN_POINT('',(49.206883638602,-26.91718069065,
    -87.64943845593));
#2937 = CARTESIAN_POINT('',(50.2511891965,-26.91718069066,-87.0568120921
    ));
#2938 = CARTESIAN_POINT('',(51.279795937306,-26.91718069066,
    -86.44862013554));
#2939 = CARTESIAN_POINT('',(52.301780790701,-26.91718069066,
    -85.82742058336));
#2940 = CARTESIAN_POINT('',(54.330543925815,-26.91718069066,
    -84.55871729211));
#2941 = CARTESIAN_POINT('',(55.335915561059,-26.91718069066,
    -83.91095180859));
#2942 = CARTESIAN_POINT('',(56.331269140687,-26.91718069066,
    -83.24985968217));
#2943 = CARTESIAN_POINT('',(57.325907860722,-26.91718069066,
    -82.57661900772));
#2944 = CARTESIAN_POINT('',(58.285962674918,-26.91718069065,
    -81.88764537936));
#2945 = CARTESIAN_POINT('',(59.284744106805,-26.91718069066,
    -81.1914557848));
#2946 = CARTESIAN_POINT('',(60.2264593796,-26.91718069065,
    -80.47679820702));
#2947 = CARTESIAN_POINT('',(61.184477495983,-26.91718069066,
    -79.75293261597));
#2948 = CARTESIAN_POINT('',(62.124899383313,-26.91718069066,
    -79.01568370471));
#2949 = CARTESIAN_POINT('',(63.057058202451,-26.91718069066,
    -78.2664028094));
#2950 = CARTESIAN_POINT('',(64.441414034149,-26.91718069066,
    -77.12441074516));
#2951 = CARTESIAN_POINT('',(64.900195050953,-26.91718069065,
    -76.7407159616));
#2952 = CARTESIAN_POINT('',(65.356323200584,-26.91718069068,
    -76.35401395083));
#2953 = CARTESIAN_POINT('',(65.80981672195,-26.91718069062,
    -75.96432727555));
#2954 = CARTESIAN_POINT('',(66.260693988781,-26.9171806907,
    -75.5716775265));
#2955 = CARTESIAN_POINT('',(66.70897346151,-26.91718069062,
    -75.17608531946));
#2956 = CARTESIAN_POINT('',(67.154673645139,-26.91718069069,
    -74.77757029709));
#2957 = CARTESIAN_POINT('',(67.597813039805,-26.91718069064,
    -74.37615112506));
#2958 = CARTESIAN_POINT('',(68.038410098593,-26.91718069066,
    -73.97184549363));
#2959 = CARTESIAN_POINT('',(68.476483179496,-26.91718069066,
    -73.56467011502));
#2960 = CARTESIAN_POINT('',(69.783185144535,-26.91718069066,
    -72.33458194008));
#2961 = CARTESIAN_POINT('',(70.642866068962,-26.91718069067,
    -71.50312481265));
#2962 = CARTESIAN_POINT('',(71.490121532788,-26.91718069064,
    -70.66055153562));
#2963 = CARTESIAN_POINT('',(72.334305808786,-26.91718069069,
    -69.80620260392));
#2964 = CARTESIAN_POINT('',(73.141501351916,-26.91718069062,
    -68.94317000757));
#2965 = CARTESIAN_POINT('',(73.98527162638,-26.9171806907,
    -68.06550490991));
#2966 = CARTESIAN_POINT('',(74.769469327301,-26.91718069063,
    -67.1808597411));
#2967 = CARTESIAN_POINT('',(75.567860223007,-26.91718069067,
    -66.2840029617));
#2968 = CARTESIAN_POINT('',(76.34638203994,-26.91718069065,
    -65.37745287265));
#2969 = CARTESIAN_POINT('',(77.114452237653,-26.91718069066,
    -64.46071403546));
#2970 = CARTESIAN_POINT('',(78.627737868414,-26.91718069066,
    -62.6072161262));
#2971 = CARTESIAN_POINT('',(79.371537170508,-26.91718069066,
    -61.67066135213));
#2972 = CARTESIAN_POINT('',(80.101566365042,-26.91718069066,
    -60.72470737683));
#2973 = CARTESIAN_POINT('',(80.827013613582,-26.91718069066,
    -59.76747935961));
#2974 = CARTESIAN_POINT('',(81.514655130844,-26.91718069065,
    -58.80646996592));
#2975 = CARTESIAN_POINT('',(82.236648546515,-26.91718069066,
    -57.82617929428));
#2976 = CARTESIAN_POINT('',(82.898667964549,-26.91718069066,
    -56.84674404745));
#2977 = CARTESIAN_POINT('',(83.573165214261,-26.91718069066,
    -55.8533490786));
#2978 = CARTESIAN_POINT('',(84.226698138405,-26.91718069066,
    -54.85293716289));
#2979 = CARTESIAN_POINT('',(84.868538959846,-26.91718069066,
    -53.84378787514));
#2980 = CARTESIAN_POINT('',(86.126948199052,-26.91718069066,
    -51.80862348597));
#2981 = CARTESIAN_POINT('',(86.742139266595,-26.91718069066,
    -50.78299577713));
#2982 = CARTESIAN_POINT('',(87.342451191382,-26.91718069065,
    -49.74984663759));
#2983 = CARTESIAN_POINT('',(87.936748795731,-26.91718069067,
    -48.7061179769));
#2984 = CARTESIAN_POINT('',(88.49307058207,-26.91718069064,
    -47.66357491043));
#2985 = CARTESIAN_POINT('',(89.080933579678,-26.91718069067,
    -46.5974317298));
#2986 = CARTESIAN_POINT('',(89.609447412194,-26.91718069065,
    -45.53996480114));
#2987 = CARTESIAN_POINT('',(90.148510170713,-26.91718069066,
    -44.46702891014));
#2988 = CARTESIAN_POINT('',(90.665872078351,-26.91718069065,
    -43.38987249065));
#2989 = CARTESIAN_POINT('',(91.170501455042,-26.91718069066,
    -42.30557957392));
#2990 = CARTESIAN_POINT('',(92.152502587652,-26.91718069066,
    -40.12357092454));
#2991 = CARTESIAN_POINT('',(92.628559331446,-26.91718069066,
    -39.02641905494));
#2992 = CARTESIAN_POINT('',(93.088882504326,-26.91718069064,
    -37.92375220695));
#2993 = CARTESIAN_POINT('',(93.541861678933,-26.91718069068,
    -36.81138149117));
#2994 = CARTESIAN_POINT('',(93.957345370132,-26.91718069064,
    -35.70514270637));
#2995 = CARTESIAN_POINT('',(94.401018712012,-26.91718069067,
    -34.57138941541));
#2996 = CARTESIAN_POINT('',(94.786984416815,-26.91718069065,
    -33.45398410976));
#2997 = CARTESIAN_POINT('',(95.181389023422,-26.91718069066,
    -32.319865604));
#2998 = CARTESIAN_POINT('',(95.55372779193,-26.91718069066,
    -31.18439508033));
#2999 = CARTESIAN_POINT('',(95.912511457971,-26.91718069066,
    -30.04351103759));
#3000 = CARTESIAN_POINT('',(96.429104659234,-26.91718069066,
    -28.32487233129));
#3001 = CARTESIAN_POINT('',(96.597397766764,-26.91718069065,
    -27.75095668073));
#3002 = CARTESIAN_POINT('',(96.761814339596,-26.91718069067,
    -27.17601448408));
#3003 = CARTESIAN_POINT('',(96.922382078283,-26.91718069064,
    -26.60005436916));
#3004 = CARTESIAN_POINT('',(97.079128254773,-26.91718069068,
    -26.02308408086));
#3005 = CARTESIAN_POINT('',(97.232079672735,-26.91718069064,
    -25.44511050502));
#3006 = CARTESIAN_POINT('',(97.381262630624,-26.91718069067,
    -24.8661396939));
#3007 = CARTESIAN_POINT('',(97.526702881815,-26.91718069065,
    -24.28617688979));
#3008 = CARTESIAN_POINT('',(97.668425597272,-26.91718069066,
    -23.70522655039));
#3009 = CARTESIAN_POINT('',(97.806455326437,-26.91718069066,
    -23.12329237278));
#3010 = CARTESIAN_POINT('',(98.075176591826,-26.91718069066,
    -21.95746226392));
#3011 = CARTESIAN_POINT('',(98.20557333658,-26.91718069066,
    -21.37376862777));
#3012 = CARTESIAN_POINT('',(98.332034847861,-26.91718069066,
    -20.78930408481));
#3013 = CARTESIAN_POINT('',(98.454589330568,-26.91718069065,
    -20.20407542973));
#3014 = CARTESIAN_POINT('',(98.573264503941,-26.91718069067,
    -19.61808860401));
#3015 = CARTESIAN_POINT('',(98.688087563685,-26.91718069064,
    -19.03134872292));
#3016 = CARTESIAN_POINT('',(98.799085146795,-26.91718069067,
    -18.44386010263));
#3017 = CARTESIAN_POINT('',(98.90628329305,-26.91718069065,
    -17.85562628709));
#3018 = CARTESIAN_POINT('',(99.009707409897,-26.91718069066,
    -17.26665007526));
#3019 = CARTESIAN_POINT('',(99.109382234477,-26.91718069066,
    -16.67693354793));
#3020 = CARTESIAN_POINT('',(99.397230923976,-26.91718069066,
    -14.9055671888));
#3021 = CARTESIAN_POINT('',(99.573102691713,-26.91718069065,
    -13.72258719137));
#3022 = CARTESIAN_POINT('',(99.732353801652,-26.91718069069,
    -12.53834823885));
#3023 = CARTESIAN_POINT('',(99.881956563548,-26.91718069061,
    -11.34667627442));
#3024 = CARTESIAN_POINT('',(99.997060887455,-26.91718069072,
    -10.17051117182));
#3025 = CARTESIAN_POINT('',(100.13202709438,-26.9171806906,
    -8.960695703538));
#3026 = CARTESIAN_POINT('',(100.21573462418,-26.9171806907,
    -7.781382414195));
#3027 = CARTESIAN_POINT('',(100.30313818064,-26.91718069063,
    -6.583855693255));
#3028 = CARTESIAN_POINT('',(100.3689254714,-26.91718069067,
    -5.390691339288));
#3029 = CARTESIAN_POINT('',(100.42021781933,-26.91718069066,
    -4.195805538177));
#3030 = CARTESIAN_POINT('',(100.49249329496,-26.91718069066,
    -1.804051725458));
#3031 = CARTESIAN_POINT('',(100.51245098871,-26.91718069066,
    -0.608234850827));
#3032 = CARTESIAN_POINT('',(100.51687757488,-26.91718069066,
    0.587964862767));
#3033 = CARTESIAN_POINT('',(100.50396268337,-26.91718069066,
    1.782306132269));
#3034 = CARTESIAN_POINT('',(100.47728946662,-26.91718069065,
    2.97833391075));
#3035 = CARTESIAN_POINT('',(100.43648899628,-26.91718069067,
    4.17588742751));
#3036 = CARTESIAN_POINT('',(100.37835068784,-26.91718069065,
    5.370978210011));
#3037 = CARTESIAN_POINT('',(100.30309793122,-26.91718069066,
    6.563127502405));
#3038 = CARTESIAN_POINT('',(100.21384500104,-26.91718069066,
    7.756151604557));
#3039 = CARTESIAN_POINT('',(100.10892186262,-26.91718069066,
    8.947753321523));
#3040 = CARTESIAN_POINT('',(99.868876487284,-26.91718069066,
    11.3291396055));
#3041 = CARTESIAN_POINT('',(99.732578215666,-26.91718069066,
    12.517351595482));
#3042 = CARTESIAN_POINT('',(99.580334416265,-26.91718069064,
    13.703221092999));
#3043 = CARTESIAN_POINT('',(99.412199990139,-26.91718069068,
    14.886472723741));
#3044 = CARTESIAN_POINT('',(99.228360909701,-26.91718069063,
    16.067060875922));
#3045 = CARTESIAN_POINT('',(99.029205051158,-26.91718069068,
    17.245291317084));
#3046 = CARTESIAN_POINT('',(98.81519314891,-26.91718069065,
    18.421629031832));
#3047 = CARTESIAN_POINT('',(98.586665412393,-26.91718069066,
    19.596400682304));
#3048 = CARTESIAN_POINT('',(98.343719318286,-26.91718069066,
    20.76960009195));
#3049 = CARTESIAN_POINT('',(98.086294116693,-26.91718069066,
    21.941005154083));
#3050 = CARTESIAN_POINT('',(97.814597569988,-26.91718069066,
    23.110814566209));
#3051 = CARTESIAN_POINT('',(-79.45456354942,-22.25843787881,
    24.401590231049));
#3052 = CARTESIAN_POINT('',(-79.60255779333,-22.25843787881,
    23.927476242118));
#3053 = CARTESIAN_POINT('',(-79.74696873752,-22.25843787881,
    23.452611570944));
#3054 = CARTESIAN_POINT('',(-79.88782637827,-22.25843787882,
    22.977011370722));
#3055 = CARTESIAN_POINT('',(-80.02516067997,-22.2584378788,
    22.500689845483));
#3056 = CARTESIAN_POINT('',(-80.15900153535,-22.25843787883,
    22.02366026392));
#3057 = CARTESIAN_POINT('',(-80.28937872421,-22.25843787879,
    21.545934973186));
#3058 = CARTESIAN_POINT('',(-80.41632187455,-22.25843787882,
    21.067525412793));
#3059 = CARTESIAN_POINT('',(-80.53986042064,-22.25843787881,
    20.588442128338));
#3060 = CARTESIAN_POINT('',(-80.66002356419,-22.25843787881,
    20.108694785427));
#3061 = CARTESIAN_POINT('',(-80.77684023304,-22.25843787881,
    19.628292183436));
#3062 = CARTESIAN_POINT('',(-81.11733665811,-22.25843787881,
    18.18514244123));
#3063 = CARTESIAN_POINT('',(-81.33151131762,-22.25843787882,
    17.220204383327));
#3064 = CARTESIAN_POINT('',(-81.53189539418,-22.2584378788,
    16.253263700026));
#3065 = CARTESIAN_POINT('',(-81.72838109968,-22.25843787883,
    15.277969786998));
#3066 = CARTESIAN_POINT('',(-81.88524178248,-22.25843787879,
    14.317904442172));
#3067 = CARTESIAN_POINT('',(-82.08023083222,-22.25843787883,
    13.322611163589));
#3068 = CARTESIAN_POINT('',(-82.21152504434,-22.2584378788,
    12.357835707198));
#3069 = CARTESIAN_POINT('',(-82.3575307188,-22.25843787882,
    11.373768183442));
#3070 = CARTESIAN_POINT('',(-82.48203179133,-22.25843787881,
    10.393485302337));
#3071 = CARTESIAN_POINT('',(-82.59510217221,-22.25843787881,
    9.410796125697));
#3072 = CARTESIAN_POINT('',(-82.79635402773,-22.25843787881,
    7.442124611179));
#3073 = CARTESIAN_POINT('',(-82.88358757725,-22.25843787881,
    6.456844632064));
#3074 = CARTESIAN_POINT('',(-82.95685674656,-22.25843787881,
    5.471349418593));
#3075 = CARTESIAN_POINT('',(-83.02293986034,-22.25843787882,
    4.479975618663));
#3076 = CARTESIAN_POINT('',(-83.05770890924,-22.2584378788,
    3.503704166755));
#3077 = CARTESIAN_POINT('',(-83.11394979152,-22.25843787882,
    2.497538736801));
#3078 = CARTESIAN_POINT('',(-83.12264407811,-22.2584378788,
    1.520164983916));
#3079 = CARTESIAN_POINT('',(-83.13711265223,-22.25843787882,
    0.527001215795));
#3080 = CARTESIAN_POINT('',(-83.13281225575,-22.25843787881,
    -0.461313373907));
#3081 = CARTESIAN_POINT('',(-83.11665607902,-22.25843787881,
    -1.450357334792));
#3082 = CARTESIAN_POINT('',(-83.05937089405,-22.25843787881,
    -3.428595650424));
#3083 = CARTESIAN_POINT('',(-83.01730684184,-22.25843787881,
    -4.416885898889));
#3084 = CARTESIAN_POINT('',(-82.96136692625,-22.25843787881,
    -5.40356829021));
#3085 = CARTESIAN_POINT('',(-82.89739609876,-22.25843787882,
    -6.394987450393));
#3086 = CARTESIAN_POINT('',(-82.80472188213,-22.25843787881,
    -7.367763616404));
#3087 = CARTESIAN_POINT('',(-82.72870344136,-22.25843787882,
    -8.372170008078));
#3088 = CARTESIAN_POINT('',(-82.61002903958,-22.25843787881,
    -9.342619320823));
#3089 = CARTESIAN_POINT('',(-82.49462478802,-22.25843787881,
    -10.32904953338));
#3090 = CARTESIAN_POINT('',(-82.36137399697,-22.25843787881,
    -11.30836151015));
#3091 = CARTESIAN_POINT('',(-82.21626043507,-22.25843787881,
    -12.28683558596));
#3092 = CARTESIAN_POINT('',(-81.90126247124,-22.25843787881,
    -14.24068374057));
#3093 = CARTESIAN_POINT('',(-81.73056375696,-22.2584378788,
    -15.21503275716));
#3094 = CARTESIAN_POINT('',(-81.54631751741,-22.25843787884,
    -16.18597655473));
#3095 = CARTESIAN_POINT('',(-81.35348260899,-22.25843787877,
    -17.16055650383));
#3096 = CARTESIAN_POINT('',(-81.13464505405,-22.25843787887,
    -18.11293851856));
#3097 = CARTESIAN_POINT('',(-80.92814923804,-22.25843787876,
    -19.09879167073));
#3098 = CARTESIAN_POINT('',(-80.68383755079,-22.25843787885,
    -20.04547194621));
#3099 = CARTESIAN_POINT('',(-80.44065880579,-22.25843787879,
    -21.00839012705));
#3100 = CARTESIAN_POINT('',(-80.18072296103,-22.25843787882,
    -21.96193232643));
#3101 = CARTESIAN_POINT('',(-79.90913440752,-22.25843787881,
    -22.91309433064));
#3102 = CARTESIAN_POINT('',(-79.34180345656,-22.25843787881,
    -24.80911240547));
#3103 = CARTESIAN_POINT('',(-79.04538720991,-22.2584378788,
    -25.75284539297));
#3104 = CARTESIAN_POINT('',(-78.73598379074,-22.25843787883,
    -26.69143398526));
#3105 = CARTESIAN_POINT('',(-78.41759011854,-22.25843787878,
    -27.63250570046));
#3106 = CARTESIAN_POINT('',(-78.07631485265,-22.25843787885,
    -28.54817772403));
#3107 = CARTESIAN_POINT('',(-77.74290453187,-22.25843787877,
    -29.49864084532));
#3108 = CARTESIAN_POINT('',(-77.37711730242,-22.25843787884,
    -30.40533479929));
#3109 = CARTESIAN_POINT('',(-77.01033256652,-22.2584378788,
    -31.32827316745));
#3110 = CARTESIAN_POINT('',(-76.62815832351,-22.25843787882,
    -32.23972932706));
#3111 = CARTESIAN_POINT('',(-76.23474169556,-22.25843787881,
    -33.14730459136));
#3112 = CARTESIAN_POINT('',(-75.62727368452,-22.25843787881,
    -34.50161400899));
#3113 = CARTESIAN_POINT('',(-75.42176345894,-22.25843787881,
    -34.95157453519));
#3114 = CARTESIAN_POINT('',(-75.21325931068,-22.25843787881,
    -35.40007026826));
#3115 = CARTESIAN_POINT('',(-75.00178742946,-22.25843787881,
    -35.84711282586));
#3116 = CARTESIAN_POINT('',(-74.78737321278,-22.25843787882,
    -36.29271425109));
#3117 = CARTESIAN_POINT('',(-74.57004125166,-22.25843787881,
    -36.73688697396));
#3118 = CARTESIAN_POINT('',(-74.34981531394,-22.25843787882,
    -37.17964377222));
#3119 = CARTESIAN_POINT('',(-74.12671833018,-22.25843787881,
    -37.62099773282));
#3120 = CARTESIAN_POINT('',(-73.90077237736,-22.25843787881,
    -38.0609622129));
#3121 = CARTESIAN_POINT('',(-73.67199866405,-22.25843787881,
    -38.4995508011));
#3122 = CARTESIAN_POINT('',(-72.97725521637,-22.25843787881,
    -39.81123023371));
#3123 = CARTESIAN_POINT('',(-72.50242136111,-22.25843787881,
    -40.67900174081));
#3124 = CARTESIAN_POINT('',(-72.01585349839,-22.25843787882,
    -41.53919402849));
#3125 = CARTESIAN_POINT('',(-71.51998367528,-22.2584378788,
    -42.40006774662));
#3126 = CARTESIAN_POINT('',(-71.00662720625,-22.25843787883,
    -43.23156602825));
#3127 = CARTESIAN_POINT('',(-70.49419705181,-22.2584378788,
    -44.09872091965));
#3128 = CARTESIAN_POINT('',(-69.95855114604,-22.25843787882,
    -44.91663159181));
#3129 = CARTESIAN_POINT('',(-69.4187577161,-22.25843787881,
    -45.7502797492));
#3130 = CARTESIAN_POINT('',(-68.86611057047,-22.25843787881,
    -46.56966404471));
#3131 = CARTESIAN_POINT('',(-68.30319418231,-22.25843787881,
    -47.38304872842));
#3132 = CARTESIAN_POINT('',(-67.15651639149,-22.25843787881,
    -48.99608288254));
#3133 = CARTESIAN_POINT('',(-66.57247789508,-22.25843787882,
    -49.79445222865));
#3134 = CARTESIAN_POINT('',(-65.97779506387,-22.2584378788,
    -50.58377560125));
#3135 = CARTESIAN_POINT('',(-65.37380090764,-22.25843787883,
    -51.37256042633));
#3136 = CARTESIAN_POINT('',(-64.75630396937,-22.25843787879,
    -52.12993865739));
#3137 = CARTESIAN_POINT('',(-64.13507130058,-22.25843787883,
    -52.92278936527));
#3138 = CARTESIAN_POINT('',(-63.49724915371,-22.2584378788,
    -53.66378687551));
#3139 = CARTESIAN_POINT('',(-62.85326081197,-22.25843787882,
    -54.41984587732));
#3140 = CARTESIAN_POINT('',(-62.19839052717,-22.25843787881,
    -55.16008529889));
#3141 = CARTESIAN_POINT('',(-61.53412196118,-22.25843787881,
    -55.89303603119));
#3142 = CARTESIAN_POINT('',(-60.52356370411,-22.25843787881,
    -56.98020823433));
#3143 = CARTESIAN_POINT('',(-60.18432480871,-22.25843787881,
    -57.34023031766));
#3144 = CARTESIAN_POINT('',(-59.84272172009,-22.25843787883,
    -57.69790297925));
#3145 = CARTESIAN_POINT('',(-59.49877550347,-22.25843787879,
    -58.05324563836));
#3146 = CARTESIAN_POINT('',(-59.15250633783,-22.25843787885,
    -58.40627786324));
#3147 = CARTESIAN_POINT('',(-58.80393351304,-22.25843787878,
    -58.75701932806));
#3148 = CARTESIAN_POINT('',(-58.45307542897,-22.25843787884,
    -59.10548977312));
#3149 = CARTESIAN_POINT('',(-58.09994959206,-22.2584378788,
    -59.45170896102));
#3150 = CARTESIAN_POINT('',(-57.74457261448,-22.25843787882,
    -59.79569663687));
#3151 = CARTESIAN_POINT('',(-57.38696021121,-22.25843787881,
    -60.13747248522));
#3152 = CARTESIAN_POINT('',(-56.30746117285,-22.25843787881,
    -61.15622329694));
#3153 = CARTESIAN_POINT('',(-55.57889067954,-22.25843787881,
    -61.82531194154));
#3154 = CARTESIAN_POINT('',(-54.84164516131,-22.25843787881,
    -62.48345182186));
#3155 = CARTESIAN_POINT('',(-54.09537229778,-22.25843787881,
    -63.1392469532));
#3156 = CARTESIAN_POINT('',(-53.34198322722,-22.25843787881,
    -63.7616046974));
#3157 = CARTESIAN_POINT('',(-52.57800986988,-22.25843787881,
    -64.41802451992));
#3158 = CARTESIAN_POINT('',(-51.80788185396,-22.25843787881,
    -65.02035104273));
#3159 = CARTESIAN_POINT('',(-51.02876777342,-22.25843787881,
    -65.63624668985));
#3160 = CARTESIAN_POINT('',(-50.24206709043,-22.25843787881,
    -66.23450376378));
#3161 = CARTESIAN_POINT('',(-49.44757066428,-22.25843787881,
    -66.82377868484));
#3162 = CARTESIAN_POINT('',(-47.84325407932,-22.25843787881,
    -67.98262182924));
#3163 = CARTESIAN_POINT('',(-47.03358301455,-22.25843787881,
    -68.55088879551));
#3164 = CARTESIAN_POINT('',(-46.21674024138,-22.25843787881,
    -69.10716834763));
#3165 = CARTESIAN_POINT('',(-45.39125340432,-22.25843787882,
    -69.6599449056));
#3166 = CARTESIAN_POINT('',(-44.5630756951,-22.2584378788,-70.1786412862
    ));
#3167 = CARTESIAN_POINT('',(-43.71995825585,-22.25843787883,
    -70.72972681305));
#3168 = CARTESIAN_POINT('',(-42.87779940434,-22.2584378788,
    -71.22637847135));
#3169 = CARTESIAN_POINT('',(-42.02496023916,-22.25843787882,
    -71.7353102517));
#3170 = CARTESIAN_POINT('',(-41.16690167173,-22.25843787881,
    -72.22576410881));
#3171 = CARTESIAN_POINT('',(-40.30228646103,-22.25843787881,
    -72.706295108));
#3172 = CARTESIAN_POINT('',(-38.99589834813,-22.25843787881,
    -73.41093791728));
#3173 = CARTESIAN_POINT('',(-38.55893751102,-22.25843787881,
    -73.64280890615));
#3174 = CARTESIAN_POINT('',(-38.12049314498,-22.25843787881,
    -73.87169521167));
#3175 = CARTESIAN_POINT('',(-37.6805789552,-22.25843787881,
    -74.09762199409));
#3176 = CARTESIAN_POINT('',(-37.23920775972,-22.25843787881,
    -74.32061426879));
#3177 = CARTESIAN_POINT('',(-36.79639150071,-22.25843787881,
    -74.54069686737));
#3178 = CARTESIAN_POINT('',(-36.35214125618,-22.25843787882,
    -74.75789439583));
#3179 = CARTESIAN_POINT('',(-35.90646725108,-22.25843787881,
    -74.97223119623));
#3180 = CARTESIAN_POINT('',(-35.45937886908,-22.25843787881,
    -75.18373130494));
#3181 = CARTESIAN_POINT('',(-35.0108846638,-22.25843787881,
    -75.39241841361));
#3182 = CARTESIAN_POINT('',(-33.66120778342,-22.25843787881,
    -76.01011065797));
#3183 = CARTESIAN_POINT('',(-32.75623093568,-22.25843787881,
    -76.40949954507));
#3184 = CARTESIAN_POINT('',(-31.84655881039,-22.25843787881,
    -76.79573222194));
#3185 = CARTESIAN_POINT('',(-30.92909211476,-22.25843787882,
    -77.17684284046));
#3186 = CARTESIAN_POINT('',(-30.01563496405,-22.2584378788,
    -77.52400315962));
#3187 = CARTESIAN_POINT('',(-29.08120633713,-22.25843787882,
    -77.90001567982));
#3188 = CARTESIAN_POINT('',(-28.15833739982,-22.2584378788,
    -78.22282727429));
#3189 = CARTESIAN_POINT('',(-27.22259763518,-22.25843787882,
    -78.55559940578));
#3190 = CARTESIAN_POINT('',(-26.28534362159,-22.25843787881,
    -78.86923040735));
#3191 = CARTESIAN_POINT('',(-25.34359480235,-22.25843787881,
    -79.17185007825));
#3192 = CARTESIAN_POINT('',(-23.45192117009,-22.25843787881,
    -79.75350290181));
#3193 = CARTESIAN_POINT('',(-22.5025558141,-22.25843787881,
    -80.03135177959));
#3194 = CARTESIAN_POINT('',(-21.55025257933,-22.25843787882,
    -80.2955441438));
#3195 = CARTESIAN_POINT('',(-20.59089002059,-22.25843787879,
    -80.55364087364));
#3196 = CARTESIAN_POINT('',(-19.63993410792,-22.25843787884,
    -80.77860110484));
#3197 = CARTESIAN_POINT('',(-18.66442016491,-22.25843787879,
    -81.02942937487));
#3198 = CARTESIAN_POINT('',(-17.7073111311,-22.25843787883,
    -81.2290207034));
#3199 = CARTESIAN_POINT('',(-16.73614127063,-22.2584378788,
    -81.4368073746));
#3200 = CARTESIAN_POINT('',(-15.76596853467,-22.25843787882,
    -81.62541902202));
#3201 = CARTESIAN_POINT('',(-14.7927767138,-22.25843787881,
    -81.80252685225));
#3202 = CARTESIAN_POINT('',(-12.84136568345,-22.25843787881,
    -82.13229059913));
#3203 = CARTESIAN_POINT('',(-11.86385572365,-22.25843787882,
    -82.28384539633));
#3204 = CARTESIAN_POINT('',(-10.88521555176,-22.2584378788,
    -82.42147704307));
#3205 = CARTESIAN_POINT('',(-9.900372089332,-22.25843787883,
    -82.55214377806));
#3206 = CARTESIAN_POINT('',(-8.928188533943,-22.25843787879,
    -82.65105478875));
#3207 = CARTESIAN_POINT('',(-7.928280588958,-22.25843787883,
    -82.77240706804));
#3208 = CARTESIAN_POINT('',(-6.9533078595,-22.2584378788,-82.8453630671)
  );
#3209 = CARTESIAN_POINT('',(-5.963324888835,-22.25843787882,
    -82.9246089908));
#3210 = CARTESIAN_POINT('',(-4.976833354979,-22.25843787881,
    -82.98497408633));
#3211 = CARTESIAN_POINT('',(-3.988850114345,-22.25843787881,
    -83.03353971188));
#3212 = CARTESIAN_POINT('',(-2.505530680835,-22.25843787881,
    -83.08771395267));
#3213 = CARTESIAN_POINT('',(-2.011078500957,-22.25843787882,
    -83.10240988582));
#3214 = CARTESIAN_POINT('',(-1.516615876074,-22.2584378788,
    -83.11377278974));
#3215 = CARTESIAN_POINT('',(-1.022143970008,-22.25843787884,
    -83.1218312917));
#3216 = CARTESIAN_POINT('',(-0.527663214714,-22.25843787878,
    -83.12661349646));
#3217 = CARTESIAN_POINT('',(-3.317333831649E-02,-22.25843787884,
    -83.12814695686));
#3218 = CARTESIAN_POINT('',(0.461326606876,-22.25843787879,
    -83.12645864084));
#3219 = CARTESIAN_POINT('',(0.95583821633,-22.25843787882,
    -83.12157490266));
#3220 = CARTESIAN_POINT('',(1.450363705281,-22.25843787881,
    -83.11352145011));
#3221 = CARTESIAN_POINT('',(1.944905880689,-22.25843787881,
    -83.10232331476));
#3222 = CARTESIAN_POINT('',(3.428592578302,-22.25843787881,
    -83.05936783174));
#3223 = CARTESIAN_POINT('',(4.416886832507,-22.25843787881,
    -83.01730781316));
#3224 = CARTESIAN_POINT('',(5.403573310198,-22.25843787882,
    -82.96137168019));
#3225 = CARTESIAN_POINT('',(6.394985097043,-22.2584378788,
    -82.89739426215));
#3226 = CARTESIAN_POINT('',(7.36778499897,-22.25843787884,
    -82.80474112284));
#3227 = CARTESIAN_POINT('',(8.372154648385,-22.25843787879,
    -82.72868928889));
#3228 = CARTESIAN_POINT('',(9.342626559604,-22.25843787883,
    -82.61003571535));
#3229 = CARTESIAN_POINT('',(10.329047397841,-22.2584378788,
    -82.49462285417));
#3230 = CARTESIAN_POINT('',(11.308360419423,-22.25843787882,
    -82.36137310038));
#3231 = CARTESIAN_POINT('',(12.286834522645,-22.25843787881,
    -82.21625958247));
#3232 = CARTESIAN_POINT('',(14.240683504784,-22.25843787881,
    -81.90126229182));
#3233 = CARTESIAN_POINT('',(15.215032830573,-22.25843787881,
    -81.73056381674));
#3234 = CARTESIAN_POINT('',(16.185976938214,-22.25843787882,
    -81.54631779626));
#3235 = CARTESIAN_POINT('',(17.160556331041,-22.2584378788,
    -81.35348250852));
#3236 = CARTESIAN_POINT('',(18.11294013345,-22.25843787882,
    -81.13464616255));
#3237 = CARTESIAN_POINT('',(19.098790505022,-22.2584378788,
    -80.9281484168));
#3238 = CARTESIAN_POINT('',(20.045472495331,-22.25843787882,
    -80.68383793769));
#3239 = CARTESIAN_POINT('',(21.008389965267,-22.25843787881,
    -80.44065869366));
#3240 = CARTESIAN_POINT('',(21.961932245208,-22.25843787882,
    -80.18072291026));
#3241 = CARTESIAN_POINT('',(22.913094251902,-22.25843787881,
    -79.90913435973));
#3242 = CARTESIAN_POINT('',(24.809112388239,-22.25843787881,
    -79.34180344677));
#3243 = CARTESIAN_POINT('',(25.752845398489,-22.2584378788,
    -79.04538721337));
#3244 = CARTESIAN_POINT('',(26.691434013258,-22.25843787884,
    -78.73598380608));
#3245 = CARTESIAN_POINT('',(27.632505688338,-22.25843787876,
    -78.41759011344));
#3246 = CARTESIAN_POINT('',(28.548177840484,-22.25843787888,
    -78.076314912));
#3247 = CARTESIAN_POINT('',(29.498640760843,-22.25843787874,
    -77.74290448743));
#3248 = CARTESIAN_POINT('',(30.40533483907,-22.25843787886,
    -77.37711732337));
#3249 = CARTESIAN_POINT('',(31.328273155727,-22.25843787878,
    -77.01033256041));
#3250 = CARTESIAN_POINT('',(32.239729321289,-22.25843787882,
    -76.62815832089));
#3251 = CARTESIAN_POINT('',(33.147304585797,-22.25843787881,
    -76.2347416931));
#3252 = CARTESIAN_POINT('',(34.953050480342,-22.25843787881,
    -75.42478434703));
#3253 = CARTESIAN_POINT('',(35.850019641622,-22.25843787881,
    -75.00772211934));
#3254 = CARTESIAN_POINT('',(36.740193252007,-22.25843787882,
    -74.57845530299));
#3255 = CARTESIAN_POINT('',(37.631655212244,-22.25843787881,
    -74.13995101051));
#3256 = CARTESIAN_POINT('',(38.494948309468,-22.25843787882,
    -73.68207626587));
#3257 = CARTESIAN_POINT('',(39.393761094823,-22.25843787881,
    -73.22745790845));
#3258 = CARTESIAN_POINT('',(40.244953473656,-22.25843787881,
    -72.74645277822));
#3259 = CARTESIAN_POINT('',(41.112120906713,-22.25843787881,
    -72.26233828599));
#3260 = CARTESIAN_POINT('',(41.965895690122,-22.25843787881,
    -71.76446469722));
#3261 = CARTESIAN_POINT('',(42.814355348066,-22.25843787881,
    -71.25595145985));
#3262 = CARTESIAN_POINT('',(44.498932187909,-22.25843787881,
    -70.21722627541));
#3263 = CARTESIAN_POINT('',(45.333790109186,-22.25843787881,
    -69.68665410374));
#3264 = CARTESIAN_POINT('',(46.160317597912,-22.25843787881,
    -69.14486875273));
#3265 = CARTESIAN_POINT('',(46.986916681994,-22.25843787881,
    -68.59375679008));
#3266 = CARTESIAN_POINT('',(47.783059540079,-22.25843787881,
    -68.02711686663));
#3267 = CARTESIAN_POINT('',(48.614843254437,-22.25843787881,
    -67.45906922184));
#3268 = CARTESIAN_POINT('',(49.39596979631,-22.25843787882,
    -66.87107625718));
#3269 = CARTESIAN_POINT('',(50.192528870543,-22.25843787881,
    -66.27791536843));
#3270 = CARTESIAN_POINT('',(50.974013948554,-22.25843787881,
    -65.67286118578));
#3271 = CARTESIAN_POINT('',(51.748840619942,-22.25843787881,
    -65.05795214123));
#3272 = CARTESIAN_POINT('',(52.899778776218,-22.25843787881,
    -64.12066203106));
#3273 = CARTESIAN_POINT('',(53.281217309935,-22.2584378788,
    -63.80569604301));
#3274 = CARTESIAN_POINT('',(53.660466077874,-22.25843787883,
    -63.48821726416));
#3275 = CARTESIAN_POINT('',(54.037543079892,-22.25843787877,
    -63.16824798459));
#3276 = CARTESIAN_POINT('',(54.412466522721,-22.25843787886,
    -62.84580962011));
#3277 = CARTESIAN_POINT('',(54.785254776589,-22.25843787876,
    -62.52092270577));
#3278 = CARTESIAN_POINT('',(55.155926336332,-22.25843787885,
    -62.1936068934));
#3279 = CARTESIAN_POINT('',(55.524499777097,-22.25843787879,
    -61.86388094427));
#3280 = CARTESIAN_POINT('',(55.890993715331,-22.25843787882,
    -61.53176272651));
#3281 = CARTESIAN_POINT('',(56.255426765583,-22.25843787881,
    -61.19726920882));
#3282 = CARTESIAN_POINT('',(57.342598968717,-22.25843787881,
    -60.18671095175));
#3283 = CARTESIAN_POINT('',(58.057905833325,-22.25843787882,
    -59.50346087491));
#3284 = CARTESIAN_POINT('',(58.762854749484,-22.2584378788,
    -58.8108382635));
#3285 = CARTESIAN_POINT('',(59.466054353716,-22.25843787883,
    -58.10905428131));
#3286 = CARTESIAN_POINT('',(60.136353584911,-22.25843787878,
    -57.39798241837));
#3287 = CARTESIAN_POINT('',(60.841334210389,-22.25843787884,
    -56.6785766973));
#3288 = CARTESIAN_POINT('',(61.492739888012,-22.25843787879,
    -55.94949162384));
#3289 = CARTESIAN_POINT('',(62.158273354221,-22.25843787882,
    -55.21232718905));
#3290 = CARTESIAN_POINT('',(62.806702200249,-22.25843787881,
    -54.46643877728));
#3291 = CARTESIAN_POINT('',(63.446677990939,-22.25843787881,
    -53.71218385279));
#3292 = CARTESIAN_POINT('',(64.707967288229,-22.25843787881,
    -52.18709420072));
#3293 = CARTESIAN_POINT('',(65.327972572571,-22.25843787881,
    -51.41632314167));
#3294 = CARTESIAN_POINT('',(65.936485161078,-22.25843787882,
    -50.63761171503));
#3295 = CARTESIAN_POINT('',(66.542067603258,-22.2584378788,
    -49.85004562537));
#3296 = CARTESIAN_POINT('',(67.113818831241,-22.25843787882,
    -49.0575654744));
#3297 = CARTESIAN_POINT('',(67.718866956699,-22.2584378788,
    -48.25229593259));
#3298 = CARTESIAN_POINT('',(68.26953507232,-22.25843787882,
    -47.44442278022));
#3299 = CARTESIAN_POINT('',(68.83315554,-22.25843787881,-46.6266953402)
  );
#3300 = CARTESIAN_POINT('',(69.378679013572,-22.25843787881,
    -45.80255115899));
#3301 = CARTESIAN_POINT('',(69.914729699795,-22.25843787881,
    -44.97121538679));
#3302 = CARTESIAN_POINT('',(70.966164348327,-22.25843787881,
    -43.29454179864));
#3303 = CARTESIAN_POINT('',(71.480259590149,-22.25843787881,
    -42.44943786392));
#3304 = CARTESIAN_POINT('',(71.981924033304,-22.25843787881,
    -41.59796158992));
#3305 = CARTESIAN_POINT('',(72.479527617474,-22.25843787882,
    -40.73808887054));
#3306 = CARTESIAN_POINT('',(72.942948050451,-22.2584378788,
    -39.87775997805));
#3307 = CARTESIAN_POINT('',(73.437711085797,-22.25843787882,
    -39.00040501405));
#3308 = CARTESIAN_POINT('',(73.878219586603,-22.2584378788,
    -38.12756670804));
#3309 = CARTESIAN_POINT('',(74.330283343565,-22.25843787882,
    -37.24326780867));
#3310 = CARTESIAN_POINT('',(74.763567392314,-22.25843787881,
    -36.35496919183));
#3311 = CARTESIAN_POINT('',(75.186521003825,-22.25843787881,
    -35.46077695568));
#3312 = CARTESIAN_POINT('',(76.010110680434,-22.25843787881,
    -33.66120777619));
#3313 = CARTESIAN_POINT('',(76.409499568151,-22.25843787882,
    -32.75623092809));
#3314 = CARTESIAN_POINT('',(76.79573226879,-22.2584378788,
    -31.84655879241));
#3315 = CARTESIAN_POINT('',(77.176842678772,-22.25843787883,
    -30.92909218019));
#3316 = CARTESIAN_POINT('',(77.524003501455,-22.25843787879,
    -30.0156348269));
#3317 = CARTESIAN_POINT('',(77.900015206615,-22.25843787883,
    -29.08120652186));
#3318 = CARTESIAN_POINT('',(78.222827325013,-22.25843787881,
    -28.15833738305));
#3319 = CARTESIAN_POINT('',(78.555599293985,-22.25843787881,
    -27.22259768094));
#3320 = CARTESIAN_POINT('',(78.869230387273,-22.25843787881,
    -26.28534362986));
#3321 = CARTESIAN_POINT('',(79.171850150167,-22.25843787881,
    -25.34359476897));
#3322 = CARTESIAN_POINT('',(79.608089952962,-22.25843787881,
    -23.92483945643));
#3323 = CARTESIAN_POINT('',(79.750258807988,-22.25843787881,
    -23.45103889708));
#3324 = CARTESIAN_POINT('',(79.889210878389,-22.25843787883,
    -22.97636561092));
#3325 = CARTESIAN_POINT('',(80.024973514313,-22.25843787879,
    -22.50082813191));
#3326 = CARTESIAN_POINT('',(80.157573751773,-22.25843787884,
    -22.02443415209));
#3327 = CARTESIAN_POINT('',(80.287038274232,-22.25843787879,
    -21.54719054039));
#3328 = CARTESIAN_POINT('',(80.413393376999,-22.25843787883,
    -21.06910336208));
#3329 = CARTESIAN_POINT('',(80.536664928568,-22.2584378788,
    -20.5901778974));
#3330 = CARTESIAN_POINT('',(80.656878334667,-22.25843787882,
    -20.11041866099));
#3331 = CARTESIAN_POINT('',(80.774058500342,-22.25843787881,
    -19.6298294207));
#3332 = CARTESIAN_POINT('',(81.002401086054,-22.25843787881,
    -18.66699701282));
#3333 = CARTESIAN_POINT('',(81.11327735588,-22.25843787881,
    -18.18491269776));
#3334 = CARTESIAN_POINT('',(81.22088678572,-22.25843787882,
    -17.70216783678));
#3335 = CARTESIAN_POINT('',(81.32525722521,-22.25843787881,
    -17.21876915402));
#3336 = CARTESIAN_POINT('',(81.426416154913,-22.25843787882,
    -16.73472255401));
#3337 = CARTESIAN_POINT('',(81.524390650217,-22.2584378788,
    -16.25003314315));
#3338 = CARTESIAN_POINT('',(81.619207345933,-22.25843787882,
    -15.76470525112));
#3339 = CARTESIAN_POINT('',(81.710892399937,-22.25843787881,
    -15.27874245238));
#3340 = CARTESIAN_POINT('',(81.799471457916,-22.25843787882,
    -14.79214758759));
#3341 = CARTESIAN_POINT('',(81.88496961705,-22.25843787881,
    -14.30492278504));
#3342 = CARTESIAN_POINT('',(82.132294937528,-22.25843787881,
    -12.84136287639));
#3343 = CARTESIAN_POINT('',(82.283849808311,-22.2584378788,
    -11.8638528163));
#3344 = CARTESIAN_POINT('',(82.421485715879,-22.25843787884,
    -10.88520920836));
#3345 = CARTESIAN_POINT('',(82.552113853096,-22.25843787876,
    -9.90039466358));
#3346 = CARTESIAN_POINT('',(82.651117972648,-22.25843787888,
    -8.928141067208));
#3347 = CARTESIAN_POINT('',(82.772318787379,-22.25843787875,
    -7.92834550774));
#3348 = CARTESIAN_POINT('',(82.845373027016,-22.25843787886,
    -6.953301360632));
#3349 = CARTESIAN_POINT('',(82.924588603807,-22.25843787879,
    -5.963340501443));
#3350 = CARTESIAN_POINT('',(82.984970666679,-22.25843787882,
    -4.976836080742));
#3351 = CARTESIAN_POINT('',(83.033552799096,-22.25843787881,
    -3.988839268974));
#3352 = CARTESIAN_POINT('',(83.105828568807,-22.25843787881,
    -2.011042699023));
#3353 = CARTESIAN_POINT('',(83.128496772061,-22.25843787881,
    -1.022112150392));
#3354 = CARTESIAN_POINT('',(83.138343090262,-22.25843787881,
    -3.278230344776E-02));
#3355 = CARTESIAN_POINT('',(83.133544541022,-22.25843787882,
    0.955078071529));
#3356 = CARTESIAN_POINT('',(83.117685353671,-22.25843787881,
    1.944414636772));
#3357 = CARTESIAN_POINT('',(83.090441631491,-22.25843787882,
    2.935124873767));
#3358 = CARTESIAN_POINT('',(83.048560317521,-22.25843787881,
    3.923871555202));
#3359 = CARTESIAN_POINT('',(82.9922130758,-22.25843787881,4.910226561892
    ));
#3360 = CARTESIAN_POINT('',(82.924591735794,-22.25843787881,
    5.897412863621));
#3361 = CARTESIAN_POINT('',(82.843990611595,-22.25843787881,
    6.883503907523));
#3362 = CARTESIAN_POINT('',(82.657993064114,-22.25843787881,
    8.854373244828));
#3363 = CARTESIAN_POINT('',(82.55138885053,-22.25843787882,
    9.837820158867));
#3364 = CARTESIAN_POINT('',(82.431507473897,-22.2584378788,
    10.819398822942));
#3365 = CARTESIAN_POINT('',(82.298390368069,-22.25843787883,
    11.79887543509));
#3366 = CARTESIAN_POINT('',(82.152218287994,-22.2584378788,
    12.776214244326));
#3367 = CARTESIAN_POINT('',(81.993386558364,-22.25843787882,
    13.751682119587));
#3368 = CARTESIAN_POINT('',(81.822370936805,-22.25843787881,
    14.725684524262));
#3369 = CARTESIAN_POINT('',(81.639525638351,-22.25843787881,
    15.69851109306));
#3370 = CARTESIAN_POINT('',(81.444955049414,-22.25843787881,
    16.670169005188));
#3371 = CARTESIAN_POINT('',(81.238600676424,-22.25843787881,
    17.640482350341));
#3372 = CARTESIAN_POINT('',(81.020684861322,-22.25843787881,
    18.609635682095));
#3373 = DEFINITIONAL_REPRESENTATION('',(#3374),#3377);
#3374 = B_SPLINE_CURVE_WITH_KNOTS('',1,(#3375,#3376),.UNSPECIFIED.,.F.,
  .F.,(2,2),(0.,348.13104122369),.PIECEWISE_BEZIER_KNOTS.);
#3375 = CARTESIAN_POINT('',(0.,0.));
#3376 = CARTESIAN_POINT('',(0.,348.13104122369));
#3377 = ( GEOMETRIC_REPRESENTATION_CONTEXT(2) 
PARAMETRIC_REPRESENTATION_CONTEXT() REPRESENTATION_CONTEXT('2D SPACE',''
  ) );
#3378 = ORIENTED_EDGE('',*,*,#3379,.F.);
#3379 = EDGE_CURVE('',#1361,#2075,#3380,.T.);
#3380 = SURFACE_CURVE('',#3381,(#3384,#3390),.PCURVE_S1.);
#3381 = B_SPLINE_CURVE_WITH_KNOTS('',1,(#3382,#3383),.UNSPECIFIED.,.F.,
  .F.,(2,2),(0.,6.),.PIECEWISE_BEZIER_KNOTS.);
#3382 = CARTESIAN_POINT('',(96.261276475825,-26.91718069066,
    28.906260500598));
#3383 = CARTESIAN_POINT('',(97.814597569988,-26.91718069066,
    23.110814566209));
#3384 = PCURVE('',#1695,#3385);
#3385 = DEFINITIONAL_REPRESENTATION('',(#3386),#3389);
#3386 = B_SPLINE_CURVE_WITH_KNOTS('',1,(#3387,#3388),.UNSPECIFIED.,.F.,
  .F.,(2,2),(0.,6.),.PIECEWISE_BEZIER_KNOTS.);
#3387 = CARTESIAN_POINT('',(-96.26137503939,-81.08987375968));
#3388 = CARTESIAN_POINT('',(-97.81468208934,-75.29442406112));
#3389 = ( GEOMETRIC_REPRESENTATION_CONTEXT(2) 
PARAMETRIC_REPRESENTATION_CONTEXT() REPRESENTATION_CONTEXT('2D SPACE',''
  ) );
#3390 = PCURVE('',#2039,#3391);
#3391 = DEFINITIONAL_REPRESENTATION('',(#3392),#3395);
#3392 = B_SPLINE_CURVE_WITH_KNOTS('',1,(#3393,#3394),.UNSPECIFIED.,.F.,
  .F.,(2,2),(0.,6.),.PIECEWISE_BEZIER_KNOTS.);
#3393 = CARTESIAN_POINT('',(7.960863267404,-5.159908529973));
#3394 = CARTESIAN_POINT('',(9.464635731907,0.648591136464));
#3395 = ( GEOMETRIC_REPRESENTATION_CONTEXT(2) 
PARAMETRIC_REPRESENTATION_CONTEXT() REPRESENTATION_CONTEXT('2D SPACE',''
  ) );
#3396 = ADVANCED_FACE('',(#3397),#2728,.F.);
#3397 = FACE_BOUND('',#3398,.F.);
#3398 = EDGE_LOOP('',(#3399,#3400,#3421,#4082));
#3399 = ORIENTED_EDGE('',*,*,#2074,.F.);
#3400 = ORIENTED_EDGE('',*,*,#3401,.T.);
#3401 = EDGE_CURVE('',#2055,#3402,#3404,.T.);
#3402 = VERTEX_POINT('',#3403);
#3403 = CARTESIAN_POINT('',(-79.45456354942,-22.25843787881,
    24.401590231049));
#3404 = SURFACE_CURVE('',#3405,(#3408,#3415),.PCURVE_S1.);
#3405 = B_SPLINE_CURVE_WITH_KNOTS('',1,(#3406,#3407),.UNSPECIFIED.,.F.,
  .F.,(2,2),(0.,18.),.PIECEWISE_BEZIER_KNOTS.);
#3406 = CARTESIAN_POINT('',(-96.2484794559,-26.91718069066,
    28.902757184095));
#3407 = CARTESIAN_POINT('',(-79.45456354942,-22.25843787881,
    24.401590231049));
#3408 = PCURVE('',#2728,#3409);
#3409 = DEFINITIONAL_REPRESENTATION('',(#3410),#3414);
#3410 = LINE('',#3411,#3412);
#3411 = CARTESIAN_POINT('',(0.,0.));
#3412 = VECTOR('',#3413,1.);
#3413 = DIRECTION('',(1.,0.));
#3414 = ( GEOMETRIC_REPRESENTATION_CONTEXT(2) 
PARAMETRIC_REPRESENTATION_CONTEXT() REPRESENTATION_CONTEXT('2D SPACE',''
  ) );
#3415 = PCURVE('',#1349,#3416);
#3416 = DEFINITIONAL_REPRESENTATION('',(#3417),#3420);
#3417 = B_SPLINE_CURVE_WITH_KNOTS('',1,(#3418,#3419),.UNSPECIFIED.,.F.,
  .F.,(2,2),(0.,18.),.PIECEWISE_BEZIER_KNOTS.);
#3418 = CARTESIAN_POINT('',(-7.960866824267,-5.159903042333));
#3419 = CARTESIAN_POINT('',(9.464635284814,-0.648597660694));
#3420 = ( GEOMETRIC_REPRESENTATION_CONTEXT(2) 
PARAMETRIC_REPRESENTATION_CONTEXT() REPRESENTATION_CONTEXT('2D SPACE',''
  ) );
#3421 = ORIENTED_EDGE('',*,*,#3422,.T.);
#3422 = EDGE_CURVE('',#3402,#3423,#3425,.T.);
#3423 = VERTEX_POINT('',#3424);
#3424 = CARTESIAN_POINT('',(81.020684861322,-22.25843787881,
    18.609635682095));
#3425 = SURFACE_CURVE('',#3426,(#3749,#3756),.PCURVE_S1.);
#3426 = B_SPLINE_CURVE_WITH_KNOTS('',11,(#3427,#3428,#3429,#3430,#3431,
    #3432,#3433,#3434,#3435,#3436,#3437,#3438,#3439,#3440,#3441,#3442,
    #3443,#3444,#3445,#3446,#3447,#3448,#3449,#3450,#3451,#3452,#3453,
    #3454,#3455,#3456,#3457,#3458,#3459,#3460,#3461,#3462,#3463,#3464,
    #3465,#3466,#3467,#3468,#3469,#3470,#3471,#3472,#3473,#3474,#3475,
    #3476,#3477,#3478,#3479,#3480,#3481,#3482,#3483,#3484,#3485,#3486,
    #3487,#3488,#3489,#3490,#3491,#3492,#3493,#3494,#3495,#3496,#3497,
    #3498,#3499,#3500,#3501,#3502,#3503,#3504,#3505,#3506,#3507,#3508,
    #3509,#3510,#3511,#3512,#3513,#3514,#3515,#3516,#3517,#3518,#3519,
    #3520,#3521,#3522,#3523,#3524,#3525,#3526,#3527,#3528,#3529,#3530,
    #3531,#3532,#3533,#3534,#3535,#3536,#3537,#3538,#3539,#3540,#3541,
    #3542,#3543,#3544,#3545,#3546,#3547,#3548,#3549,#3550,#3551,#3552,
    #3553,#3554,#3555,#3556,#3557,#3558,#3559,#3560,#3561,#3562,#3563,
    #3564,#3565,#3566,#3567,#3568,#3569,#3570,#3571,#3572,#3573,#3574,
    #3575,#3576,#3577,#3578,#3579,#3580,#3581,#3582,#3583,#3584,#3585,
    #3586,#3587,#3588,#3589,#3590,#3591,#3592,#3593,#3594,#3595,#3596,
    #3597,#3598,#3599,#3600,#3601,#3602,#3603,#3604,#3605,#3606,#3607,
    #3608,#3609,#3610,#3611,#3612,#3613,#3614,#3615,#3616,#3617,#3618,
    #3619,#3620,#3621,#3622,#3623,#3624,#3625,#3626,#3627,#3628,#3629,
    #3630,#3631,#3632,#3633,#3634,#3635,#3636,#3637,#3638,#3639,#3640,
    #3641,#3642,#3643,#3644,#3645,#3646,#3647,#3648,#3649,#3650,#3651,
    #3652,#3653,#3654,#3655,#3656,#3657,#3658,#3659,#3660,#3661,#3662,
    #3663,#3664,#3665,#3666,#3667,#3668,#3669,#3670,#3671,#3672,#3673,
    #3674,#3675,#3676,#3677,#3678,#3679,#3680,#3681,#3682,#3683,#3684,
    #3685,#3686,#3687,#3688,#3689,#3690,#3691,#3692,#3693,#3694,#3695,
    #3696,#3697,#3698,#3699,#3700,#3701,#3702,#3703,#3704,#3705,#3706,
    #3707,#3708,#3709,#3710,#3711,#3712,#3713,#3714,#3715,#3716,#3717,
    #3718,#3719,#3720,#3721,#3722,#3723,#3724,#3725,#3726,#3727,#3728,
    #3729,#3730,#3731,#3732,#3733,#3734,#3735,#3736,#3737,#3738,#3739,
    #3740,#3741,#3742,#3743,#3744,#3745,#3746,#3747,#3748),
  .UNSPECIFIED.,.F.,.F.,(12,10,10,10,10,10,10,10,10,10,10,10,10,10,10,10
    ,10,10,10,10,10,10,10,10,10,10,10,10,10,10,10,10,12),(0.,
    6.216625736137,18.649877208412,31.083128680687,43.516380152962,
    55.949631625237,68.382883097512,74.59950883365,87.032760305925,
    99.466011778199,105.68263751433,118.11588898661,130.54914045888,
    136.76576619502,149.19901766729,161.63226913957,174.06552061184,
    180.28214634798,192.71539782026,205.14864929253,217.58190076481,
    230.01515223708,242.44840370936,248.66502944549,261.09828091777,
    273.53153239004,285.96478386232,298.39803533459,304.61466107073,
    310.83128680687,323.26453827914,335.69778975142,348.13104122369),
  .UNSPECIFIED.);
#3427 = CARTESIAN_POINT('',(-79.45456354942,-22.25843787881,
    24.401590231049));
#3428 = CARTESIAN_POINT('',(-79.60255779333,-22.25843787881,
    23.927476242118));
#3429 = CARTESIAN_POINT('',(-79.74696873752,-22.25843787881,
    23.452611570944));
#3430 = CARTESIAN_POINT('',(-79.88782637827,-22.25843787882,
    22.977011370722));
#3431 = CARTESIAN_POINT('',(-80.02516067997,-22.2584378788,
    22.500689845483));
#3432 = CARTESIAN_POINT('',(-80.15900153535,-22.25843787883,
    22.02366026392));
#3433 = CARTESIAN_POINT('',(-80.28937872421,-22.25843787879,
    21.545934973186));
#3434 = CARTESIAN_POINT('',(-80.41632187455,-22.25843787882,
    21.067525412793));
#3435 = CARTESIAN_POINT('',(-80.53986042064,-22.25843787881,
    20.588442128338));
#3436 = CARTESIAN_POINT('',(-80.66002356419,-22.25843787881,
    20.108694785427));
#3437 = CARTESIAN_POINT('',(-80.77684023304,-22.25843787881,
    19.628292183436));
#3438 = CARTESIAN_POINT('',(-81.11733665811,-22.25843787881,
    18.18514244123));
#3439 = CARTESIAN_POINT('',(-81.33151131762,-22.25843787882,
    17.220204383327));
#3440 = CARTESIAN_POINT('',(-81.53189539418,-22.2584378788,
    16.253263700026));
#3441 = CARTESIAN_POINT('',(-81.72838109968,-22.25843787883,
    15.277969786998));
#3442 = CARTESIAN_POINT('',(-81.88524178248,-22.25843787879,
    14.317904442172));
#3443 = CARTESIAN_POINT('',(-82.08023083222,-22.25843787883,
    13.322611163589));
#3444 = CARTESIAN_POINT('',(-82.21152504434,-22.2584378788,
    12.357835707198));
#3445 = CARTESIAN_POINT('',(-82.3575307188,-22.25843787882,
    11.373768183442));
#3446 = CARTESIAN_POINT('',(-82.48203179133,-22.25843787881,
    10.393485302337));
#3447 = CARTESIAN_POINT('',(-82.59510217221,-22.25843787881,
    9.410796125697));
#3448 = CARTESIAN_POINT('',(-82.79635402773,-22.25843787881,
    7.442124611179));
#3449 = CARTESIAN_POINT('',(-82.88358757725,-22.25843787881,
    6.456844632064));
#3450 = CARTESIAN_POINT('',(-82.95685674656,-22.25843787881,
    5.471349418593));
#3451 = CARTESIAN_POINT('',(-83.02293986034,-22.25843787882,
    4.479975618663));
#3452 = CARTESIAN_POINT('',(-83.05770890924,-22.2584378788,
    3.503704166755));
#3453 = CARTESIAN_POINT('',(-83.11394979152,-22.25843787882,
    2.497538736801));
#3454 = CARTESIAN_POINT('',(-83.12264407811,-22.2584378788,
    1.520164983916));
#3455 = CARTESIAN_POINT('',(-83.13711265223,-22.25843787882,
    0.527001215795));
#3456 = CARTESIAN_POINT('',(-83.13281225575,-22.25843787881,
    -0.461313373907));
#3457 = CARTESIAN_POINT('',(-83.11665607902,-22.25843787881,
    -1.450357334792));
#3458 = CARTESIAN_POINT('',(-83.05937089405,-22.25843787881,
    -3.428595650424));
#3459 = CARTESIAN_POINT('',(-83.01730684184,-22.25843787881,
    -4.416885898889));
#3460 = CARTESIAN_POINT('',(-82.96136692625,-22.25843787881,
    -5.40356829021));
#3461 = CARTESIAN_POINT('',(-82.89739609876,-22.25843787882,
    -6.394987450393));
#3462 = CARTESIAN_POINT('',(-82.80472188213,-22.25843787881,
    -7.367763616404));
#3463 = CARTESIAN_POINT('',(-82.72870344136,-22.25843787882,
    -8.372170008078));
#3464 = CARTESIAN_POINT('',(-82.61002903958,-22.25843787881,
    -9.342619320823));
#3465 = CARTESIAN_POINT('',(-82.49462478802,-22.25843787881,
    -10.32904953338));
#3466 = CARTESIAN_POINT('',(-82.36137399697,-22.25843787881,
    -11.30836151015));
#3467 = CARTESIAN_POINT('',(-82.21626043507,-22.25843787881,
    -12.28683558596));
#3468 = CARTESIAN_POINT('',(-81.90126247124,-22.25843787881,
    -14.24068374057));
#3469 = CARTESIAN_POINT('',(-81.73056375696,-22.2584378788,
    -15.21503275716));
#3470 = CARTESIAN_POINT('',(-81.54631751741,-22.25843787884,
    -16.18597655473));
#3471 = CARTESIAN_POINT('',(-81.35348260899,-22.25843787877,
    -17.16055650383));
#3472 = CARTESIAN_POINT('',(-81.13464505405,-22.25843787887,
    -18.11293851856));
#3473 = CARTESIAN_POINT('',(-80.92814923804,-22.25843787876,
    -19.09879167073));
#3474 = CARTESIAN_POINT('',(-80.68383755079,-22.25843787885,
    -20.04547194621));
#3475 = CARTESIAN_POINT('',(-80.44065880579,-22.25843787879,
    -21.00839012705));
#3476 = CARTESIAN_POINT('',(-80.18072296103,-22.25843787882,
    -21.96193232643));
#3477 = CARTESIAN_POINT('',(-79.90913440752,-22.25843787881,
    -22.91309433064));
#3478 = CARTESIAN_POINT('',(-79.34180345656,-22.25843787881,
    -24.80911240547));
#3479 = CARTESIAN_POINT('',(-79.04538720991,-22.2584378788,
    -25.75284539297));
#3480 = CARTESIAN_POINT('',(-78.73598379074,-22.25843787883,
    -26.69143398526));
#3481 = CARTESIAN_POINT('',(-78.41759011854,-22.25843787878,
    -27.63250570046));
#3482 = CARTESIAN_POINT('',(-78.07631485265,-22.25843787885,
    -28.54817772403));
#3483 = CARTESIAN_POINT('',(-77.74290453187,-22.25843787877,
    -29.49864084532));
#3484 = CARTESIAN_POINT('',(-77.37711730242,-22.25843787884,
    -30.40533479929));
#3485 = CARTESIAN_POINT('',(-77.01033256652,-22.2584378788,
    -31.32827316745));
#3486 = CARTESIAN_POINT('',(-76.62815832351,-22.25843787882,
    -32.23972932706));
#3487 = CARTESIAN_POINT('',(-76.23474169556,-22.25843787881,
    -33.14730459136));
#3488 = CARTESIAN_POINT('',(-75.62727368452,-22.25843787881,
    -34.50161400899));
#3489 = CARTESIAN_POINT('',(-75.42176345894,-22.25843787881,
    -34.95157453519));
#3490 = CARTESIAN_POINT('',(-75.21325931068,-22.25843787881,
    -35.40007026826));
#3491 = CARTESIAN_POINT('',(-75.00178742946,-22.25843787881,
    -35.84711282586));
#3492 = CARTESIAN_POINT('',(-74.78737321278,-22.25843787882,
    -36.29271425109));
#3493 = CARTESIAN_POINT('',(-74.57004125166,-22.25843787881,
    -36.73688697396));
#3494 = CARTESIAN_POINT('',(-74.34981531394,-22.25843787882,
    -37.17964377222));
#3495 = CARTESIAN_POINT('',(-74.12671833018,-22.25843787881,
    -37.62099773282));
#3496 = CARTESIAN_POINT('',(-73.90077237736,-22.25843787881,
    -38.0609622129));
#3497 = CARTESIAN_POINT('',(-73.67199866405,-22.25843787881,
    -38.4995508011));
#3498 = CARTESIAN_POINT('',(-72.97725521637,-22.25843787881,
    -39.81123023371));
#3499 = CARTESIAN_POINT('',(-72.50242136111,-22.25843787881,
    -40.67900174081));
#3500 = CARTESIAN_POINT('',(-72.01585349839,-22.25843787882,
    -41.53919402849));
#3501 = CARTESIAN_POINT('',(-71.51998367528,-22.2584378788,
    -42.40006774662));
#3502 = CARTESIAN_POINT('',(-71.00662720625,-22.25843787883,
    -43.23156602825));
#3503 = CARTESIAN_POINT('',(-70.49419705181,-22.2584378788,
    -44.09872091965));
#3504 = CARTESIAN_POINT('',(-69.95855114604,-22.25843787882,
    -44.91663159181));
#3505 = CARTESIAN_POINT('',(-69.4187577161,-22.25843787881,
    -45.7502797492));
#3506 = CARTESIAN_POINT('',(-68.86611057047,-22.25843787881,
    -46.56966404471));
#3507 = CARTESIAN_POINT('',(-68.30319418231,-22.25843787881,
    -47.38304872842));
#3508 = CARTESIAN_POINT('',(-67.15651639149,-22.25843787881,
    -48.99608288254));
#3509 = CARTESIAN_POINT('',(-66.57247789508,-22.25843787882,
    -49.79445222865));
#3510 = CARTESIAN_POINT('',(-65.97779506387,-22.2584378788,
    -50.58377560125));
#3511 = CARTESIAN_POINT('',(-65.37380090764,-22.25843787883,
    -51.37256042633));
#3512 = CARTESIAN_POINT('',(-64.75630396937,-22.25843787879,
    -52.12993865739));
#3513 = CARTESIAN_POINT('',(-64.13507130058,-22.25843787883,
    -52.92278936527));
#3514 = CARTESIAN_POINT('',(-63.49724915371,-22.2584378788,
    -53.66378687551));
#3515 = CARTESIAN_POINT('',(-62.85326081197,-22.25843787882,
    -54.41984587732));
#3516 = CARTESIAN_POINT('',(-62.19839052717,-22.25843787881,
    -55.16008529889));
#3517 = CARTESIAN_POINT('',(-61.53412196118,-22.25843787881,
    -55.89303603119));
#3518 = CARTESIAN_POINT('',(-60.52356370411,-22.25843787881,
    -56.98020823433));
#3519 = CARTESIAN_POINT('',(-60.18432480871,-22.25843787881,
    -57.34023031766));
#3520 = CARTESIAN_POINT('',(-59.84272172009,-22.25843787883,
    -57.69790297925));
#3521 = CARTESIAN_POINT('',(-59.49877550347,-22.25843787879,
    -58.05324563836));
#3522 = CARTESIAN_POINT('',(-59.15250633783,-22.25843787885,
    -58.40627786324));
#3523 = CARTESIAN_POINT('',(-58.80393351304,-22.25843787878,
    -58.75701932806));
#3524 = CARTESIAN_POINT('',(-58.45307542897,-22.25843787884,
    -59.10548977312));
#3525 = CARTESIAN_POINT('',(-58.09994959206,-22.2584378788,
    -59.45170896102));
#3526 = CARTESIAN_POINT('',(-57.74457261448,-22.25843787882,
    -59.79569663687));
#3527 = CARTESIAN_POINT('',(-57.38696021121,-22.25843787881,
    -60.13747248522));
#3528 = CARTESIAN_POINT('',(-56.30746117285,-22.25843787881,
    -61.15622329694));
#3529 = CARTESIAN_POINT('',(-55.57889067954,-22.25843787881,
    -61.82531194154));
#3530 = CARTESIAN_POINT('',(-54.84164516131,-22.25843787881,
    -62.48345182186));
#3531 = CARTESIAN_POINT('',(-54.09537229778,-22.25843787881,
    -63.1392469532));
#3532 = CARTESIAN_POINT('',(-53.34198322722,-22.25843787881,
    -63.7616046974));
#3533 = CARTESIAN_POINT('',(-52.57800986988,-22.25843787881,
    -64.41802451992));
#3534 = CARTESIAN_POINT('',(-51.80788185396,-22.25843787881,
    -65.02035104273));
#3535 = CARTESIAN_POINT('',(-51.02876777342,-22.25843787881,
    -65.63624668985));
#3536 = CARTESIAN_POINT('',(-50.24206709043,-22.25843787881,
    -66.23450376378));
#3537 = CARTESIAN_POINT('',(-49.44757066428,-22.25843787881,
    -66.82377868484));
#3538 = CARTESIAN_POINT('',(-47.84325407932,-22.25843787881,
    -67.98262182924));
#3539 = CARTESIAN_POINT('',(-47.03358301455,-22.25843787881,
    -68.55088879551));
#3540 = CARTESIAN_POINT('',(-46.21674024138,-22.25843787881,
    -69.10716834763));
#3541 = CARTESIAN_POINT('',(-45.39125340432,-22.25843787882,
    -69.6599449056));
#3542 = CARTESIAN_POINT('',(-44.5630756951,-22.2584378788,-70.1786412862
    ));
#3543 = CARTESIAN_POINT('',(-43.71995825585,-22.25843787883,
    -70.72972681305));
#3544 = CARTESIAN_POINT('',(-42.87779940434,-22.2584378788,
    -71.22637847135));
#3545 = CARTESIAN_POINT('',(-42.02496023916,-22.25843787882,
    -71.7353102517));
#3546 = CARTESIAN_POINT('',(-41.16690167173,-22.25843787881,
    -72.22576410881));
#3547 = CARTESIAN_POINT('',(-40.30228646103,-22.25843787881,
    -72.706295108));
#3548 = CARTESIAN_POINT('',(-38.99589834813,-22.25843787881,
    -73.41093791728));
#3549 = CARTESIAN_POINT('',(-38.55893751102,-22.25843787881,
    -73.64280890615));
#3550 = CARTESIAN_POINT('',(-38.12049314498,-22.25843787881,
    -73.87169521167));
#3551 = CARTESIAN_POINT('',(-37.6805789552,-22.25843787881,
    -74.09762199409));
#3552 = CARTESIAN_POINT('',(-37.23920775972,-22.25843787881,
    -74.32061426879));
#3553 = CARTESIAN_POINT('',(-36.79639150071,-22.25843787881,
    -74.54069686737));
#3554 = CARTESIAN_POINT('',(-36.35214125618,-22.25843787882,
    -74.75789439583));
#3555 = CARTESIAN_POINT('',(-35.90646725108,-22.25843787881,
    -74.97223119623));
#3556 = CARTESIAN_POINT('',(-35.45937886908,-22.25843787881,
    -75.18373130494));
#3557 = CARTESIAN_POINT('',(-35.0108846638,-22.25843787881,
    -75.39241841361));
#3558 = CARTESIAN_POINT('',(-33.66120778342,-22.25843787881,
    -76.01011065797));
#3559 = CARTESIAN_POINT('',(-32.75623093568,-22.25843787881,
    -76.40949954507));
#3560 = CARTESIAN_POINT('',(-31.84655881039,-22.25843787881,
    -76.79573222194));
#3561 = CARTESIAN_POINT('',(-30.92909211476,-22.25843787882,
    -77.17684284046));
#3562 = CARTESIAN_POINT('',(-30.01563496405,-22.2584378788,
    -77.52400315962));
#3563 = CARTESIAN_POINT('',(-29.08120633713,-22.25843787882,
    -77.90001567982));
#3564 = CARTESIAN_POINT('',(-28.15833739982,-22.2584378788,
    -78.22282727429));
#3565 = CARTESIAN_POINT('',(-27.22259763518,-22.25843787882,
    -78.55559940578));
#3566 = CARTESIAN_POINT('',(-26.28534362159,-22.25843787881,
    -78.86923040735));
#3567 = CARTESIAN_POINT('',(-25.34359480235,-22.25843787881,
    -79.17185007825));
#3568 = CARTESIAN_POINT('',(-23.45192117009,-22.25843787881,
    -79.75350290181));
#3569 = CARTESIAN_POINT('',(-22.5025558141,-22.25843787881,
    -80.03135177959));
#3570 = CARTESIAN_POINT('',(-21.55025257933,-22.25843787882,
    -80.2955441438));
#3571 = CARTESIAN_POINT('',(-20.59089002059,-22.25843787879,
    -80.55364087364));
#3572 = CARTESIAN_POINT('',(-19.63993410792,-22.25843787884,
    -80.77860110484));
#3573 = CARTESIAN_POINT('',(-18.66442016491,-22.25843787879,
    -81.02942937487));
#3574 = CARTESIAN_POINT('',(-17.7073111311,-22.25843787883,
    -81.2290207034));
#3575 = CARTESIAN_POINT('',(-16.73614127063,-22.2584378788,
    -81.4368073746));
#3576 = CARTESIAN_POINT('',(-15.76596853467,-22.25843787882,
    -81.62541902202));
#3577 = CARTESIAN_POINT('',(-14.7927767138,-22.25843787881,
    -81.80252685225));
#3578 = CARTESIAN_POINT('',(-12.84136568345,-22.25843787881,
    -82.13229059913));
#3579 = CARTESIAN_POINT('',(-11.86385572365,-22.25843787882,
    -82.28384539633));
#3580 = CARTESIAN_POINT('',(-10.88521555176,-22.2584378788,
    -82.42147704307));
#3581 = CARTESIAN_POINT('',(-9.900372089332,-22.25843787883,
    -82.55214377806));
#3582 = CARTESIAN_POINT('',(-8.928188533943,-22.25843787879,
    -82.65105478875));
#3583 = CARTESIAN_POINT('',(-7.928280588958,-22.25843787883,
    -82.77240706804));
#3584 = CARTESIAN_POINT('',(-6.9533078595,-22.2584378788,-82.8453630671)
  );
#3585 = CARTESIAN_POINT('',(-5.963324888835,-22.25843787882,
    -82.9246089908));
#3586 = CARTESIAN_POINT('',(-4.976833354979,-22.25843787881,
    -82.98497408633));
#3587 = CARTESIAN_POINT('',(-3.988850114345,-22.25843787881,
    -83.03353971188));
#3588 = CARTESIAN_POINT('',(-2.505530680835,-22.25843787881,
    -83.08771395267));
#3589 = CARTESIAN_POINT('',(-2.011078500957,-22.25843787882,
    -83.10240988582));
#3590 = CARTESIAN_POINT('',(-1.516615876074,-22.2584378788,
    -83.11377278974));
#3591 = CARTESIAN_POINT('',(-1.022143970008,-22.25843787884,
    -83.1218312917));
#3592 = CARTESIAN_POINT('',(-0.527663214714,-22.25843787878,
    -83.12661349646));
#3593 = CARTESIAN_POINT('',(-3.317333831649E-02,-22.25843787884,
    -83.12814695686));
#3594 = CARTESIAN_POINT('',(0.461326606876,-22.25843787879,
    -83.12645864084));
#3595 = CARTESIAN_POINT('',(0.95583821633,-22.25843787882,
    -83.12157490266));
#3596 = CARTESIAN_POINT('',(1.450363705281,-22.25843787881,
    -83.11352145011));
#3597 = CARTESIAN_POINT('',(1.944905880689,-22.25843787881,
    -83.10232331476));
#3598 = CARTESIAN_POINT('',(3.428592578302,-22.25843787881,
    -83.05936783174));
#3599 = CARTESIAN_POINT('',(4.416886832507,-22.25843787881,
    -83.01730781316));
#3600 = CARTESIAN_POINT('',(5.403573310198,-22.25843787882,
    -82.96137168019));
#3601 = CARTESIAN_POINT('',(6.394985097043,-22.2584378788,
    -82.89739426215));
#3602 = CARTESIAN_POINT('',(7.36778499897,-22.25843787884,
    -82.80474112284));
#3603 = CARTESIAN_POINT('',(8.372154648385,-22.25843787879,
    -82.72868928889));
#3604 = CARTESIAN_POINT('',(9.342626559604,-22.25843787883,
    -82.61003571535));
#3605 = CARTESIAN_POINT('',(10.329047397841,-22.2584378788,
    -82.49462285417));
#3606 = CARTESIAN_POINT('',(11.308360419423,-22.25843787882,
    -82.36137310038));
#3607 = CARTESIAN_POINT('',(12.286834522645,-22.25843787881,
    -82.21625958247));
#3608 = CARTESIAN_POINT('',(14.240683504784,-22.25843787881,
    -81.90126229182));
#3609 = CARTESIAN_POINT('',(15.215032830573,-22.25843787881,
    -81.73056381674));
#3610 = CARTESIAN_POINT('',(16.185976938214,-22.25843787882,
    -81.54631779626));
#3611 = CARTESIAN_POINT('',(17.160556331041,-22.2584378788,
    -81.35348250852));
#3612 = CARTESIAN_POINT('',(18.11294013345,-22.25843787882,
    -81.13464616255));
#3613 = CARTESIAN_POINT('',(19.098790505022,-22.2584378788,
    -80.9281484168));
#3614 = CARTESIAN_POINT('',(20.045472495331,-22.25843787882,
    -80.68383793769));
#3615 = CARTESIAN_POINT('',(21.008389965267,-22.25843787881,
    -80.44065869366));
#3616 = CARTESIAN_POINT('',(21.961932245208,-22.25843787882,
    -80.18072291026));
#3617 = CARTESIAN_POINT('',(22.913094251902,-22.25843787881,
    -79.90913435973));
#3618 = CARTESIAN_POINT('',(24.809112388239,-22.25843787881,
    -79.34180344677));
#3619 = CARTESIAN_POINT('',(25.752845398489,-22.2584378788,
    -79.04538721337));
#3620 = CARTESIAN_POINT('',(26.691434013258,-22.25843787884,
    -78.73598380608));
#3621 = CARTESIAN_POINT('',(27.632505688338,-22.25843787876,
    -78.41759011344));
#3622 = CARTESIAN_POINT('',(28.548177840484,-22.25843787888,
    -78.076314912));
#3623 = CARTESIAN_POINT('',(29.498640760843,-22.25843787874,
    -77.74290448743));
#3624 = CARTESIAN_POINT('',(30.40533483907,-22.25843787886,
    -77.37711732337));
#3625 = CARTESIAN_POINT('',(31.328273155727,-22.25843787878,
    -77.01033256041));
#3626 = CARTESIAN_POINT('',(32.239729321289,-22.25843787882,
    -76.62815832089));
#3627 = CARTESIAN_POINT('',(33.147304585797,-22.25843787881,
    -76.2347416931));
#3628 = CARTESIAN_POINT('',(34.953050480342,-22.25843787881,
    -75.42478434703));
#3629 = CARTESIAN_POINT('',(35.850019641622,-22.25843787881,
    -75.00772211934));
#3630 = CARTESIAN_POINT('',(36.740193252007,-22.25843787882,
    -74.57845530299));
#3631 = CARTESIAN_POINT('',(37.631655212244,-22.25843787881,
    -74.13995101051));
#3632 = CARTESIAN_POINT('',(38.494948309468,-22.25843787882,
    -73.68207626587));
#3633 = CARTESIAN_POINT('',(39.393761094823,-22.25843787881,
    -73.22745790845));
#3634 = CARTESIAN_POINT('',(40.244953473656,-22.25843787881,
    -72.74645277822));
#3635 = CARTESIAN_POINT('',(41.112120906713,-22.25843787881,
    -72.26233828599));
#3636 = CARTESIAN_POINT('',(41.965895690122,-22.25843787881,
    -71.76446469722));
#3637 = CARTESIAN_POINT('',(42.814355348066,-22.25843787881,
    -71.25595145985));
#3638 = CARTESIAN_POINT('',(44.498932187909,-22.25843787881,
    -70.21722627541));
#3639 = CARTESIAN_POINT('',(45.333790109186,-22.25843787881,
    -69.68665410374));
#3640 = CARTESIAN_POINT('',(46.160317597912,-22.25843787881,
    -69.14486875273));
#3641 = CARTESIAN_POINT('',(46.986916681994,-22.25843787881,
    -68.59375679008));
#3642 = CARTESIAN_POINT('',(47.783059540079,-22.25843787881,
    -68.02711686663));
#3643 = CARTESIAN_POINT('',(48.614843254437,-22.25843787881,
    -67.45906922184));
#3644 = CARTESIAN_POINT('',(49.39596979631,-22.25843787882,
    -66.87107625718));
#3645 = CARTESIAN_POINT('',(50.192528870543,-22.25843787881,
    -66.27791536843));
#3646 = CARTESIAN_POINT('',(50.974013948554,-22.25843787881,
    -65.67286118578));
#3647 = CARTESIAN_POINT('',(51.748840619942,-22.25843787881,
    -65.05795214123));
#3648 = CARTESIAN_POINT('',(52.899778776218,-22.25843787881,
    -64.12066203106));
#3649 = CARTESIAN_POINT('',(53.281217309935,-22.2584378788,
    -63.80569604301));
#3650 = CARTESIAN_POINT('',(53.660466077874,-22.25843787883,
    -63.48821726416));
#3651 = CARTESIAN_POINT('',(54.037543079892,-22.25843787877,
    -63.16824798459));
#3652 = CARTESIAN_POINT('',(54.412466522721,-22.25843787886,
    -62.84580962011));
#3653 = CARTESIAN_POINT('',(54.785254776589,-22.25843787876,
    -62.52092270577));
#3654 = CARTESIAN_POINT('',(55.155926336332,-22.25843787885,
    -62.1936068934));
#3655 = CARTESIAN_POINT('',(55.524499777097,-22.25843787879,
    -61.86388094427));
#3656 = CARTESIAN_POINT('',(55.890993715331,-22.25843787882,
    -61.53176272651));
#3657 = CARTESIAN_POINT('',(56.255426765583,-22.25843787881,
    -61.19726920882));
#3658 = CARTESIAN_POINT('',(57.342598968717,-22.25843787881,
    -60.18671095175));
#3659 = CARTESIAN_POINT('',(58.057905833325,-22.25843787882,
    -59.50346087491));
#3660 = CARTESIAN_POINT('',(58.762854749484,-22.2584378788,
    -58.8108382635));
#3661 = CARTESIAN_POINT('',(59.466054353716,-22.25843787883,
    -58.10905428131));
#3662 = CARTESIAN_POINT('',(60.136353584911,-22.25843787878,
    -57.39798241837));
#3663 = CARTESIAN_POINT('',(60.841334210389,-22.25843787884,
    -56.6785766973));
#3664 = CARTESIAN_POINT('',(61.492739888012,-22.25843787879,
    -55.94949162384));
#3665 = CARTESIAN_POINT('',(62.158273354221,-22.25843787882,
    -55.21232718905));
#3666 = CARTESIAN_POINT('',(62.806702200249,-22.25843787881,
    -54.46643877728));
#3667 = CARTESIAN_POINT('',(63.446677990939,-22.25843787881,
    -53.71218385279));
#3668 = CARTESIAN_POINT('',(64.707967288229,-22.25843787881,
    -52.18709420072));
#3669 = CARTESIAN_POINT('',(65.327972572571,-22.25843787881,
    -51.41632314167));
#3670 = CARTESIAN_POINT('',(65.936485161078,-22.25843787882,
    -50.63761171503));
#3671 = CARTESIAN_POINT('',(66.542067603258,-22.2584378788,
    -49.85004562537));
#3672 = CARTESIAN_POINT('',(67.113818831241,-22.25843787882,
    -49.0575654744));
#3673 = CARTESIAN_POINT('',(67.718866956699,-22.2584378788,
    -48.25229593259));
#3674 = CARTESIAN_POINT('',(68.26953507232,-22.25843787882,
    -47.44442278022));
#3675 = CARTESIAN_POINT('',(68.83315554,-22.25843787881,-46.6266953402)
  );
#3676 = CARTESIAN_POINT('',(69.378679013572,-22.25843787881,
    -45.80255115899));
#3677 = CARTESIAN_POINT('',(69.914729699795,-22.25843787881,
    -44.97121538679));
#3678 = CARTESIAN_POINT('',(70.966164348327,-22.25843787881,
    -43.29454179864));
#3679 = CARTESIAN_POINT('',(71.480259590149,-22.25843787881,
    -42.44943786392));
#3680 = CARTESIAN_POINT('',(71.981924033304,-22.25843787881,
    -41.59796158992));
#3681 = CARTESIAN_POINT('',(72.479527617474,-22.25843787882,
    -40.73808887054));
#3682 = CARTESIAN_POINT('',(72.942948050451,-22.2584378788,
    -39.87775997805));
#3683 = CARTESIAN_POINT('',(73.437711085797,-22.25843787882,
    -39.00040501405));
#3684 = CARTESIAN_POINT('',(73.878219586603,-22.2584378788,
    -38.12756670804));
#3685 = CARTESIAN_POINT('',(74.330283343565,-22.25843787882,
    -37.24326780867));
#3686 = CARTESIAN_POINT('',(74.763567392314,-22.25843787881,
    -36.35496919183));
#3687 = CARTESIAN_POINT('',(75.186521003825,-22.25843787881,
    -35.46077695568));
#3688 = CARTESIAN_POINT('',(76.010110680434,-22.25843787881,
    -33.66120777619));
#3689 = CARTESIAN_POINT('',(76.409499568151,-22.25843787882,
    -32.75623092809));
#3690 = CARTESIAN_POINT('',(76.79573226879,-22.2584378788,
    -31.84655879241));
#3691 = CARTESIAN_POINT('',(77.176842678772,-22.25843787883,
    -30.92909218019));
#3692 = CARTESIAN_POINT('',(77.524003501455,-22.25843787879,
    -30.0156348269));
#3693 = CARTESIAN_POINT('',(77.900015206615,-22.25843787883,
    -29.08120652186));
#3694 = CARTESIAN_POINT('',(78.222827325013,-22.25843787881,
    -28.15833738305));
#3695 = CARTESIAN_POINT('',(78.555599293985,-22.25843787881,
    -27.22259768094));
#3696 = CARTESIAN_POINT('',(78.869230387273,-22.25843787881,
    -26.28534362986));
#3697 = CARTESIAN_POINT('',(79.171850150167,-22.25843787881,
    -25.34359476897));
#3698 = CARTESIAN_POINT('',(79.608089952962,-22.25843787881,
    -23.92483945643));
#3699 = CARTESIAN_POINT('',(79.750258807988,-22.25843787881,
    -23.45103889708));
#3700 = CARTESIAN_POINT('',(79.889210878389,-22.25843787883,
    -22.97636561092));
#3701 = CARTESIAN_POINT('',(80.024973514313,-22.25843787879,
    -22.50082813191));
#3702 = CARTESIAN_POINT('',(80.157573751773,-22.25843787884,
    -22.02443415209));
#3703 = CARTESIAN_POINT('',(80.287038274232,-22.25843787879,
    -21.54719054039));
#3704 = CARTESIAN_POINT('',(80.413393376999,-22.25843787883,
    -21.06910336208));
#3705 = CARTESIAN_POINT('',(80.536664928568,-22.2584378788,
    -20.5901778974));
#3706 = CARTESIAN_POINT('',(80.656878334667,-22.25843787882,
    -20.11041866099));
#3707 = CARTESIAN_POINT('',(80.774058500342,-22.25843787881,
    -19.6298294207));
#3708 = CARTESIAN_POINT('',(81.002401086054,-22.25843787881,
    -18.66699701282));
#3709 = CARTESIAN_POINT('',(81.11327735588,-22.25843787881,
    -18.18491269776));
#3710 = CARTESIAN_POINT('',(81.22088678572,-22.25843787882,
    -17.70216783678));
#3711 = CARTESIAN_POINT('',(81.32525722521,-22.25843787881,
    -17.21876915402));
#3712 = CARTESIAN_POINT('',(81.426416154913,-22.25843787882,
    -16.73472255401));
#3713 = CARTESIAN_POINT('',(81.524390650217,-22.2584378788,
    -16.25003314315));
#3714 = CARTESIAN_POINT('',(81.619207345933,-22.25843787882,
    -15.76470525112));
#3715 = CARTESIAN_POINT('',(81.710892399937,-22.25843787881,
    -15.27874245238));
#3716 = CARTESIAN_POINT('',(81.799471457916,-22.25843787882,
    -14.79214758759));
#3717 = CARTESIAN_POINT('',(81.88496961705,-22.25843787881,
    -14.30492278504));
#3718 = CARTESIAN_POINT('',(82.132294937528,-22.25843787881,
    -12.84136287639));
#3719 = CARTESIAN_POINT('',(82.283849808311,-22.2584378788,
    -11.8638528163));
#3720 = CARTESIAN_POINT('',(82.421485715879,-22.25843787884,
    -10.88520920836));
#3721 = CARTESIAN_POINT('',(82.552113853096,-22.25843787876,
    -9.90039466358));
#3722 = CARTESIAN_POINT('',(82.651117972648,-22.25843787888,
    -8.928141067208));
#3723 = CARTESIAN_POINT('',(82.772318787379,-22.25843787875,
    -7.92834550774));
#3724 = CARTESIAN_POINT('',(82.845373027016,-22.25843787886,
    -6.953301360632));
#3725 = CARTESIAN_POINT('',(82.924588603807,-22.25843787879,
    -5.963340501443));
#3726 = CARTESIAN_POINT('',(82.984970666679,-22.25843787882,
    -4.976836080742));
#3727 = CARTESIAN_POINT('',(83.033552799096,-22.25843787881,
    -3.988839268974));
#3728 = CARTESIAN_POINT('',(83.105828568807,-22.25843787881,
    -2.011042699023));
#3729 = CARTESIAN_POINT('',(83.128496772061,-22.25843787881,
    -1.022112150392));
#3730 = CARTESIAN_POINT('',(83.138343090262,-22.25843787881,
    -3.278230344776E-02));
#3731 = CARTESIAN_POINT('',(83.133544541022,-22.25843787882,
    0.955078071529));
#3732 = CARTESIAN_POINT('',(83.117685353671,-22.25843787881,
    1.944414636772));
#3733 = CARTESIAN_POINT('',(83.090441631491,-22.25843787882,
    2.935124873767));
#3734 = CARTESIAN_POINT('',(83.048560317521,-22.25843787881,
    3.923871555202));
#3735 = CARTESIAN_POINT('',(82.9922130758,-22.25843787881,4.910226561892
    ));
#3736 = CARTESIAN_POINT('',(82.924591735794,-22.25843787881,
    5.897412863621));
#3737 = CARTESIAN_POINT('',(82.843990611595,-22.25843787881,
    6.883503907523));
#3738 = CARTESIAN_POINT('',(82.657993064114,-22.25843787881,
    8.854373244828));
#3739 = CARTESIAN_POINT('',(82.55138885053,-22.25843787882,
    9.837820158867));
#3740 = CARTESIAN_POINT('',(82.431507473897,-22.2584378788,
    10.819398822942));
#3741 = CARTESIAN_POINT('',(82.298390368069,-22.25843787883,
    11.79887543509));
#3742 = CARTESIAN_POINT('',(82.152218287994,-22.2584378788,
    12.776214244326));
#3743 = CARTESIAN_POINT('',(81.993386558364,-22.25843787882,
    13.751682119587));
#3744 = CARTESIAN_POINT('',(81.822370936805,-22.25843787881,
    14.725684524262));
#3745 = CARTESIAN_POINT('',(81.639525638351,-22.25843787881,
    15.69851109306));
#3746 = CARTESIAN_POINT('',(81.444955049414,-22.25843787881,
    16.670169005188));
#3747 = CARTESIAN_POINT('',(81.238600676424,-22.25843787881,
    17.640482350341));
#3748 = CARTESIAN_POINT('',(81.020684861322,-22.25843787881,
    18.609635682095));
#3749 = PCURVE('',#2728,#3750);
#3750 = DEFINITIONAL_REPRESENTATION('',(#3751),#3755);
#3751 = LINE('',#3752,#3753);
#3752 = CARTESIAN_POINT('',(18.,0.));
#3753 = VECTOR('',#3754,1.);
#3754 = DIRECTION('',(0.,1.));
#3755 = ( GEOMETRIC_REPRESENTATION_CONTEXT(2) 
PARAMETRIC_REPRESENTATION_CONTEXT() REPRESENTATION_CONTEXT('2D SPACE',''
  ) );
#3756 = PCURVE('',#1003,#3757);
#3757 = DEFINITIONAL_REPRESENTATION('',(#3758),#4081);
#3758 = B_SPLINE_CURVE_WITH_KNOTS('',11,(#3759,#3760,#3761,#3762,#3763,
    #3764,#3765,#3766,#3767,#3768,#3769,#3770,#3771,#3772,#3773,#3774,
    #3775,#3776,#3777,#3778,#3779,#3780,#3781,#3782,#3783,#3784,#3785,
    #3786,#3787,#3788,#3789,#3790,#3791,#3792,#3793,#3794,#3795,#3796,
    #3797,#3798,#3799,#3800,#3801,#3802,#3803,#3804,#3805,#3806,#3807,
    #3808,#3809,#3810,#3811,#3812,#3813,#3814,#3815,#3816,#3817,#3818,
    #3819,#3820,#3821,#3822,#3823,#3824,#3825,#3826,#3827,#3828,#3829,
    #3830,#3831,#3832,#3833,#3834,#3835,#3836,#3837,#3838,#3839,#3840,
    #3841,#3842,#3843,#3844,#3845,#3846,#3847,#3848,#3849,#3850,#3851,
    #3852,#3853,#3854,#3855,#3856,#3857,#3858,#3859,#3860,#3861,#3862,
    #3863,#3864,#3865,#3866,#3867,#3868,#3869,#3870,#3871,#3872,#3873,
    #3874,#3875,#3876,#3877,#3878,#3879,#3880,#3881,#3882,#3883,#3884,
    #3885,#3886,#3887,#3888,#3889,#3890,#3891,#3892,#3893,#3894,#3895,
    #3896,#3897,#3898,#3899,#3900,#3901,#3902,#3903,#3904,#3905,#3906,
    #3907,#3908,#3909,#3910,#3911,#3912,#3913,#3914,#3915,#3916,#3917,
    #3918,#3919,#3920,#3921,#3922,#3923,#3924,#3925,#3926,#3927,#3928,
    #3929,#3930,#3931,#3932,#3933,#3934,#3935,#3936,#3937,#3938,#3939,
    #3940,#3941,#3942,#3943,#3944,#3945,#3946,#3947,#3948,#3949,#3950,
    #3951,#3952,#3953,#3954,#3955,#3956,#3957,#3958,#3959,#3960,#3961,
    #3962,#3963,#3964,#3965,#3966,#3967,#3968,#3969,#3970,#3971,#3972,
    #3973,#3974,#3975,#3976,#3977,#3978,#3979,#3980,#3981,#3982,#3983,
    #3984,#3985,#3986,#3987,#3988,#3989,#3990,#3991,#3992,#3993,#3994,
    #3995,#3996,#3997,#3998,#3999,#4000,#4001,#4002,#4003,#4004,#4005,
    #4006,#4007,#4008,#4009,#4010,#4011,#4012,#4013,#4014,#4015,#4016,
    #4017,#4018,#4019,#4020,#4021,#4022,#4023,#4024,#4025,#4026,#4027,
    #4028,#4029,#4030,#4031,#4032,#4033,#4034,#4035,#4036,#4037,#4038,
    #4039,#4040,#4041,#4042,#4043,#4044,#4045,#4046,#4047,#4048,#4049,
    #4050,#4051,#4052,#4053,#4054,#4055,#4056,#4057,#4058,#4059,#4060,
    #4061,#4062,#4063,#4064,#4065,#4066,#4067,#4068,#4069,#4070,#4071,
    #4072,#4073,#4074,#4075,#4076,#4077,#4078,#4079,#4080),
  .UNSPECIFIED.,.F.,.F.,(12,10,10,10,10,10,10,10,10,10,10,10,10,10,10,10
    ,10,10,10,10,10,10,10,10,10,10,10,10,10,10,10,10,12),(0.,
    6.216625736137,18.649877208412,31.083128680687,43.516380152962,
    55.949631625237,68.382883097512,74.59950883365,87.032760305925,
    99.466011778199,105.68263751433,118.11588898661,130.54914045888,
    136.76576619502,149.19901766729,161.63226913957,174.06552061184,
    180.28214634798,192.71539782026,205.14864929253,217.58190076481,
    230.01515223708,242.44840370936,248.66502944549,261.09828091777,
    273.53153239004,285.96478386232,298.39803533459,304.61466107073,
    310.83128680687,323.26453827914,335.69778975142,348.13104122369),
  .UNSPECIFIED.);
#3759 = CARTESIAN_POINT('',(-79.45446510637,-67.55384741487));
#3760 = CARTESIAN_POINT('',(-79.60246070622,-67.0797338492));
#3761 = CARTESIAN_POINT('',(-79.7468730085,-66.60486959104));
#3762 = CARTESIAN_POINT('',(-79.88773200944,-66.12926979366));
#3763 = CARTESIAN_POINT('',(-80.02506767339,-65.6529486612));
#3764 = CARTESIAN_POINT('',(-80.15890989306,-65.17591946241));
#3765 = CARTESIAN_POINT('',(-80.28928844819,-64.69819454456));
#3766 = CARTESIAN_POINT('',(-80.41623296676,-64.21978534722));
#3767 = CARTESIAN_POINT('',(-80.539772883,-63.74070241608));
#3768 = CARTESIAN_POINT('',(-80.65993739861,-63.26095541683));
#3769 = CARTESIAN_POINT('',(-80.77675544138,-62.78055314893));
#3770 = CARTESIAN_POINT('',(-81.11725599379,-61.33740438053));
#3771 = CARTESIAN_POINT('',(-81.33143341299,-60.37246693516));
#3772 = CARTESIAN_POINT('',(-81.53182025495,-59.40552682496));
#3773 = CARTESIAN_POINT('',(-81.72830874975,-58.43023347387));
#3774 = CARTESIAN_POINT('',(-81.88517217828,-57.47016857766));
#3775 = CARTESIAN_POINT('',(-82.08016407452,-56.47487585675));
#3776 = CARTESIAN_POINT('',(-82.21146104585,-55.51010077585));
#3777 = CARTESIAN_POINT('',(-82.35746953469,-54.52603366967));
#3778 = CARTESIAN_POINT('',(-82.48197341079,-53.54575114464));
#3779 = CARTESIAN_POINT('',(-82.59504660211,-52.56306229138));
#3780 = CARTESIAN_POINT('',(-82.79630408794,-50.59439135244));
#3781 = CARTESIAN_POINT('',(-82.88354045532,-49.60911162281));
#3782 = CARTESIAN_POINT('',(-82.95681244309,-48.62361661889));
#3783 = CARTESIAN_POINT('',(-83.02289839216,-47.63224300796));
#3784 = CARTESIAN_POINT('',(-83.05767023315,-46.65597165549));
#3785 = CARTESIAN_POINT('',(-83.11391399302,-45.64980638639));
#3786 = CARTESIAN_POINT('',(-83.12261107485,-44.67243265837));
#3787 = CARTESIAN_POINT('',(-83.13708248937,-43.67926893164));
#3788 = CARTESIAN_POINT('',(-83.13278491942,-42.69095432964));
#3789 = CARTESIAN_POINT('',(-83.11663157132,-41.70191032255));
#3790 = CARTESIAN_POINT('',(-83.05935204401,-39.7236718431));
#3791 = CARTESIAN_POINT('',(-83.01729081827,-38.73538147433));
#3792 = CARTESIAN_POINT('',(-82.96135372454,-37.74869892303));
#3793 = CARTESIAN_POINT('',(-82.89738573246,-36.7572795799));
#3794 = CARTESIAN_POINT('',(-82.80471429793,-35.78450314885));
#3795 = CARTESIAN_POINT('',(-82.72869872972,-34.78009653977));
#3796 = CARTESIAN_POINT('',(-82.61002710338,-33.80964688762));
#3797 = CARTESIAN_POINT('',(-82.49462567297,-32.82321634501));
#3798 = CARTESIAN_POINT('',(-82.36137768271,-31.84390398716));
#3799 = CARTESIAN_POINT('',(-82.21626691919,-30.86542949633));
#3800 = CARTESIAN_POINT('',(-81.90127454328,-28.91158044086));
#3801 = CARTESIAN_POINT('',(-81.73057861559,-27.93723093608));
#3802 = CARTESIAN_POINT('',(-81.5463351529,-26.96628661157));
#3803 = CARTESIAN_POINT('',(-81.35350303173,-25.99170611098));
#3804 = CARTESIAN_POINT('',(-81.13466820056,-25.03932347039));
#3805 = CARTESIAN_POINT('',(-80.92817520405,-24.05346972766));
#3806 = CARTESIAN_POINT('',(-80.68386622426,-23.10678875346));
#3807 = CARTESIAN_POINT('',(-80.44069023316,-22.14386987715));
#3808 = CARTESIAN_POINT('',(-80.18075711549,-21.19032693436));
#3809 = CARTESIAN_POINT('',(-79.90917128226,-20.23916415343));
#3810 = CARTESIAN_POINT('',(-79.34184575383,-18.34314445607));
#3811 = CARTESIAN_POINT('',(-79.04543220621,-17.39941062083));
#3812 = CARTESIAN_POINT('',(-78.73603147136,-16.46082114366));
#3813 = CARTESIAN_POINT('',(-78.41764049058,-15.51974851788));
#3814 = CARTESIAN_POINT('',(-78.07636784348,-14.60407551828));
#3815 = CARTESIAN_POINT('',(-77.74296024098,-13.65361144345));
#3816 = CARTESIAN_POINT('',(-77.37717560463,-12.74691644336));
#3817 = CARTESIAN_POINT('',(-77.01039350829,-11.82397702621));
#3818 = CARTESIAN_POINT('',(-76.62822187201,-10.91251977361));
#3819 = CARTESIAN_POINT('',(-76.23480783968,-10.00494338415));
#3820 = CARTESIAN_POINT('',(-75.62734370191,-8.650632229201));
#3821 = CARTESIAN_POINT('',(-75.42183476319,-8.200671115256));
#3822 = CARTESIAN_POINT('',(-75.21333189761,-7.75217478588));
#3823 = CARTESIAN_POINT('',(-75.00186129491,-7.305131623481));
#3824 = CARTESIAN_POINT('',(-74.78744835263,-6.859529585034));
#3825 = CARTESIAN_POINT('',(-74.57011766182,-6.415356240605));
#3826 = CARTESIAN_POINT('',(-74.34989299037,-5.972598812518));
#3827 = CARTESIAN_POINT('',(-74.12679726887,-5.531244213873));
#3828 = CARTESIAN_POINT('',(-73.90085257432,-5.091279087593));
#3829 = CARTESIAN_POINT('',(-73.67208011535,-4.652689845112));
#3830 = CARTESIAN_POINT('',(-72.97734041902,-3.34100842558));
#3831 = CARTESIAN_POINT('',(-72.50250904555,-2.473235560482));
#3832 = CARTESIAN_POINT('',(-72.01594364294,-1.613041881235));
#3833 = CARTESIAN_POINT('',(-71.52007628189,-0.752166744947));
#3834 = CARTESIAN_POINT('',(-71.00672219091,7.933300484923E-02));
#3835 = CARTESIAN_POINT('',(-70.49429451649,0.946489361779));
#3836 = CARTESIAN_POINT('',(-69.95865094991,1.764401565857));
#3837 = CARTESIAN_POINT('',(-69.41885990417,2.598051267028));
#3838 = CARTESIAN_POINT('',(-68.86621510194,3.417437143076));
#3839 = CARTESIAN_POINT('',(-68.30330104003,4.230823436701));
#3840 = CARTESIAN_POINT('',(-67.15662786241,5.84386087026));
#3841 = CARTESIAN_POINT('',(-66.57259164931,6.64223188669));
#3842 = CARTESIAN_POINT('',(-65.97791107553,7.431556960049));
#3843 = CARTESIAN_POINT('',(-65.37391917519,8.220343512524));
#3844 = CARTESIAN_POINT('',(-64.75642440299,8.97772350959));
#3845 = CARTESIAN_POINT('',(-64.13519400172,9.770575994164));
#3846 = CARTESIAN_POINT('',(-63.49737397406,10.511575328539));
#3847 = CARTESIAN_POINT('',(-62.85338779462,11.267636172126));
#3848 = CARTESIAN_POINT('',(-62.19851962688,12.007877466589));
#3849 = CARTESIAN_POINT('',(-61.5342531571,12.74083009867));
#3850 = CARTESIAN_POINT('',(-60.52369800929,13.828005191953));
#3851 = CARTESIAN_POINT('',(-60.18446014354,14.188028245483));
#3852 = CARTESIAN_POINT('',(-59.84285807785,14.545701884045));
#3853 = CARTESIAN_POINT('',(-59.49891287749,14.901045526825));
#3854 = CARTESIAN_POINT('',(-59.15264472151,15.254078742021));
#3855 = CARTESIAN_POINT('',(-58.80407289983,15.604821203734));
#3856 = CARTESIAN_POINT('',(-58.45321581237,15.953292652232));
#3857 = CARTESIAN_POINT('',(-58.10009096562,16.299512850051));
#3858 = CARTESIAN_POINT('',(-57.74471497184,16.643501542267));
#3859 = CARTESIAN_POINT('',(-57.38710354603,16.985278413372));
#3860 = CARTESIAN_POINT('',(-56.30760742126,18.004032312399));
#3861 = CARTESIAN_POINT('',(-55.57903884151,18.673123040677));
#3862 = CARTESIAN_POINT('',(-54.84179520554,19.331265029486));
#3863 = CARTESIAN_POINT('',(-54.09552421755,19.987062295127));
#3864 = CARTESIAN_POINT('',(-53.34213692691,20.609422193979));
#3865 = CARTESIAN_POINT('',(-52.5781654469,21.26584420143));
#3866 = CARTESIAN_POINT('',(-51.80803915361,21.868172926761));
#3867 = CARTESIAN_POINT('',(-51.02892683451,22.484070802112));
#3868 = CARTESIAN_POINT('',(-50.24222786251,23.082330125964));
#3869 = CARTESIAN_POINT('',(-49.44773312166,23.671607319243));
#3870 = CARTESIAN_POINT('',(-47.84341985094,24.830455051917));
#3871 = CARTESIAN_POINT('',(-47.03375041139,25.398724333799));
#3872 = CARTESIAN_POINT('',(-46.21690922916,25.955006222052));
#3873 = CARTESIAN_POINT('',(-45.39142397302,26.507785140872));
#3874 = CARTESIAN_POINT('',(-44.56324774725,27.026483890025));
#3875 = CARTESIAN_POINT('',(-43.72013188408,27.577571828144));
#3876 = CARTESIAN_POINT('',(-42.87797445298,28.074225894978));
#3877 = CARTESIAN_POINT('',(-42.02513674332,28.583160114408));
#3878 = CARTESIAN_POINT('',(-41.16707957857,29.073616425519));
#3879 = CARTESIAN_POINT('',(-40.30246574217,29.554149897476));
#3880 = CARTESIAN_POINT('',(-38.99607964452,30.258796442961));
#3881 = CARTESIAN_POINT('',(-38.55911947055,30.49066868151));
#3882 = CARTESIAN_POINT('',(-38.12067575912,30.719556240962));
#3883 = CARTESIAN_POINT('',(-37.68076221548,30.945484281513));
#3884 = CARTESIAN_POINT('',(-37.23939165775,31.168477818518));
#3885 = CARTESIAN_POINT('',(-36.79657602817,31.388561683528));
#3886 = CARTESIAN_POINT('',(-36.35232640482,31.605760482528));
#3887 = CARTESIAN_POINT('',(-35.90665301271,31.820098557531));
#3888 = CARTESIAN_POINT('',(-35.4595652356,32.031599944891));
#3889 = CARTESIAN_POINT('',(-35.01107162715,32.240288336234));
#3890 = CARTESIAN_POINT('',(-33.66139651334,32.857984440608));
#3891 = CARTESIAN_POINT('',(-32.75642080785,33.257375915894));
#3892 = CARTESIAN_POINT('',(-31.84674978717,33.643611194379));
#3893 = CARTESIAN_POINT('',(-30.9292841815,34.024724436811));
#3894 = CARTESIAN_POINT('',(-30.01582802365,34.371887368412));
#3895 = CARTESIAN_POINT('',(-29.08140047212,34.747902561032));
#3896 = CARTESIAN_POINT('',(-28.15853245804,35.070716794869));
#3897 = CARTESIAN_POINT('',(-27.22279364511,35.403491602528));
#3898 = CARTESIAN_POINT('',(-26.2855405285,35.7171252846));
#3899 = CARTESIAN_POINT('',(-25.34379257474,36.019747648855));
#3900 = CARTESIAN_POINT('',(-23.45212060599,36.601405882512));
#3901 = CARTESIAN_POINT('',(-22.50275604463,36.879257475429));
#3902 = CARTESIAN_POINT('',(-21.55045356545,37.143452563186));
#3903 = CARTESIAN_POINT('',(-20.59109174485,37.401552036754));
#3904 = CARTESIAN_POINT('',(-19.64013647557,37.626514987649));
#3905 = CARTESIAN_POINT('',(-18.66462324991,37.877346047595));
#3906 = CARTESIAN_POINT('',(-17.70751478693,38.076940113415));
#3907 = CARTESIAN_POINT('',(-16.73634552073,38.28472956211));
#3908 = CARTESIAN_POINT('',(-15.7661733242,38.47334398418));
#3909 = CARTESIAN_POINT('',(-14.79298200984,38.6504545977));
#3910 = CARTESIAN_POINT('',(-12.84157192261,38.980223925522));
#3911 = CARTESIAN_POINT('',(-11.86406239626,39.131781518352));
#3912 = CARTESIAN_POINT('',(-10.88542261799,39.269415963957));
#3913 = CARTESIAN_POINT('',(-9.900579529267,39.400085515555));
#3914 = CARTESIAN_POINT('',(-8.928396256762,39.498999306645));
#3915 = CARTESIAN_POINT('',(-7.928488658844,39.620354445625));
#3916 = CARTESIAN_POINT('',(-6.953516138041,39.693313233056));
#3917 = CARTESIAN_POINT('',(-5.963533394019,39.772561988066));
#3918 = CARTESIAN_POINT('',(-4.977042032808,39.832929904915));
#3919 = CARTESIAN_POINT('',(-3.989058931074,39.881498356049));
#3920 = CARTESIAN_POINT('',(-2.505739652506,39.935676839063));
#3921 = CARTESIAN_POINT('',(-2.011287514659,39.950374186319));
#3922 = CARTESIAN_POINT('',(-1.516824922276,39.96173850438));
#3923 = CARTESIAN_POINT('',(-1.022353039259,39.969798420514));
#3924 = CARTESIAN_POINT('',(-0.527872297643,39.974582039458));
#3925 = CARTESIAN_POINT('',(-3.338242563404E-02,39.976116914075));
#3926 = CARTESIAN_POINT('',(0.461117524385,39.974430012309));
#3927 = CARTESIAN_POINT('',(0.955629147804,39.969547688411));
#3928 = CARTESIAN_POINT('',(1.450154659786,39.961495650173));
#3929 = CARTESIAN_POINT('',(1.944696867218,39.95029892919));
#3930 = CARTESIAN_POINT('',(3.428383687676,39.907347689453));
#3931 = CARTESIAN_POINT('',(4.416678062166,39.865290497349));
#3932 = CARTESIAN_POINT('',(5.403364699827,39.809357186254));
#3933 = CARTESIAN_POINT('',(6.394776669641,39.745382603607));
#3934 = CARTESIAN_POINT('',(7.367576836548,39.652732246461));
#3935 = CARTESIAN_POINT('',(8.371946703464,39.576683284957));
#3936 = CARTESIAN_POINT('',(9.342418954023,39.458032486928));
#3937 = CARTESIAN_POINT('',(10.328840122331,39.342622446861));
#3938 = CARTESIAN_POINT('',(11.308153524996,39.209375493866));
#3939 = CARTESIAN_POINT('',(12.286628043233,39.064264774338));
#3940 = CARTESIAN_POINT('',(14.240477926241,38.749273071611));
#3941 = CARTESIAN_POINT('',(15.214827740216,38.578577383126));
#3942 = CARTESIAN_POINT('',(16.185772374788,38.394334139506));
#3943 = CARTESIAN_POINT('',(17.160352319111,38.201501639011));
#3944 = CARTESIAN_POINT('',(18.112736747378,37.982668016819));
#3945 = CARTESIAN_POINT('',(19.09858770952,37.776173090554));
#3946 = CARTESIAN_POINT('',(20.045270398541,37.531865318909));
#3947 = CARTESIAN_POINT('',(21.008188563955,37.288688828785));
#3948 = CARTESIAN_POINT('',(21.961731587296,37.028755772473));
#3949 = CARTESIAN_POINT('',(22.912894370717,36.757169942221));
#3950 = CARTESIAN_POINT('',(24.808914129587,36.189844451788));
#3951 = CARTESIAN_POINT('',(25.752647987569,35.893430917417));
#3952 = CARTESIAN_POINT('',(26.691237487214,35.584030194454));
#3953 = CARTESIAN_POINT('',(27.632310072881,35.265639193235));
#3954 = CARTESIAN_POINT('',(28.547983201054,34.924366610577));
#3955 = CARTESIAN_POINT('',(29.498447074948,34.590958904285));
#3956 = CARTESIAN_POINT('',(30.405142199305,34.225174333327));
#3957 = CARTESIAN_POINT('',(31.328081564946,33.858392209936));
#3958 = CARTESIAN_POINT('',(32.239538823505,33.476220577137));
#3959 = CARTESIAN_POINT('',(33.147115213163,33.082806544973));
#3960 = CARTESIAN_POINT('',(34.95286342414,32.272854363255));
#3961 = CARTESIAN_POINT('',(35.849833778195,31.855794700857));
#3962 = CARTESIAN_POINT('',(36.74000861626,31.426530430361));
#3963 = CARTESIAN_POINT('',(37.631471830595,30.988028687427));
#3964 = CARTESIAN_POINT('',(38.494766237316,30.530156411765));
#3965 = CARTESIAN_POINT('',(39.393580322854,30.075540624915));
#3966 = CARTESIAN_POINT('',(40.244774077336,29.594537929056));
#3967 = CARTESIAN_POINT('',(41.111942894935,29.11042591688));
#3968 = CARTESIAN_POINT('',(41.965719102235,28.612554769876));
#3969 = CARTESIAN_POINT('',(42.8141802145,28.104043959059));
#3970 = CARTESIAN_POINT('',(44.498760025043,27.065323592437));
#3971 = CARTESIAN_POINT('',(45.333619463727,26.534753808426));
#3972 = CARTESIAN_POINT('',(46.160148501931,25.992970821242));
#3973 = CARTESIAN_POINT('',(46.986749162164,25.441861222628));
#3974 = CARTESIAN_POINT('',(47.78289364081,24.875223576116));
#3975 = CARTESIAN_POINT('',(48.614678979754,24.307178310187));
#3976 = CARTESIAN_POINT('',(49.395807203257,23.719187579523));
#3977 = CARTESIAN_POINT('',(50.1923679739,23.126028968895));
#3978 = CARTESIAN_POINT('',(50.973854782333,22.520977021255));
#3979 = CARTESIAN_POINT('',(51.74868321233,21.906070192674));
#3980 = CARTESIAN_POINT('',(52.899624049208,20.96878337414));
#3981 = CARTESIAN_POINT('',(53.281063483711,20.653818476986));
#3982 = CARTESIAN_POINT('',(53.660313159622,20.33634078277));
#3983 = CARTESIAN_POINT('',(54.037391076737,20.016372581626));
#3984 = CARTESIAN_POINT('',(54.412315441723,19.693935289412));
#3985 = CARTESIAN_POINT('',(54.785104624751,19.369049441233));
#3986 = CARTESIAN_POINT('',(55.1557771206,19.041734688968));
#3987 = CARTESIAN_POINT('',(55.524351504364,18.712009793935));
#3988 = CARTESIAN_POINT('',(55.89084639244,18.379892624339));
#3989 = CARTESIAN_POINT('',(56.255280399326,18.045400148912));
#3990 = CARTESIAN_POINT('',(57.342455492606,17.034845001108));
#3991 = CARTESIAN_POINT('',(58.057764311274,16.351596970013));
#3992 = CARTESIAN_POINT('',(58.762715208298,15.658976374725));
#3993 = CARTESIAN_POINT('',(59.465916819597,14.957194403659));
#3994 = CARTESIAN_POINT('',(60.136218084422,14.24612445775));
#3995 = CARTESIAN_POINT('',(60.841200767364,13.526720752887));
#3996 = CARTESIAN_POINT('',(61.492608530134,12.797637542425));
#3997 = CARTESIAN_POINT('',(62.158144104596,12.060475011028));
#3998 = CARTESIAN_POINT('',(62.806575083828,11.314588453745));
#3999 = CARTESIAN_POINT('',(63.446553031649,10.560335359554));
#4000 = CARTESIAN_POINT('',(64.707846690619,9.035249314715));
#4001 = CARTESIAN_POINT('',(65.327854179328,8.264480028859));
#4002 = CARTESIAN_POINT('',(65.936368994911,7.485770342536));
#4003 = CARTESIAN_POINT('',(66.541953689491,6.69820598482));
#4004 = CARTESIAN_POINT('',(67.113707183928,5.905727469031));
#4005 = CARTESIAN_POINT('',(67.718757612417,5.100459657642));
#4006 = CARTESIAN_POINT('',(68.269428038516,4.292588080152));
#4007 = CARTESIAN_POINT('',(68.833050844856,3.474862252071));
#4008 = CARTESIAN_POINT('',(69.378576675439,2.650719631036));
#4009 = CARTESIAN_POINT('',(69.914629739242,1.819385391915));
#4010 = CARTESIAN_POINT('',(70.966069182978,0.142714810829));
#4011 = CARTESIAN_POINT('',(71.480166841756,-0.7023876536));
#4012 = CARTESIAN_POINT('',(71.981833720092,-1.553862492856));
#4013 = CARTESIAN_POINT('',(72.479439763456,-2.413733789109));
#4014 = CARTESIAN_POINT('',(72.942862656931,-3.274061356239));
#4015 = CARTESIAN_POINT('',(73.437628201469,-4.151414905237));
#4016 = CARTESIAN_POINT('',(73.878139198551,-5.024251951406));
#4017 = CARTESIAN_POINT('',(74.330205484564,-5.908549557895));
#4018 = CARTESIAN_POINT('',(74.763492073805,-6.796846935552));
#4019 = CARTESIAN_POINT('',(75.186448242662,-7.691037962077));
#4020 = CARTESIAN_POINT('',(76.010043065952,-9.49060478613));
#4021 = CARTESIAN_POINT('',(76.409434541859,-10.39558049199));
#4022 = CARTESIAN_POINT('',(76.795669844116,-11.30525152306));
#4023 = CARTESIAN_POINT('',(77.176782878009,-12.22271704532));
#4024 = CARTESIAN_POINT('',(77.523946313136,-13.13617340573));
#4025 = CARTESIAN_POINT('',(77.899960690717,-14.0706006354));
#4026 = CARTESIAN_POINT('',(78.222775448476,-14.99346885098));
#4027 = CARTESIAN_POINT('',(78.555550093618,-15.92920760137));
#4028 = CARTESIAN_POINT('',(78.869183867408,-16.86646075548));
#4029 = CARTESIAN_POINT('',(79.171806323659,-17.80820875089));
#4030 = CARTESIAN_POINT('',(79.608050184026,-19.22696281579));
#4031 = CARTESIAN_POINT('',(79.750220394099,-19.70076296855));
#4032 = CARTESIAN_POINT('',(79.889173822043,-20.1754358573));
#4033 = CARTESIAN_POINT('',(80.024937817981,-20.65097294804));
#4034 = CARTESIAN_POINT('',(80.157539417906,-21.12736654863));
#4035 = CARTESIAN_POINT('',(80.287005305259,-21.60460979007));
#4036 = CARTESIAN_POINT('',(80.413361775332,-22.082696607));
#4037 = CARTESIAN_POINT('',(80.536634696606,-22.56162171913));
#4038 = CARTESIAN_POINT('',(80.656849474793,-23.04138061173));
#4039 = CARTESIAN_POINT('',(80.77403101493,-23.52196951689));
#4040 = CARTESIAN_POINT('',(81.002376354297,-24.48480127172));
#4041 = CARTESIAN_POINT('',(81.113254002862,-24.96688526967));
#4042 = CARTESIAN_POINT('',(81.220864813329,-25.44962982289));
#4043 = CARTESIAN_POINT('',(81.325236635316,-25.93302820716));
#4044 = CARTESIAN_POINT('',(81.42639694937,-26.41707451786));
#4045 = CARTESIAN_POINT('',(81.524372830863,-26.90176364852));
#4046 = CARTESIAN_POINT('',(81.619190914593,-27.38709126937));
#4047 = CARTESIAN_POINT('',(81.710877358428,-27.87305380589));
#4048 = CARTESIAN_POINT('',(81.799457808045,-28.35964841735));
#4049 = CARTESIAN_POINT('',(81.88495736062,-28.84687297538));
#4050 = CARTESIAN_POINT('',(82.13228686681,-30.31043217668));
#4051 = CARTESIAN_POINT('',(82.283844533225,-31.28794180333));
#4052 = CARTESIAN_POINT('',(82.421483239668,-32.26658501763));
#4053 = CARTESIAN_POINT('',(82.552114193409,-33.25139918882));
#4054 = CARTESIAN_POINT('',(82.65112109356,-34.22365250204));
#4055 = CARTESIAN_POINT('',(82.77232476766,-35.22344771487));
#4056 = CARTESIAN_POINT('',(82.845381795877,-36.19849165305));
#4057 = CARTESIAN_POINT('',(82.92460020391,-37.18845228568));
#4058 = CARTESIAN_POINT('',(82.984985088138,-38.17495653369));
#4059 = CARTESIAN_POINT('',(83.03357004618,-39.16295320651));
#4060 = CARTESIAN_POINT('',(83.105851472297,-41.14074956974));
#4061 = CARTESIAN_POINT('',(83.128522503846,-42.12968005354));
#4062 = CARTESIAN_POINT('',(83.138371651485,-43.11900987232));
#4063 = CARTESIAN_POINT('',(83.13357592748,-44.10687026102));
#4064 = CARTESIAN_POINT('',(83.117719569585,-45.09620687161));
#4065 = CARTESIAN_POINT('',(83.090478680791,-46.08691718652));
#4066 = CARTESIAN_POINT('',(83.04860019459,-47.07566398773));
#4067 = CARTESIAN_POINT('',(82.992255773799,-48.06201915557));
#4068 = CARTESIAN_POINT('',(82.9246372571,-49.04920565069));
#4069 = CARTESIAN_POINT('',(82.844038953076,-50.0352969251));
#4070 = CARTESIAN_POINT('',(82.658047042191,-52.00616679434));
#4071 = CARTESIAN_POINT('',(82.55144564122,-52.98961401326));
#4072 = CARTESIAN_POINT('',(82.431567071856,-53.97119302018));
#4073 = CARTESIAN_POINT('',(82.298452767286,-54.95067001304));
#4074 = CARTESIAN_POINT('',(82.152283482356,-55.92800924031));
#4075 = CARTESIAN_POINT('',(81.993454542518,-56.90347756982));
#4076 = CARTESIAN_POINT('',(81.822441706562,-57.87748046359));
#4077 = CARTESIAN_POINT('',(81.639599190348,-58.85030755531));
#4078 = CARTESIAN_POINT('',(81.445031380308,-59.8219660239));
#4079 = CARTESIAN_POINT('',(81.238679782369,-60.79227995921));
#4080 = CARTESIAN_POINT('',(81.020766739003,-61.76143391419));
#4081 = ( GEOMETRIC_REPRESENTATION_CONTEXT(2) 
PARAMETRIC_REPRESENTATION_CONTEXT() REPRESENTATION_CONTEXT('2D SPACE',''
  ) );
#4082 = ORIENTED_EDGE('',*,*,#4083,.F.);
#4083 = EDGE_CURVE('',#2075,#3423,#4084,.T.);
#4084 = SURFACE_CURVE('',#4085,(#4088,#4095),.PCURVE_S1.);
#4085 = B_SPLINE_CURVE_WITH_KNOTS('',1,(#4086,#4087),.UNSPECIFIED.,.F.,
  .F.,(2,2),(0.,18.),.PIECEWISE_BEZIER_KNOTS.);
#4086 = CARTESIAN_POINT('',(97.814597569988,-26.91718069066,
    23.110814566209));
#4087 = CARTESIAN_POINT('',(81.020684861322,-22.25843787881,
    18.609635682095));
#4088 = PCURVE('',#2728,#4089);
#4089 = DEFINITIONAL_REPRESENTATION('',(#4090),#4094);
#4090 = LINE('',#4091,#4092);
#4091 = CARTESIAN_POINT('',(0.,348.13104122369));
#4092 = VECTOR('',#4093,1.);
#4093 = DIRECTION('',(1.,0.));
#4094 = ( GEOMETRIC_REPRESENTATION_CONTEXT(2) 
PARAMETRIC_REPRESENTATION_CONTEXT() REPRESENTATION_CONTEXT('2D SPACE',''
  ) );
#4095 = PCURVE('',#2039,#4096);
#4096 = DEFINITIONAL_REPRESENTATION('',(#4097),#4100);
#4097 = B_SPLINE_CURVE_WITH_KNOTS('',1,(#4098,#4099),.UNSPECIFIED.,.F.,
  .F.,(2,2),(0.,18.),.PIECEWISE_BEZIER_KNOTS.);
#4098 = CARTESIAN_POINT('',(9.464635731907,0.648591136464));
#4099 = CARTESIAN_POINT('',(-7.960863267404,5.159908529973));
#4100 = ( GEOMETRIC_REPRESENTATION_CONTEXT(2) 
PARAMETRIC_REPRESENTATION_CONTEXT() REPRESENTATION_CONTEXT('2D SPACE',''
  ) );
#4101 = ADVANCED_FACE('',(#4102),#1003,.F.);
#4102 = FACE_BOUND('',#4103,.F.);
#4103 = EDGE_LOOP('',(#4104,#4105,#4123,#4124));
#4104 = ORIENTED_EDGE('',*,*,#3422,.F.);
#4105 = ORIENTED_EDGE('',*,*,#4106,.T.);
#4106 = EDGE_CURVE('',#3402,#22,#4107,.T.);
#4107 = SURFACE_CURVE('',#4108,(#4111,#4117),.PCURVE_S1.);
#4108 = B_SPLINE_CURVE_WITH_KNOTS('',1,(#4109,#4110),.UNSPECIFIED.,.F.,
  .F.,(2,2),(0.,6.),.PIECEWISE_BEZIER_KNOTS.);
#4109 = CARTESIAN_POINT('',(-79.45456354942,-22.25843787881,
    24.401590231049));
#4110 = CARTESIAN_POINT('',(-81.00788052627,-22.25843787881,
    18.60614319312));
#4111 = PCURVE('',#1003,#4112);
#4112 = DEFINITIONAL_REPRESENTATION('',(#4113),#4116);
#4113 = B_SPLINE_CURVE_WITH_KNOTS('',1,(#4114,#4115),.UNSPECIFIED.,.F.,
  .F.,(2,2),(0.,6.),.PIECEWISE_BEZIER_KNOTS.);
#4114 = CARTESIAN_POINT('',(-79.45446510637,-67.55384741487));
#4115 = CARTESIAN_POINT('',(-81.00779865792,-61.75840481938));
#4116 = ( GEOMETRIC_REPRESENTATION_CONTEXT(2) 
PARAMETRIC_REPRESENTATION_CONTEXT() REPRESENTATION_CONTEXT('2D SPACE',''
  ) );
#4117 = PCURVE('',#1349,#4118);
#4118 = DEFINITIONAL_REPRESENTATION('',(#4119),#4122);
#4119 = B_SPLINE_CURVE_WITH_KNOTS('',1,(#4120,#4121),.UNSPECIFIED.,.F.,
  .F.,(2,2),(0.,6.),.PIECEWISE_BEZIER_KNOTS.);
#4120 = CARTESIAN_POINT('',(9.464635284814,-0.648597660694));
#4121 = CARTESIAN_POINT('',(7.960866824267,5.159903042333));
#4122 = ( GEOMETRIC_REPRESENTATION_CONTEXT(2) 
PARAMETRIC_REPRESENTATION_CONTEXT() REPRESENTATION_CONTEXT('2D SPACE',''
  ) );
#4123 = ORIENTED_EDGE('',*,*,#21,.T.);
#4124 = ORIENTED_EDGE('',*,*,#4125,.F.);
#4125 = EDGE_CURVE('',#3423,#24,#4126,.T.);
#4126 = SURFACE_CURVE('',#4127,(#4130,#4136),.PCURVE_S1.);
#4127 = B_SPLINE_CURVE_WITH_KNOTS('',1,(#4128,#4129),.UNSPECIFIED.,.F.,
  .F.,(2,2),(0.,6.),.PIECEWISE_BEZIER_KNOTS.);
#4128 = CARTESIAN_POINT('',(81.020684861322,-22.25843787881,
    18.609635682095));
#4129 = CARTESIAN_POINT('',(79.46736376716,-22.25843787881,
    24.405081616484));
#4130 = PCURVE('',#1003,#4131);
#4131 = DEFINITIONAL_REPRESENTATION('',(#4132),#4135);
#4132 = B_SPLINE_CURVE_WITH_KNOTS('',1,(#4133,#4134),.UNSPECIFIED.,.F.,
  .F.,(2,2),(0.,6.),.PIECEWISE_BEZIER_KNOTS.);
#4133 = CARTESIAN_POINT('',(81.020766739003,-61.76143391419));
#4134 = CARTESIAN_POINT('',(79.467462219552,-67.55688429098));
#4135 = ( GEOMETRIC_REPRESENTATION_CONTEXT(2) 
PARAMETRIC_REPRESENTATION_CONTEXT() REPRESENTATION_CONTEXT('2D SPACE',''
  ) );
#4136 = PCURVE('',#2039,#4137);
#4137 = DEFINITIONAL_REPRESENTATION('',(#4138),#4141);
#4138 = B_SPLINE_CURVE_WITH_KNOTS('',1,(#4139,#4140),.UNSPECIFIED.,.F.,
  .F.,(2,2),(0.,6.),.PIECEWISE_BEZIER_KNOTS.);
#4139 = CARTESIAN_POINT('',(-7.960863267404,5.159908529973));
#4140 = CARTESIAN_POINT('',(-9.464635731908,-0.648591136464));
#4141 = ( GEOMETRIC_REPRESENTATION_CONTEXT(2) 
PARAMETRIC_REPRESENTATION_CONTEXT() REPRESENTATION_CONTEXT('2D SPACE',''
  ) );
#4142 = ADVANCED_FACE('',(#4143),#1349,.T.);
#4143 = FACE_BOUND('',#4144,.T.);
#4144 = EDGE_LOOP('',(#4145,#4146,#4147,#4148));
#4145 = ORIENTED_EDGE('',*,*,#1334,.T.);
#4146 = ORIENTED_EDGE('',*,*,#2054,.T.);
#4147 = ORIENTED_EDGE('',*,*,#3401,.T.);
#4148 = ORIENTED_EDGE('',*,*,#4106,.T.);
#4149 = ADVANCED_FACE('',(#4150),#2039,.F.);
#4150 = FACE_BOUND('',#4151,.F.);
#4151 = EDGE_LOOP('',(#4152,#4153,#4154,#4155));
#4152 = ORIENTED_EDGE('',*,*,#2026,.T.);
#4153 = ORIENTED_EDGE('',*,*,#3379,.T.);
#4154 = ORIENTED_EDGE('',*,*,#4083,.T.);
#4155 = ORIENTED_EDGE('',*,*,#4125,.T.);
#4156 = ( GEOMETRIC_REPRESENTATION_CONTEXT(3) 
GLOBAL_UNCERTAINTY_ASSIGNED_CONTEXT((#4160)) 
GLOBAL_UNIT_ASSIGNED_CONTEXT((#4157,#4158,#4159)) REPRESENTATION_CONTEXT
('Context #1','3D Context with UNIT and UNCERTAINTY') );
#4157 = ( LENGTH_UNIT() NAMED_UNIT(*) SI_UNIT(.MILLI.,.METRE.) );
#4158 = ( NAMED_UNIT(*) PLANE_ANGLE_UNIT() SI_UNIT($,.RADIAN.) );
#4159 = ( NAMED_UNIT(*) SI_UNIT($,.STERADIAN.) SOLID_ANGLE_UNIT() );
#4160 = UNCERTAINTY_MEASURE_WITH_UNIT(LENGTH_MEASURE(5.E-05),#4157,
  'distance_accuracy_value','confusion accuracy');
#4161 = PRODUCT_RELATED_PRODUCT_CATEGORY('part',$,(#7));
ENDSEC;
END-ISO-10303-21;
