# Nexus Neuro — headband showcase
mtllib nexus_band.mtl
o NexusNeuroBand
v -35.7411 8.0000 -98.1979
v -35.5452 11.2492 -97.6595
v -30.2890 11.2492 -99.4154
v -30.4559 8.0000 -99.9634
v -34.9809 14.1065 -96.1093
v -29.8082 14.1065 -97.8373
v -34.1165 16.2272 -93.7343
v -29.0716 16.2272 -95.4196
v -33.0561 17.3557 -90.8210
v -28.1680 17.3557 -92.4539
v -31.9277 17.3557 -87.7206
v -27.2064 17.3557 -89.2978
v -30.8673 16.2272 -84.8073
v -26.3028 16.2272 -86.3320
v -30.0029 14.1065 -82.4323
v -25.5662 14.1065 -83.9143
v -29.4387 11.2492 -80.8821
v -25.0855 11.2492 -82.3363
v -29.2427 8.0000 -80.3437
v -24.9185 8.0000 -81.7883
v -29.4387 4.7508 -80.8821
v -25.0855 4.7508 -82.3363
v -30.0029 1.8935 -82.4323
v -25.5662 1.8935 -83.9143
v -30.8673 -0.2272 -84.8073
v -26.3028 -0.2272 -86.3320
v -31.9277 -1.3557 -87.7206
v -27.2064 -1.3557 -89.2978
v -33.0561 -1.3557 -90.8210
v -28.1680 -1.3557 -92.4539
v -34.1165 -0.2272 -93.7343
v -29.0716 -0.2272 -95.4196
v -34.9809 1.8935 -96.1093
v -29.8082 1.8935 -97.8373
v -35.5452 4.7508 -97.6595
v -30.2890 4.7508 -99.4154
v -24.9466 11.2492 -100.8886
v -25.0842 8.0000 -101.4447
v -24.5507 14.1065 -99.2871
v -23.9440 16.2272 -96.8336
v -23.1998 17.3557 -93.8239
v -22.4078 17.3557 -90.6211
v -21.6636 16.2272 -87.6114
v -21.0569 14.1065 -85.1578
v -20.6609 11.2492 -83.5564
v -20.5234 8.0000 -83.0002
v -20.6609 4.7508 -83.5564
v -21.0569 1.8935 -85.1578
v -21.6636 -0.2272 -87.6114
v -22.4078 -1.3557 -90.6211
v -23.1998 -1.3557 -93.8239
v -23.9440 -0.2272 -96.8336
v -24.5507 1.8935 -99.2871
v -24.9466 4.7508 -100.8886
v -19.5334 11.2492 -102.0749
v -19.6411 8.0000 -102.6376
v -19.2233 14.1065 -100.4546
v -18.7483 16.2272 -97.9723
v -18.1656 17.3557 -94.9272
v -17.5455 17.3557 -91.6867
v -16.9627 16.2272 -88.6416
v -16.4877 14.1065 -86.1592
v -16.1776 11.2492 -84.5389
v -16.0700 8.0000 -83.9762
v -16.1776 4.7508 -84.5389
v -16.4877 1.8935 -86.1592
v -16.9627 -0.2272 -88.6416
v -17.5455 -1.3557 -91.6867
v -18.1656 -1.3557 -94.9272
v -18.7483 -0.2272 -97.9723
v -19.2233 1.8935 -100.4546
v -19.5334 4.7508 -102.0749
v -14.0646 11.2492 -102.9710
v -14.1421 8.0000 -103.5386
v -13.8413 14.1065 -101.3365
v -13.4993 16.2272 -98.8323
v -13.0797 17.3557 -95.7605
v -12.6332 17.3557 -92.4916
v -12.2136 16.2272 -89.4197
v -11.8716 14.1065 -86.9156
v -11.6484 11.2492 -85.2811
v -11.5708 8.0000 -84.7134
v -11.6484 4.7508 -85.2811
v -11.8716 1.8935 -86.9156
v -12.2136 -0.2272 -89.4197
v -12.6332 -1.3557 -92.4916
v -13.0797 -1.3557 -95.7605
v -13.4993 -0.2272 -98.8323
v -13.8413 1.8935 -101.3365
v -14.0646 4.7508 -102.9710
v -8.5558 11.2492 -103.5743
v -8.6030 8.0000 -104.1453
v -8.4200 14.1065 -101.9302
v -8.2119 16.2272 -99.4114
v -7.9567 17.3557 -96.3216
v -7.6851 17.3557 -93.0335
v -7.4298 16.2272 -89.9436
v -7.2218 14.1065 -87.4248
v -7.0860 11.2492 -85.7807
v -7.0388 8.0000 -85.2098
v -7.0860 4.7508 -85.7807
v -7.2218 1.8935 -87.4248
v -7.4298 -0.2272 -89.9436
v -7.6851 -1.3557 -93.0335
v -7.9567 -1.3557 -96.3216
v -8.2119 -0.2272 -99.4114
v -8.4200 1.8935 -101.9302
v -8.5558 4.7508 -103.5743
v -3.0227 11.2492 -103.8831
v -3.0394 8.0000 -104.4558
v -2.9747 14.1065 -102.2342
v -2.9012 16.2272 -99.7078
v -2.8110 17.3557 -96.6088
v -2.7151 17.3557 -93.3109
v -2.6249 16.2272 -90.2118
v -2.5514 14.1065 -87.6855
v -2.5034 11.2492 -86.0365
v -2.4867 8.0000 -85.4638
v -2.5034 4.7508 -86.0365
v -2.5514 1.8935 -87.6855
v -2.6249 -0.2272 -90.2118
v -2.7151 -1.3557 -93.3109
v -2.8110 -1.3557 -96.6088
v -2.9012 -0.2272 -99.7078
v -2.9747 1.8935 -102.2342
v -3.0227 4.7508 -103.8831
v 2.5190 11.2492 -103.8965
v 2.5329 8.0000 -104.4693
v 2.4790 14.1065 -102.2474
v 2.4178 16.2272 -99.7207
v 2.3426 17.3557 -96.6213
v 2.2627 17.3557 -93.3229
v 2.1875 16.2272 -90.2235
v 2.1262 14.1065 -87.6968
v 2.0863 11.2492 -86.0476
v 2.0724 8.0000 -85.4749
v 2.0863 4.7508 -86.0476
v 2.1262 1.8935 -87.6968
v 2.1875 -0.2272 -90.2235
v 2.2627 -1.3557 -93.3229
v 2.3426 -1.3557 -96.6213
v 2.4178 -0.2272 -99.7207
v 2.4790 1.8935 -102.2474
v 2.5190 4.7508 -103.8965
v 8.0536 11.2492 -103.6146
v 8.0980 8.0000 -104.1858
v 7.9257 14.1065 -101.9699
v 7.7299 16.2272 -99.4500
v 7.4896 17.3557 -96.3590
v 7.2339 17.3557 -93.0696
v 6.9937 16.2272 -89.9786
v 6.7978 14.1065 -87.4588
v 6.6700 11.2492 -85.8141
v 6.6256 8.0000 -85.2429
v 6.6700 4.7508 -85.8141
v 6.7978 1.8935 -87.4588
v 6.9937 -0.2272 -89.9786
v 7.2339 -1.3557 -93.0696
v 7.4896 -1.3557 -96.3590
v 7.7299 -0.2272 -99.4500
v 7.9257 1.8935 -101.9699
v 8.0536 4.7508 -103.6146
v 13.5652 11.2492 -103.0380
v 13.6400 8.0000 -103.6060
v 13.3499 14.1065 -101.4024
v 13.0200 16.2272 -98.8966
v 12.6153 17.3557 -95.8228
v 12.1847 17.3557 -92.5517
v 11.7800 16.2272 -89.4779
v 11.4501 14.1065 -86.9721
v 11.2348 11.2492 -85.3366
v 11.1600 8.0000 -84.7685
v 11.2348 4.7508 -85.3366
v 11.4501 1.8935 -86.9721
v 11.7800 -0.2272 -89.4779
v 12.1847 -1.3557 -92.5517
v 12.6153 -1.3557 -95.8228
v 13.0200 -0.2272 -98.8966
v 13.3499 1.8935 -101.4024
v 13.5652 4.7508 -103.0380
v 19.0383 11.2492 -102.1684
v 19.1432 8.0000 -102.7316
v 18.7361 14.1065 -100.5467
v 18.2731 16.2272 -98.0620
v 17.7051 17.3557 -95.0141
v 17.1007 17.3557 -91.7706
v 16.5328 16.2272 -88.7228
v 16.0698 14.1065 -86.2381
v 15.7676 11.2492 -84.6164
v 15.6626 8.0000 -84.0531
v 15.7676 4.7508 -84.6164
v 16.0698 1.8935 -86.2381
v 16.5328 -0.2272 -88.7228
v 17.1007 -1.3557 -91.7706
v 17.7051 -1.3557 -95.0141
v 18.2731 -0.2272 -98.0620
v 18.7361 1.8935 -100.5467
v 19.0383 4.7508 -102.1684
v 24.4572 11.2492 -101.0083
v 24.5920 8.0000 -101.5652
v 24.0690 14.1065 -99.4050
v 23.4742 16.2272 -96.9486
v 22.7446 17.3557 -93.9353
v 21.9682 17.3557 -90.7286
v 21.2386 16.2272 -87.7154
v 20.6438 14.1065 -85.2589
v 20.2556 11.2492 -83.6556
v 20.1208 8.0000 -83.0988
v 20.2556 4.7508 -83.6556
v 20.6438 1.8935 -85.2589
v 21.2386 -0.2272 -87.7154
v 21.9682 -1.3557 -90.7286
v 22.7446 -1.3557 -93.9353
v 23.4742 -0.2272 -96.9486
v 24.0690 1.8935 -99.4050
v 24.4572 4.7508 -101.0083
v 29.8066 11.2492 -99.5611
v 29.9709 8.0000 -100.1099
v 29.3335 14.1065 -97.9807
v 28.6086 16.2272 -95.5595
v 27.7194 17.3557 -92.5894
v 26.7732 17.3557 -89.4286
v 25.8840 16.2272 -86.4586
v 25.1591 14.1065 -84.0373
v 24.6860 11.2492 -82.4570
v 24.5217 8.0000 -81.9081
v 24.6860 4.7508 -82.4570
v 25.1591 1.8935 -84.0373
v 25.8840 -0.2272 -86.4586
v 26.7732 -1.3557 -89.4286
v 27.7194 -1.3557 -92.5894
v 28.6086 -0.2272 -95.5595
v 29.3335 1.8935 -97.9807
v 29.8066 4.7508 -99.5611
v 35.0713 11.2492 -97.8307
v 35.2646 8.0000 -98.3700
v 34.5146 14.1065 -96.2778
v 33.6617 16.2272 -93.8986
v 32.6154 17.3557 -90.9802
v 31.5020 17.3557 -87.8744
v 30.4558 16.2272 -84.9559
v 29.6029 14.1065 -82.5767
v 29.0462 11.2492 -81.0239
v 28.8529 8.0000 -80.4845
v 29.0462 4.7508 -81.0239
v 29.6029 1.8935 -82.5767
v 30.4558 -0.2272 -84.9559
v 31.5020 -1.3557 -87.8744
v 32.6154 -1.3557 -90.9802
v 33.6617 -0.2272 -93.8986
v 34.5146 1.8935 -96.2778
v 35.0713 4.7508 -97.8307
v 40.2362 11.2492 -95.8222
v 40.4580 8.0000 -96.3504
v 39.5975 14.1065 -94.3012
v 38.6190 16.2272 -91.9708
v 37.4187 17.3557 -89.1123
v 36.1413 17.3557 -86.0703
v 34.9410 16.2272 -83.2117
v 33.9625 14.1065 -80.8814
v 33.3238 11.2492 -79.3604
v 33.1020 8.0000 -78.8321
v 33.3238 4.7508 -79.3604
v 33.9625 1.8935 -80.8814
v 34.9410 -0.2272 -83.2117
v 36.1413 -1.3557 -86.0703
v 37.4187 -1.3557 -89.1123
v 38.6190 -0.2272 -91.9708
v 39.5975 1.8935 -94.3012
v 40.2362 4.7508 -95.8222
v 45.2867 11.2492 -93.5412
v 45.5364 8.0000 -94.0568
v 44.5679 14.1065 -92.0564
v 43.4665 16.2272 -89.7815
v 42.1156 17.3557 -86.9910
v 40.6779 17.3557 -84.0214
v 39.3269 16.2272 -81.2309
v 38.2255 14.1065 -78.9561
v 37.5067 11.2492 -77.4713
v 37.2570 8.0000 -76.9556
v 37.5067 4.7508 -77.4713
v 38.2255 1.8935 -78.9561
v 39.3269 -0.2272 -81.2309
v 40.6779 -1.3557 -84.0214
v 42.1156 -1.3557 -86.9910
v 43.4665 -0.2272 -89.7815
v 44.5679 1.8935 -92.0564
v 45.2867 4.7508 -93.5412
v 50.2085 11.2492 -90.9942
v 50.4853 8.0000 -91.4958
v 49.4115 14.1065 -89.5498
v 48.1905 16.2272 -87.3369
v 46.6927 17.3557 -84.6224
v 45.0987 17.3557 -81.7337
v 43.6009 16.2272 -79.0191
v 42.3799 14.1065 -76.8062
v 41.5829 11.2492 -75.3619
v 41.3061 8.0000 -74.8602
v 41.5829 4.7508 -75.3619
v 42.3799 1.8935 -76.8062
v 43.6009 -0.2272 -79.0191
v 45.0987 -1.3557 -81.7337
v 46.6927 -1.3557 -84.6224
v 48.1905 -0.2272 -87.3369
v 49.4115 1.8935 -89.5498
v 50.2085 4.7508 -90.9942
v 54.9875 11.2492 -88.1885
v 55.2906 8.0000 -88.6747
v 54.1146 14.1065 -86.7887
v 52.7774 16.2272 -84.6440
v 51.1370 17.3557 -82.0132
v 49.3914 17.3557 -79.2135
v 47.7510 16.2272 -76.5827
v 46.4137 14.1065 -74.4380
v 45.5409 11.2492 -73.0382
v 45.2378 8.0000 -72.5520
v 45.5409 4.7508 -73.0382
v 46.4137 1.8935 -74.4380
v 47.7510 -0.2272 -76.5827
v 49.3914 -1.3557 -79.2135
v 51.1370 -1.3557 -82.0132
v 52.7774 -0.2272 -84.6440
v 54.1146 1.8935 -86.7887
v 54.9875 4.7508 -88.1885
v 59.6101 11.2492 -85.1321
v 59.9387 8.0000 -85.6014
v 58.6639 14.1065 -83.7808
v 57.2142 16.2272 -81.7104
v 55.4360 17.3557 -79.1708
v 53.5436 17.3557 -76.4681
v 51.7653 16.2272 -73.9285
v 50.3156 14.1065 -71.8581
v 49.3694 11.2492 -70.5068
v 49.0408 8.0000 -70.0375
v 49.3694 4.7508 -70.5068
v 50.3156 1.8935 -71.8581
v 51.7653 -0.2272 -73.9285
v 53.5436 -1.3557 -76.4681
v 55.4360 -1.3557 -79.1708
v 57.2142 -0.2272 -81.7104
v 58.6639 1.8935 -83.7808
v 59.6101 4.7508 -85.1321
v 64.0633 11.2492 -81.8336
v 64.4164 8.0000 -82.2847
v 63.0464 14.1065 -80.5346
v 61.4884 16.2272 -78.5445
v 59.5773 17.3557 -76.1032
v 57.5435 17.3557 -73.5053
v 55.6324 16.2272 -71.0641
v 54.0744 14.1065 -69.0739
v 53.0575 11.2492 -67.7750
v 52.7044 8.0000 -67.3238
v 53.0575 4.7508 -67.7750
v 54.0744 1.8935 -69.0739
v 55.6324 -0.2272 -71.0641
v 57.5435 -1.3557 -73.5053
v 59.5773 -1.3557 -76.1032
v 61.4884 -0.2272 -78.5445
v 63.0464 1.8935 -80.5346
v 64.0633 4.7508 -81.8336
v 68.3343 11.2492 -78.3024
v 68.7110 8.0000 -78.7341
v 67.2496 14.1065 -77.0595
v 65.5878 16.2272 -75.1552
v 63.5492 17.3557 -72.8193
v 61.3798 17.3557 -70.3335
v 59.3413 16.2272 -67.9976
v 57.6795 14.1065 -66.0933
v 56.5948 11.2492 -64.8504
v 56.2181 8.0000 -64.4188
v 56.5948 4.7508 -64.8504
v 57.6795 1.8935 -66.0933
v 59.3413 -0.2272 -67.9976
v 61.3798 -1.3557 -70.3335
v 63.5492 -1.3557 -72.8193
v 65.5878 -0.2272 -75.1552
v 67.2496 1.8935 -77.0595
v 68.3343 4.7508 -78.3024
v 72.4110 11.2492 -74.5486
v 72.8102 8.0000 -74.9595
v 71.2616 14.1065 -73.3652
v 69.5006 16.2272 -71.5523
v 67.3404 17.3557 -69.3284
v 65.0417 17.3557 -66.9617
v 62.8815 16.2272 -64.7378
v 61.1205 14.1065 -62.9248
v 59.9711 11.2492 -61.7415
v 59.5719 8.0000 -61.3305
v 59.9711 4.7508 -61.7415
v 61.1205 1.8935 -62.9248
v 62.8815 -0.2272 -64.7378
v 65.0417 -1.3557 -66.9617
v 67.3404 -1.3557 -69.3284
v 69.5006 -0.2272 -71.5523
v 71.2616 1.8935 -73.3652
v 72.4110 4.7508 -74.5486
v 76.2818 11.2492 -70.5828
v 76.7023 8.0000 -70.9719
v 75.0709 14.1065 -69.4624
v 73.2158 16.2272 -67.7459
v 70.9402 17.3557 -65.6403
v 68.5185 17.3557 -63.3995
v 66.2429 16.2272 -61.2939
v 64.3878 14.1065 -59.5774
v 63.1769 11.2492 -58.4570
v 62.7564 8.0000 -58.0679
v 63.1769 4.7508 -58.4570
v 64.3878 1.8935 -59.5774
v 66.2429 -0.2272 -61.2939
v 68.5185 -1.3557 -63.3995
v 70.9402 -1.3557 -65.6403
v 73.2158 -0.2272 -67.7459
v 75.0709 1.8935 -69.4624
v 76.2818 4.7508 -70.5828
v 79.9357 11.2492 -66.4163
v 80.3764 8.0000 -66.7824
v 78.6669 14.1065 -65.3620
v 76.7229 16.2272 -63.7469
v 74.3383 17.3557 -61.7655
v 71.8006 17.3557 -59.6570
v 69.4159 16.2272 -57.6757
v 67.4720 14.1065 -56.0605
v 66.2031 11.2492 -55.0063
v 65.7625 8.0000 -54.6402
v 66.2031 4.7508 -55.0063
v 67.4720 1.8935 -56.0605
v 69.4159 -0.2272 -57.6757
v 71.8006 -1.3557 -59.6570
v 74.3383 -1.3557 -61.7655
v 76.7229 -0.2272 -63.7469
v 78.6669 1.8935 -65.3620
v 79.9357 4.7508 -66.4163
v 83.3623 11.2492 -62.0609
v 83.8219 8.0000 -62.4031
v 82.0391 14.1065 -61.0758
v 80.0118 16.2272 -59.5666
v 77.5249 17.3557 -57.7152
v 74.8785 17.3557 -55.7450
v 72.3916 16.2272 -53.8936
v 70.3643 14.1065 -52.3843
v 69.0411 11.2492 -51.3992
v 68.5815 8.0000 -51.0571
v 69.0411 4.7508 -51.3992
v 70.3643 1.8935 -52.3843
v 72.3916 -0.2272 -53.8936
v 74.8785 -1.3557 -55.7450
v 77.5249 -1.3557 -57.7152
v 80.0118 -0.2272 -59.5666
v 82.0391 1.8935 -61.0758
v 83.3623 4.7508 -62.0609
v 86.5519 11.2492 -57.5292
v 87.0291 8.0000 -57.8463
v 85.1781 14.1065 -56.6160
v 83.0732 16.2272 -55.2169
v 80.4912 17.3557 -53.5007
v 77.7435 17.3557 -51.6744
v 75.1615 16.2272 -49.9582
v 73.0566 14.1065 -48.5591
v 71.6827 11.2492 -47.6459
v 71.2056 8.0000 -47.3288
v 71.6827 4.7508 -47.6459
v 73.0566 1.8935 -48.5591
v 75.1615 -0.2272 -49.9582
v 77.7435 -1.3557 -51.6744
v 80.4912 -1.3557 -53.5007
v 83.0732 -0.2272 -55.2169
v 85.1781 1.8935 -56.6160
v 86.5519 4.7508 -57.5292
v 89.4954 11.2492 -52.8338
v 89.9888 8.0000 -53.1250
v 88.0748 14.1065 -51.9951
v 85.8984 16.2272 -50.7103
v 83.2286 17.3557 -49.1341
v 80.3874 17.3557 -47.4568
v 77.7176 16.2272 -45.8807
v 75.5411 14.1065 -44.5958
v 74.1205 11.2492 -43.7572
v 73.6272 8.0000 -43.4659
v 74.1205 4.7508 -43.7572
v 75.5411 1.8935 -44.5958
v 77.7176 -0.2272 -45.8807
v 80.3874 -1.3557 -47.4568
v 83.2286 -1.3557 -49.1341
v 85.8984 -0.2272 -50.7103
v 88.0748 1.8935 -51.9951
v 89.4954 4.7508 -52.8338
v 92.1844 11.2492 -47.9882
v 92.6926 8.0000 -48.2527
v 90.7212 14.1065 -47.2265
v 88.4793 16.2272 -46.0594
v 85.7293 17.3557 -44.6278
v 82.8028 17.3557 -43.1044
v 80.0527 16.2272 -41.6728
v 77.8109 14.1065 -40.5058
v 76.3476 11.2492 -39.7441
v 75.8394 8.0000 -39.4795
v 76.3476 4.7508 -39.7441
v 77.8109 1.8935 -40.5058
v 80.0527 -0.2272 -41.6728
v 82.8028 -1.3557 -43.1044
v 85.7293 -1.3557 -44.6278
v 88.4793 -0.2272 -46.0594
v 90.7212 1.8935 -47.2265
v 92.1844 4.7508 -47.9882
v 94.6114 11.2492 -43.0061
v 95.1329 8.0000 -43.2432
v 93.1096 14.1065 -42.3235
v 90.8087 16.2272 -41.2776
v 87.9863 17.3557 -39.9947
v 84.9827 17.3557 -38.6294
v 82.1603 16.2272 -37.3464
v 79.8594 14.1065 -36.3005
v 78.3576 11.2492 -35.6179
v 77.8360 8.0000 -35.3808
v 78.3576 4.7508 -35.6179
v 79.8594 1.8935 -36.3005
v 82.1603 -0.2272 -37.3464
v 84.9827 -1.3557 -38.6294
v 87.9863 -1.3557 -39.9947
v 90.8087 -0.2272 -41.2776
v 93.1096 1.8935 -42.3235
v 94.6114 4.7508 -43.0061
v 96.7693 11.2492 -37.9018
v 97.3027 8.0000 -38.1108
v 95.2332 14.1065 -37.3002
v 92.8799 16.2272 -36.3784
v 89.9931 17.3557 -35.2478
v 86.9210 17.3557 -34.0445
v 84.0342 16.2272 -32.9138
v 81.6808 14.1065 -31.9921
v 80.1448 11.2492 -31.3905
v 79.6113 8.0000 -31.1815
v 80.1448 4.7508 -31.3905
v 81.6808 1.8935 -31.9921
v 84.0342 -0.2272 -32.9138
v 86.9210 -1.3557 -34.0445
v 89.9931 -1.3557 -35.2478
v 92.8799 -0.2272 -36.3784
v 95.2332 1.8935 -37.3002
v 96.7693 4.7508 -37.9018
v 98.6520 11.2492 -32.6897
v 99.1959 8.0000 -32.8699
v 97.0861 14.1065 -32.1708
v 94.6870 16.2272 -31.3758
v 91.7440 17.3557 -30.4006
v 88.6121 17.3557 -29.3629
v 85.6691 16.2272 -28.3877
v 83.2700 14.1065 -27.5927
v 81.7041 11.2492 -27.0738
v 81.1602 8.0000 -26.8936
v 81.7041 4.7508 -27.0738
v 83.2700 1.8935 -27.5927
v 85.6691 -0.2272 -28.3877
v 88.6121 -1.3557 -29.3629
v 91.7440 -1.3557 -30.4006
v 94.6870 -0.2272 -31.3758
v 97.0861 1.8935 -32.1708
v 98.6520 4.7508 -32.6897
v 100.2543 11.2492 -27.3847
v 100.8069 8.0000 -27.5356
v 98.6629 14.1065 -26.9500
v 96.2248 16.2272 -26.2840
v 93.2340 17.3557 -25.4671
v 90.0513 17.3557 -24.5977
v 87.0605 16.2272 -23.7808
v 84.6224 14.1065 -23.1148
v 83.0311 11.2492 -22.6801
v 82.4784 8.0000 -22.5292
v 83.0311 4.7508 -22.6801
v 84.6224 1.8935 -23.1148
v 87.0605 -0.2272 -23.7808
v 90.0513 -1.3557 -24.5977
v 93.2340 -1.3557 -25.4671
v 96.2248 -0.2272 -26.2840
v 98.6629 1.8935 -26.9500
v 100.2543 4.7508 -27.3847
v 101.5715 11.2492 -22.0018
v 102.1314 8.0000 -22.1231
v 99.9592 14.1065 -21.6525
v 97.4891 16.2272 -21.1175
v 94.4590 17.3557 -20.4611
v 91.2345 17.3557 -19.7626
v 88.2044 16.2272 -19.1063
v 85.7342 14.1065 -18.5712
v 84.1220 11.2492 -18.2220
v 83.5620 8.0000 -18.1007
v 84.1220 4.7508 -18.2220
v 85.7342 1.8935 -18.5712
v 88.2044 -0.2272 -19.1063
v 91.2345 -1.3557 -19.7626
v 94.4590 -1.3557 -20.4611
v 97.4891 -0.2272 -21.1175
v 99.9592 1.8935 -21.6525
v 101.5715 4.7508 -22.0018
v 102.5998 11.2492 -16.5563
v 103.1654 8.0000 -16.6476
v 100.9712 14.1065 -16.2935
v 98.4761 16.2272 -15.8909
v 95.4154 17.3557 -15.3970
v 92.1582 17.3557 -14.8714
v 89.0974 16.2272 -14.3774
v 86.6023 14.1065 -13.9748
v 84.9737 11.2492 -13.7120
v 84.4081 8.0000 -13.6207
v 84.9737 4.7508 -13.7120
v 86.6023 1.8935 -13.9748
v 89.0974 -0.2272 -14.3774
v 92.1582 -1.3557 -14.8714
v 95.4154 -1.3557 -15.3970
v 98.4761 -0.2272 -15.8909
v 100.9712 1.8935 -16.2935
v 102.5998 4.7508 -16.5563
v 103.3365 11.2492 -11.0638
v 103.9062 8.0000 -11.1247
v 101.6962 14.1065 -10.8881
v 99.1832 16.2272 -10.6191
v 96.1004 17.3557 -10.2890
v 92.8199 17.3557 -9.9378
v 89.7371 16.2272 -9.6077
v 87.2241 14.1065 -9.3387
v 85.5838 11.2492 -9.1631
v 85.0141 8.0000 -9.1021
v 85.5838 4.7508 -9.1631
v 87.2241 1.8935 -9.3387
v 89.7371 -0.2272 -9.6077
v 92.8199 -1.3557 -9.9378
v 96.1004 -1.3557 -10.2890
v 99.1832 -0.2272 -10.6191
v 101.6962 1.8935 -10.8881
v 103.3365 4.7508 -11.0638
v 103.7793 11.2492 -5.5398
v 104.3514 8.0000 -5.5703
v 102.1320 14.1065 -5.4518
v 99.6082 16.2272 -5.3171
v 96.5123 17.3557 -5.1518
v 93.2176 17.3557 -4.9760
v 90.1217 16.2272 -4.8107
v 87.5979 14.1065 -4.6760
v 85.9506 11.2492 -4.5881
v 85.3784 8.0000 -4.5575
v 85.9506 4.7508 -4.5881
v 87.5979 1.8935 -4.6760
v 90.1217 -0.2272 -4.8107
v 93.2176 -1.3557 -4.9760
v 96.5123 -1.3557 -5.1518
v 99.6082 -0.2272 -5.3171
v 102.1320 1.8935 -5.4518
v 103.7793 4.7508 -5.5398
v 103.9271 11.2492 0.0000
v 104.5000 8.0000 0.0000
v 102.2774 14.1065 0.0000
v 99.7500 16.2272 0.0000
v 96.6497 17.3557 0.0000
v 93.3503 17.3557 0.0000
v 90.2500 16.2272 0.0000
v 87.7226 14.1065 0.0000
v 86.0729 11.2492 0.0000
v 85.5000 8.0000 0.0000
v 86.0729 4.7508 0.0000
v 87.7226 1.8935 0.0000
v 90.2500 -0.2272 0.0000
v 93.3503 -1.3557 0.0000
v 96.6497 -1.3557 0.0000
v 99.7500 -0.2272 0.0000
v 102.2774 1.8935 0.0000
v 103.9271 4.7508 0.0000
v 103.7793 11.2492 5.5398
v 104.3514 8.0000 5.5703
v 102.1320 14.1065 5.4518
v 99.6082 16.2272 5.3171
v 96.5123 17.3557 5.1518
v 93.2176 17.3557 4.9760
v 90.1217 16.2272 4.8107
v 87.5979 14.1065 4.6760
v 85.9506 11.2492 4.5881
v 85.3784 8.0000 4.5575
v 85.9506 4.7508 4.5881
v 87.5979 1.8935 4.6760
v 90.1217 -0.2272 4.8107
v 93.2176 -1.3557 4.9760
v 96.5123 -1.3557 5.1518
v 99.6082 -0.2272 5.3171
v 102.1320 1.8935 5.4518
v 103.7793 4.7508 5.5398
v 103.3365 11.2492 11.0638
v 103.9062 8.0000 11.1247
v 101.6962 14.1065 10.8881
v 99.1832 16.2272 10.6191
v 96.1004 17.3557 10.2890
v 92.8199 17.3557 9.9378
v 89.7371 16.2272 9.6077
v 87.2241 14.1065 9.3387
v 85.5838 11.2492 9.1631
v 85.0141 8.0000 9.1021
v 85.5838 4.7508 9.1631
v 87.2241 1.8935 9.3387
v 89.7371 -0.2272 9.6077
v 92.8199 -1.3557 9.9378
v 96.1004 -1.3557 10.2890
v 99.1832 -0.2272 10.6191
v 101.6962 1.8935 10.8881
v 103.3365 4.7508 11.0638
v 102.5998 11.2492 16.5563
v 103.1654 8.0000 16.6476
v 100.9712 14.1065 16.2935
v 98.4761 16.2272 15.8909
v 95.4154 17.3557 15.3970
v 92.1582 17.3557 14.8714
v 89.0974 16.2272 14.3774
v 86.6023 14.1065 13.9748
v 84.9737 11.2492 13.7120
v 84.4081 8.0000 13.6207
v 84.9737 4.7508 13.7120
v 86.6023 1.8935 13.9748
v 89.0974 -0.2272 14.3774
v 92.1582 -1.3557 14.8714
v 95.4154 -1.3557 15.3970
v 98.4761 -0.2272 15.8909
v 100.9712 1.8935 16.2935
v 102.5998 4.7508 16.5563
v 101.5715 11.2492 22.0018
v 102.1314 8.0000 22.1231
v 99.9592 14.1065 21.6525
v 97.4891 16.2272 21.1175
v 94.4590 17.3557 20.4611
v 91.2345 17.3557 19.7626
v 88.2044 16.2272 19.1063
v 85.7342 14.1065 18.5712
v 84.1220 11.2492 18.2220
v 83.5620 8.0000 18.1007
v 84.1220 4.7508 18.2220
v 85.7342 1.8935 18.5712
v 88.2044 -0.2272 19.1063
v 91.2345 -1.3557 19.7626
v 94.4590 -1.3557 20.4611
v 97.4891 -0.2272 21.1175
v 99.9592 1.8935 21.6525
v 101.5715 4.7508 22.0018
v 100.2543 11.2492 27.3847
v 100.8069 8.0000 27.5356
v 98.6629 14.1065 26.9500
v 96.2248 16.2272 26.2840
v 93.2340 17.3557 25.4671
v 90.0513 17.3557 24.5977
v 87.0605 16.2272 23.7808
v 84.6224 14.1065 23.1148
v 83.0311 11.2492 22.6801
v 82.4784 8.0000 22.5292
v 83.0311 4.7508 22.6801
v 84.6224 1.8935 23.1148
v 87.0605 -0.2272 23.7808
v 90.0513 -1.3557 24.5977
v 93.2340 -1.3557 25.4671
v 96.2248 -0.2272 26.2840
v 98.6629 1.8935 26.9500
v 100.2543 4.7508 27.3847
v 98.6520 11.2492 32.6897
v 99.1959 8.0000 32.8699
v 97.0861 14.1065 32.1708
v 94.6870 16.2272 31.3758
v 91.7440 17.3557 30.4006
v 88.6121 17.3557 29.3629
v 85.6691 16.2272 28.3877
v 83.2700 14.1065 27.5927
v 81.7041 11.2492 27.0738
v 81.1602 8.0000 26.8936
v 81.7041 4.7508 27.0738
v 83.2700 1.8935 27.5927
v 85.6691 -0.2272 28.3877
v 88.6121 -1.3557 29.3629
v 91.7440 -1.3557 30.4006
v 94.6870 -0.2272 31.3758
v 97.0861 1.8935 32.1708
v 98.6520 4.7508 32.6897
v 96.7693 11.2492 37.9018
v 97.3027 8.0000 38.1108
v 95.2332 14.1065 37.3002
v 92.8799 16.2272 36.3784
v 89.9931 17.3557 35.2478
v 86.9210 17.3557 34.0445
v 84.0342 16.2272 32.9138
v 81.6808 14.1065 31.9921
v 80.1448 11.2492 31.3905
v 79.6113 8.0000 31.1815
v 80.1448 4.7508 31.3905
v 81.6808 1.8935 31.9921
v 84.0342 -0.2272 32.9138
v 86.9210 -1.3557 34.0445
v 89.9931 -1.3557 35.2478
v 92.8799 -0.2272 36.3784
v 95.2332 1.8935 37.3002
v 96.7693 4.7508 37.9018
v 94.6114 11.2492 43.0061
v 95.1329 8.0000 43.2432
v 93.1096 14.1065 42.3235
v 90.8087 16.2272 41.2776
v 87.9863 17.3557 39.9947
v 84.9827 17.3557 38.6294
v 82.1603 16.2272 37.3464
v 79.8594 14.1065 36.3005
v 78.3576 11.2492 35.6179
v 77.8360 8.0000 35.3808
v 78.3576 4.7508 35.6179
v 79.8594 1.8935 36.3005
v 82.1603 -0.2272 37.3464
v 84.9827 -1.3557 38.6294
v 87.9863 -1.3557 39.9947
v 90.8087 -0.2272 41.2776
v 93.1096 1.8935 42.3235
v 94.6114 4.7508 43.0061
v 92.1844 11.2492 47.9882
v 92.6926 8.0000 48.2527
v 90.7212 14.1065 47.2265
v 88.4793 16.2272 46.0594
v 85.7293 17.3557 44.6278
v 82.8028 17.3557 43.1044
v 80.0527 16.2272 41.6728
v 77.8109 14.1065 40.5058
v 76.3476 11.2492 39.7441
v 75.8394 8.0000 39.4795
v 76.3476 4.7508 39.7441
v 77.8109 1.8935 40.5058
v 80.0527 -0.2272 41.6728
v 82.8028 -1.3557 43.1044
v 85.7293 -1.3557 44.6278
v 88.4793 -0.2272 46.0594
v 90.7212 1.8935 47.2265
v 92.1844 4.7508 47.9882
v 89.4954 11.2492 52.8338
v 89.9888 8.0000 53.1250
v 88.0748 14.1065 51.9951
v 85.8984 16.2272 50.7103
v 83.2286 17.3557 49.1341
v 80.3874 17.3557 47.4568
v 77.7176 16.2272 45.8807
v 75.5411 14.1065 44.5958
v 74.1205 11.2492 43.7572
v 73.6272 8.0000 43.4659
v 74.1205 4.7508 43.7572
v 75.5411 1.8935 44.5958
v 77.7176 -0.2272 45.8807
v 80.3874 -1.3557 47.4568
v 83.2286 -1.3557 49.1341
v 85.8984 -0.2272 50.7103
v 88.0748 1.8935 51.9951
v 89.4954 4.7508 52.8338
v 86.5519 11.2492 57.5292
v 87.0291 8.0000 57.8463
v 85.1781 14.1065 56.6160
v 83.0732 16.2272 55.2169
v 80.4912 17.3557 53.5007
v 77.7435 17.3557 51.6744
v 75.1615 16.2272 49.9582
v 73.0566 14.1065 48.5591
v 71.6827 11.2492 47.6459
v 71.2056 8.0000 47.3288
v 71.6827 4.7508 47.6459
v 73.0566 1.8935 48.5591
v 75.1615 -0.2272 49.9582
v 77.7435 -1.3557 51.6744
v 80.4912 -1.3557 53.5007
v 83.0732 -0.2272 55.2169
v 85.1781 1.8935 56.6160
v 86.5519 4.7508 57.5292
v 83.3623 11.2492 62.0609
v 83.8219 8.0000 62.4031
v 82.0391 14.1065 61.0758
v 80.0118 16.2272 59.5666
v 77.5249 17.3557 57.7152
v 74.8785 17.3557 55.7450
v 72.3916 16.2272 53.8936
v 70.3643 14.1065 52.3843
v 69.0411 11.2492 51.3992
v 68.5815 8.0000 51.0571
v 69.0411 4.7508 51.3992
v 70.3643 1.8935 52.3843
v 72.3916 -0.2272 53.8936
v 74.8785 -1.3557 55.7450
v 77.5249 -1.3557 57.7152
v 80.0118 -0.2272 59.5666
v 82.0391 1.8935 61.0758
v 83.3623 4.7508 62.0609
v 79.9357 11.2492 66.4163
v 80.3764 8.0000 66.7824
v 78.6669 14.1065 65.3620
v 76.7229 16.2272 63.7469
v 74.3383 17.3557 61.7655
v 71.8006 17.3557 59.6570
v 69.4159 16.2272 57.6757
v 67.4720 14.1065 56.0605
v 66.2031 11.2492 55.0063
v 65.7625 8.0000 54.6402
v 66.2031 4.7508 55.0063
v 67.4720 1.8935 56.0605
v 69.4159 -0.2272 57.6757
v 71.8006 -1.3557 59.6570
v 74.3383 -1.3557 61.7655
v 76.7229 -0.2272 63.7469
v 78.6669 1.8935 65.3620
v 79.9357 4.7508 66.4163
v 76.2818 11.2492 70.5828
v 76.7023 8.0000 70.9719
v 75.0709 14.1065 69.4624
v 73.2158 16.2272 67.7459
v 70.9402 17.3557 65.6403
v 68.5185 17.3557 63.3995
v 66.2429 16.2272 61.2939
v 64.3878 14.1065 59.5774
v 63.1769 11.2492 58.4570
v 62.7564 8.0000 58.0679
v 63.1769 4.7508 58.4570
v 64.3878 1.8935 59.5774
v 66.2429 -0.2272 61.2939
v 68.5185 -1.3557 63.3995
v 70.9402 -1.3557 65.6403
v 73.2158 -0.2272 67.7459
v 75.0709 1.8935 69.4624
v 76.2818 4.7508 70.5828
v 72.4110 11.2492 74.5486
v 72.8102 8.0000 74.9595
v 71.2616 14.1065 73.3652
v 69.5006 16.2272 71.5523
v 67.3404 17.3557 69.3284
v 65.0417 17.3557 66.9617
v 62.8815 16.2272 64.7378
v 61.1205 14.1065 62.9248
v 59.9711 11.2492 61.7415
v 59.5719 8.0000 61.3305
v 59.9711 4.7508 61.7415
v 61.1205 1.8935 62.9248
v 62.8815 -0.2272 64.7378
v 65.0417 -1.3557 66.9617
v 67.3404 -1.3557 69.3284
v 69.5006 -0.2272 71.5523
v 71.2616 1.8935 73.3652
v 72.4110 4.7508 74.5486
v 68.3343 11.2492 78.3024
v 68.7110 8.0000 78.7341
v 67.2496 14.1065 77.0595
v 65.5878 16.2272 75.1552
v 63.5492 17.3557 72.8193
v 61.3798 17.3557 70.3335
v 59.3413 16.2272 67.9976
v 57.6795 14.1065 66.0933
v 56.5948 11.2492 64.8504
v 56.2181 8.0000 64.4188
v 56.5948 4.7508 64.8504
v 57.6795 1.8935 66.0933
v 59.3413 -0.2272 67.9976
v 61.3798 -1.3557 70.3335
v 63.5492 -1.3557 72.8193
v 65.5878 -0.2272 75.1552
v 67.2496 1.8935 77.0595
v 68.3343 4.7508 78.3024
v 64.0633 11.2492 81.8336
v 64.4164 8.0000 82.2847
v 63.0464 14.1065 80.5346
v 61.4884 16.2272 78.5445
v 59.5773 17.3557 76.1032
v 57.5435 17.3557 73.5053
v 55.6324 16.2272 71.0641
v 54.0744 14.1065 69.0739
v 53.0575 11.2492 67.7750
v 52.7044 8.0000 67.3238
v 53.0575 4.7508 67.7750
v 54.0744 1.8935 69.0739
v 55.6324 -0.2272 71.0641
v 57.5435 -1.3557 73.5053
v 59.5773 -1.3557 76.1032
v 61.4884 -0.2272 78.5445
v 63.0464 1.8935 80.5346
v 64.0633 4.7508 81.8336
v 59.6101 11.2492 85.1321
v 59.9387 8.0000 85.6014
v 58.6639 14.1065 83.7808
v 57.2142 16.2272 81.7104
v 55.4360 17.3557 79.1708
v 53.5436 17.3557 76.4681
v 51.7653 16.2272 73.9285
v 50.3156 14.1065 71.8581
v 49.3694 11.2492 70.5068
v 49.0408 8.0000 70.0375
v 49.3694 4.7508 70.5068
v 50.3156 1.8935 71.8581
v 51.7653 -0.2272 73.9285
v 53.5436 -1.3557 76.4681
v 55.4360 -1.3557 79.1708
v 57.2142 -0.2272 81.7104
v 58.6639 1.8935 83.7808
v 59.6101 4.7508 85.1321
v 54.9875 11.2492 88.1885
v 55.2906 8.0000 88.6747
v 54.1146 14.1065 86.7887
v 52.7774 16.2272 84.6440
v 51.1370 17.3557 82.0132
v 49.3914 17.3557 79.2135
v 47.7510 16.2272 76.5827
v 46.4137 14.1065 74.4380
v 45.5409 11.2492 73.0382
v 45.2378 8.0000 72.5520
v 45.5409 4.7508 73.0382
v 46.4137 1.8935 74.4380
v 47.7510 -0.2272 76.5827
v 49.3914 -1.3557 79.2135
v 51.1370 -1.3557 82.0132
v 52.7774 -0.2272 84.6440
v 54.1146 1.8935 86.7887
v 54.9875 4.7508 88.1885
v 50.2085 11.2492 90.9942
v 50.4853 8.0000 91.4958
v 49.4115 14.1065 89.5498
v 48.1905 16.2272 87.3369
v 46.6927 17.3557 84.6224
v 45.0987 17.3557 81.7337
v 43.6009 16.2272 79.0191
v 42.3799 14.1065 76.8062
v 41.5829 11.2492 75.3619
v 41.3061 8.0000 74.8602
v 41.5829 4.7508 75.3619
v 42.3799 1.8935 76.8062
v 43.6009 -0.2272 79.0191
v 45.0987 -1.3557 81.7337
v 46.6927 -1.3557 84.6224
v 48.1905 -0.2272 87.3369
v 49.4115 1.8935 89.5498
v 50.2085 4.7508 90.9942
v 45.2867 11.2492 93.5412
v 45.5364 8.0000 94.0568
v 44.5679 14.1065 92.0564
v 43.4665 16.2272 89.7815
v 42.1156 17.3557 86.9910
v 40.6779 17.3557 84.0214
v 39.3269 16.2272 81.2309
v 38.2255 14.1065 78.9561
v 37.5067 11.2492 77.4713
v 37.2570 8.0000 76.9556
v 37.5067 4.7508 77.4713
v 38.2255 1.8935 78.9561
v 39.3269 -0.2272 81.2309
v 40.6779 -1.3557 84.0214
v 42.1156 -1.3557 86.9910
v 43.4665 -0.2272 89.7815
v 44.5679 1.8935 92.0564
v 45.2867 4.7508 93.5412
v 40.2362 11.2492 95.8222
v 40.4580 8.0000 96.3504
v 39.5975 14.1065 94.3012
v 38.6190 16.2272 91.9708
v 37.4187 17.3557 89.1123
v 36.1413 17.3557 86.0703
v 34.9410 16.2272 83.2117
v 33.9625 14.1065 80.8814
v 33.3238 11.2492 79.3604
v 33.1020 8.0000 78.8321
v 33.3238 4.7508 79.3604
v 33.9625 1.8935 80.8814
v 34.9410 -0.2272 83.2117
v 36.1413 -1.3557 86.0703
v 37.4187 -1.3557 89.1123
v 38.6190 -0.2272 91.9708
v 39.5975 1.8935 94.3012
v 40.2362 4.7508 95.8222
v 35.0713 11.2492 97.8307
v 35.2646 8.0000 98.3700
v 34.5146 14.1065 96.2778
v 33.6617 16.2272 93.8986
v 32.6154 17.3557 90.9802
v 31.5020 17.3557 87.8744
v 30.4558 16.2272 84.9559
v 29.6029 14.1065 82.5767
v 29.0462 11.2492 81.0239
v 28.8529 8.0000 80.4845
v 29.0462 4.7508 81.0239
v 29.6029 1.8935 82.5767
v 30.4558 -0.2272 84.9559
v 31.5020 -1.3557 87.8744
v 32.6154 -1.3557 90.9802
v 33.6617 -0.2272 93.8986
v 34.5146 1.8935 96.2778
v 35.0713 4.7508 97.8307
v 29.8066 11.2492 99.5611
v 29.9709 8.0000 100.1099
v 29.3335 14.1065 97.9807
v 28.6086 16.2272 95.5595
v 27.7194 17.3557 92.5894
v 26.7732 17.3557 89.4286
v 25.8840 16.2272 86.4586
v 25.1591 14.1065 84.0373
v 24.6860 11.2492 82.4570
v 24.5217 8.0000 81.9081
v 24.6860 4.7508 82.4570
v 25.1591 1.8935 84.0373
v 25.8840 -0.2272 86.4586
v 26.7732 -1.3557 89.4286
v 27.7194 -1.3557 92.5894
v 28.6086 -0.2272 95.5595
v 29.3335 1.8935 97.9807
v 29.8066 4.7508 99.5611
v 24.4572 11.2492 101.0083
v 24.5920 8.0000 101.5652
v 24.0690 14.1065 99.4050
v 23.4742 16.2272 96.9486
v 22.7446 17.3557 93.9353
v 21.9682 17.3557 90.7286
v 21.2386 16.2272 87.7154
v 20.6438 14.1065 85.2589
v 20.2556 11.2492 83.6556
v 20.1208 8.0000 83.0988
v 20.2556 4.7508 83.6556
v 20.6438 1.8935 85.2589
v 21.2386 -0.2272 87.7154
v 21.9682 -1.3557 90.7286
v 22.7446 -1.3557 93.9353
v 23.4742 -0.2272 96.9486
v 24.0690 1.8935 99.4050
v 24.4572 4.7508 101.0083
v 19.0383 11.2492 102.1684
v 19.1432 8.0000 102.7316
v 18.7361 14.1065 100.5467
v 18.2731 16.2272 98.0620
v 17.7051 17.3557 95.0141
v 17.1007 17.3557 91.7706
v 16.5328 16.2272 88.7228
v 16.0698 14.1065 86.2381
v 15.7676 11.2492 84.6164
v 15.6626 8.0000 84.0531
v 15.7676 4.7508 84.6164
v 16.0698 1.8935 86.2381
v 16.5328 -0.2272 88.7228
v 17.1007 -1.3557 91.7706
v 17.7051 -1.3557 95.0141
v 18.2731 -0.2272 98.0620
v 18.7361 1.8935 100.5467
v 19.0383 4.7508 102.1684
v 13.5652 11.2492 103.0380
v 13.6400 8.0000 103.6060
v 13.3499 14.1065 101.4024
v 13.0200 16.2272 98.8966
v 12.6153 17.3557 95.8228
v 12.1847 17.3557 92.5517
v 11.7800 16.2272 89.4779
v 11.4501 14.1065 86.9721
v 11.2348 11.2492 85.3366
v 11.1600 8.0000 84.7685
v 11.2348 4.7508 85.3366
v 11.4501 1.8935 86.9721
v 11.7800 -0.2272 89.4779
v 12.1847 -1.3557 92.5517
v 12.6153 -1.3557 95.8228
v 13.0200 -0.2272 98.8966
v 13.3499 1.8935 101.4024
v 13.5652 4.7508 103.0380
v 8.0536 11.2492 103.6146
v 8.0980 8.0000 104.1858
v 7.9257 14.1065 101.9699
v 7.7299 16.2272 99.4500
v 7.4896 17.3557 96.3590
v 7.2339 17.3557 93.0696
v 6.9937 16.2272 89.9786
v 6.7978 14.1065 87.4588
v 6.6700 11.2492 85.8141
v 6.6256 8.0000 85.2429
v 6.6700 4.7508 85.8141
v 6.7978 1.8935 87.4588
v 6.9937 -0.2272 89.9786
v 7.2339 -1.3557 93.0696
v 7.4896 -1.3557 96.3590
v 7.7299 -0.2272 99.4500
v 7.9257 1.8935 101.9699
v 8.0536 4.7508 103.6146
v 2.5190 11.2492 103.8965
v 2.5329 8.0000 104.4693
v 2.4790 14.1065 102.2474
v 2.4178 16.2272 99.7207
v 2.3426 17.3557 96.6213
v 2.2627 17.3557 93.3229
v 2.1875 16.2272 90.2235
v 2.1262 14.1065 87.6968
v 2.0863 11.2492 86.0476
v 2.0724 8.0000 85.4749
v 2.0863 4.7508 86.0476
v 2.1262 1.8935 87.6968
v 2.1875 -0.2272 90.2235
v 2.2627 -1.3557 93.3229
v 2.3426 -1.3557 96.6213
v 2.4178 -0.2272 99.7207
v 2.4790 1.8935 102.2474
v 2.5190 4.7508 103.8965
v -3.0227 11.2492 103.8831
v -3.0394 8.0000 104.4558
v -2.9747 14.1065 102.2342
v -2.9012 16.2272 99.7078
v -2.8110 17.3557 96.6088
v -2.7151 17.3557 93.3109
v -2.6249 16.2272 90.2118
v -2.5514 14.1065 87.6855
v -2.5034 11.2492 86.0365
v -2.4867 8.0000 85.4638
v -2.5034 4.7508 86.0365
v -2.5514 1.8935 87.6855
v -2.6249 -0.2272 90.2118
v -2.7151 -1.3557 93.3109
v -2.8110 -1.3557 96.6088
v -2.9012 -0.2272 99.7078
v -2.9747 1.8935 102.2342
v -3.0227 4.7508 103.8831
v -8.5558 11.2492 103.5743
v -8.6030 8.0000 104.1453
v -8.4200 14.1065 101.9302
v -8.2119 16.2272 99.4114
v -7.9567 17.3557 96.3216
v -7.6851 17.3557 93.0335
v -7.4298 16.2272 89.9436
v -7.2218 14.1065 87.4248
v -7.0860 11.2492 85.7807
v -7.0388 8.0000 85.2098
v -7.0860 4.7508 85.7807
v -7.2218 1.8935 87.4248
v -7.4298 -0.2272 89.9436
v -7.6851 -1.3557 93.0335
v -7.9567 -1.3557 96.3216
v -8.2119 -0.2272 99.4114
v -8.4200 1.8935 101.9302
v -8.5558 4.7508 103.5743
v -14.0646 11.2492 102.9710
v -14.1421 8.0000 103.5386
v -13.8413 14.1065 101.3365
v -13.4993 16.2272 98.8323
v -13.0797 17.3557 95.7605
v -12.6332 17.3557 92.4916
v -12.2136 16.2272 89.4197
v -11.8716 14.1065 86.9156
v -11.6484 11.2492 85.2811
v -11.5708 8.0000 84.7134
v -11.6484 4.7508 85.2811
v -11.8716 1.8935 86.9156
v -12.2136 -0.2272 89.4197
v -12.6332 -1.3557 92.4916
v -13.0797 -1.3557 95.7605
v -13.4993 -0.2272 98.8323
v -13.8413 1.8935 101.3365
v -14.0646 4.7508 102.9710
v -19.5334 11.2492 102.0749
v -19.6411 8.0000 102.6376
v -19.2233 14.1065 100.4546
v -18.7483 16.2272 97.9723
v -18.1656 17.3557 94.9272
v -17.5455 17.3557 91.6867
v -16.9627 16.2272 88.6416
v -16.4877 14.1065 86.1592
v -16.1776 11.2492 84.5389
v -16.0700 8.0000 83.9762
v -16.1776 4.7508 84.5389
v -16.4877 1.8935 86.1592
v -16.9627 -0.2272 88.6416
v -17.5455 -1.3557 91.6867
v -18.1656 -1.3557 94.9272
v -18.7483 -0.2272 97.9723
v -19.2233 1.8935 100.4546
v -19.5334 4.7508 102.0749
v -24.9466 11.2492 100.8886
v -25.0842 8.0000 101.4447
v -24.5507 14.1065 99.2871
v -23.9440 16.2272 96.8336
v -23.1998 17.3557 93.8239
v -22.4078 17.3557 90.6211
v -21.6636 16.2272 87.6114
v -21.0569 14.1065 85.1578
v -20.6609 11.2492 83.5564
v -20.5234 8.0000 83.0002
v -20.6609 4.7508 83.5564
v -21.0569 1.8935 85.1578
v -21.6636 -0.2272 87.6114
v -22.4078 -1.3557 90.6211
v -23.1998 -1.3557 93.8239
v -23.9440 -0.2272 96.8336
v -24.5507 1.8935 99.2871
v -24.9466 4.7508 100.8886
v -30.2890 11.2492 99.4154
v -30.4559 8.0000 99.9634
v -29.8082 14.1065 97.8373
v -29.0716 16.2272 95.4196
v -28.1680 17.3557 92.4539
v -27.2064 17.3557 89.2978
v -26.3028 16.2272 86.3320
v -25.5662 14.1065 83.9143
v -25.0855 11.2492 82.3363
v -24.9185 8.0000 81.7883
v -25.0855 4.7508 82.3363
v -25.5662 1.8935 83.9143
v -26.3028 -0.2272 86.3320
v -27.2064 -1.3557 89.2978
v -28.1680 -1.3557 92.4539
v -29.0716 -0.2272 95.4196
v -29.8082 1.8935 97.8373
v -30.2890 4.7508 99.4154
v -35.5452 11.2492 97.6595
v -35.7411 8.0000 98.1979
v -34.9809 14.1065 96.1093
v -34.1165 16.2272 93.7343
v -33.0561 17.3557 90.8210
v -31.9277 17.3557 87.7206
v -30.8673 16.2272 84.8073
v -30.0029 14.1065 82.4323
v -29.4387 11.2492 80.8821
v -29.2427 8.0000 80.3437
v -29.4387 4.7508 80.8821
v -30.0029 1.8935 82.4323
v -30.8673 -0.2272 84.8073
v -31.9277 -1.3557 87.7206
v -33.0561 -1.3557 90.8210
v -34.1165 -0.2272 93.7343
v -34.9809 1.8935 96.1093
v -35.5452 4.7508 97.6595
v -32.4919 8.0000 -89.2708
v -32.4919 8.0000 89.2708
v -25.7525 8.0000 -94.1096
v -25.5987 10.6033 -93.5357
v -20.0885 10.6033 -94.8443
v -20.2092 8.0000 -95.4261
v -25.1678 12.6910 -91.9275
v -19.7504 12.6910 -93.2141
v -24.5451 13.8496 -89.6037
v -19.2617 13.8496 -90.8584
v -23.8540 13.8496 -87.0244
v -18.7194 13.8496 -88.2438
v -23.2314 12.6910 -84.7006
v -18.2308 12.6910 -85.8882
v -22.8005 10.6033 -83.0925
v -17.8926 10.6033 -84.2580
v -22.6467 8.0000 -82.5185
v -17.7719 8.0000 -83.6762
v -22.8005 5.3967 -83.0925
v -17.8926 5.3967 -84.2580
v -23.2314 3.3090 -84.7006
v -18.2308 3.3090 -85.8882
v -23.8540 2.1504 -87.0244
v -18.7194 2.1504 -88.2438
v -24.5451 2.1504 -89.6037
v -19.2617 2.1504 -90.8584
v -25.1678 3.3090 -91.9275
v -19.7504 3.3090 -93.2141
v -25.5987 5.3967 -93.5357
v -20.0885 5.3967 -94.8443
v -14.5125 10.6033 -95.8353
v -14.5997 8.0000 -96.4231
v -14.2682 12.6910 -94.1885
v -13.9152 13.8496 -91.8087
v -13.5234 13.8496 -89.1673
v -13.1704 12.6910 -86.7876
v -12.9261 10.6033 -85.1407
v -12.8389 8.0000 -84.5529
v -12.9261 5.3967 -85.1407
v -13.1704 3.3090 -86.7876
v -13.5234 2.1504 -89.1673
v -13.9152 2.1504 -91.8087
v -14.2682 3.3090 -94.1885
v -14.5125 5.3967 -95.8353
v -8.8889 10.6033 -96.5056
v -8.9423 8.0000 -97.0974
v -8.7392 12.6910 -94.8474
v -8.5230 13.8496 -92.4514
v -8.2831 13.8496 -89.7919
v -8.0668 12.6910 -87.3958
v -7.9172 10.6033 -85.7377
v -7.8638 8.0000 -85.1459
v -7.9172 5.3967 -85.7377
v -8.0668 3.3090 -87.3958
v -8.2831 2.1504 -89.7919
v -8.5230 2.1504 -92.4514
v -8.7392 3.3090 -94.8474
v -8.8889 5.3967 -96.5056
v -3.2361 10.6033 -96.8529
v -3.2555 8.0000 -97.4467
v -3.1816 12.6910 -95.1889
v -3.1029 13.8496 -92.7843
v -3.0156 13.8496 -90.1155
v -2.9368 12.6910 -87.7110
v -2.8824 10.6033 -86.0470
v -2.8629 8.0000 -85.4532
v -2.8824 5.3967 -86.0470
v -2.9368 3.3090 -87.7110
v -3.0156 2.1504 -90.1155
v -3.1029 2.1504 -92.7843
v -3.1816 3.3090 -95.1889
v -3.2361 5.3967 -96.8529
v 2.4273 10.6033 -96.8760
v 2.4419 8.0000 -97.4700
v 2.3864 12.6910 -95.2117
v 2.3274 13.8496 -92.8066
v 2.2618 13.8496 -90.1371
v 2.2028 12.6910 -87.7320
v 2.1619 10.6033 -86.0677
v 2.1474 8.0000 -85.4736
v 2.1619 5.3967 -86.0677
v 2.2028 3.3090 -87.7320
v 2.2618 2.1504 -90.1371
v 2.3274 2.1504 -92.8066
v 2.3864 3.3090 -95.2117
v 2.4273 5.3967 -96.8760
v 8.0827 10.6033 -96.5750
v 8.1312 8.0000 -97.1672
v 7.9466 12.6910 -94.9157
v 7.7500 13.8496 -92.5179
v 7.5318 13.8496 -89.8566
v 7.3352 12.6910 -87.4588
v 7.1992 10.6033 -85.7995
v 7.1506 8.0000 -85.2073
v 7.1992 5.3967 -85.7995
v 7.3352 3.3090 -87.4588
v 7.5318 2.1504 -89.8566
v 7.7500 2.1504 -92.5179
v 7.9466 3.3090 -94.9157
v 8.0827 5.3967 -96.5750
v 13.7116 10.6033 -95.9508
v 13.7940 8.0000 -96.5392
v 13.4808 12.6910 -94.3020
v 13.1473 13.8496 -91.9194
v 12.7771 13.8496 -89.2749
v 12.4436 12.6910 -86.8923
v 12.2128 10.6033 -85.2435
v 12.1304 8.0000 -84.6551
v 12.2128 5.3967 -85.2435
v 12.4436 3.3090 -86.8923
v 12.7771 2.1504 -89.2749
v 13.1473 2.1504 -91.9194
v 13.4808 3.3090 -94.3020
v 13.7116 5.3967 -95.9508
v 19.2956 10.6033 -95.0054
v 19.4115 8.0000 -95.5881
v 18.9708 12.6910 -93.3725
v 18.5014 13.8496 -91.0129
v 17.9805 13.8496 -88.3940
v 17.5111 12.6910 -86.0344
v 17.1863 10.6033 -84.4015
v 17.0704 8.0000 -83.8187
v 17.1863 5.3967 -84.4015
v 17.5111 3.3090 -86.0344
v 17.9805 2.1504 -88.3940
v 18.5014 2.1504 -91.0129
v 18.9708 3.3090 -93.3725
v 19.2956 5.3967 -95.0054
v 24.8163 10.6033 -93.7419
v 24.9653 8.0000 -94.3171
v 24.3985 12.6910 -92.1303
v 23.7949 13.8496 -89.8014
v 23.1249 13.8496 -87.2166
v 22.5213 12.6910 -84.8878
v 22.1035 10.6033 -83.2761
v 21.9545 8.0000 -82.7010
v 22.1035 5.3967 -83.2761
v 22.5213 3.3090 -84.8878
v 23.1249 2.1504 -87.2166
v 23.7949 2.1504 -89.8014
v 24.3985 3.3090 -92.1303
v 24.8163 5.3967 -93.7419
v 30.2556 10.6033 -92.1645
v 30.4374 8.0000 -92.7302
v 29.7463 12.6910 -90.5795
v 29.0104 13.8496 -88.2890
v 28.1935 13.8496 -85.7467
v 27.4576 12.6910 -83.4563
v 26.9483 10.6033 -81.8712
v 26.7665 8.0000 -81.3055
v 26.9483 5.3967 -81.8712
v 27.4576 3.3090 -83.4563
v 28.1935 2.1504 -85.7467
v 29.0104 2.1504 -88.2890
v 29.7463 3.3090 -90.5795
v 30.2556 5.3967 -92.1645
v 35.5957 10.6033 -90.2784
v 35.8096 8.0000 -90.8328
v 34.9965 12.6910 -88.7251
v 34.1307 13.8496 -86.4805
v 33.1697 13.8496 -83.9892
v 32.3038 12.6910 -81.7446
v 31.7047 10.6033 -80.1912
v 31.4908 8.0000 -79.6369
v 31.7047 5.3967 -80.1912
v 32.3038 3.3090 -81.7446
v 33.1697 2.1504 -83.9892
v 34.1307 2.1504 -86.4805
v 34.9965 3.3090 -88.7251
v 35.5957 5.3967 -90.2784
v 40.8191 10.6033 -88.0897
v 41.0643 8.0000 -88.6310
v 40.1320 12.6910 -86.5733
v 39.1391 13.8496 -84.3819
v 38.0371 13.8496 -81.9497
v 37.0442 12.6910 -79.7583
v 36.3571 10.6033 -78.2418
v 36.1119 8.0000 -77.7006
v 36.3571 5.3967 -78.2418
v 37.0442 3.3090 -79.7583
v 38.0371 2.1504 -81.9497
v 39.1391 2.1504 -84.3819
v 40.1320 3.3090 -86.5733
v 40.8191 5.3967 -88.0897
v 45.9087 10.6033 -85.6057
v 46.1845 8.0000 -86.1320
v 45.1359 12.6910 -84.1310
v 44.0192 13.8496 -82.0001
v 42.7798 13.8496 -79.6349
v 41.6631 12.6910 -77.5039
v 40.8903 10.6033 -76.0293
v 40.6145 8.0000 -75.5030
v 40.8903 5.3967 -76.0293
v 41.6631 3.3090 -77.5039
v 42.7798 2.1504 -79.6349
v 44.0192 2.1504 -82.0001
v 45.1359 3.3090 -84.1310
v 45.9087 5.3967 -85.6057
v 50.8477 10.6033 -82.8343
v 51.1532 8.0000 -83.3440
v 49.9918 12.6910 -81.4063
v 48.7550 13.8496 -79.3428
v 47.3822 13.8496 -77.0524
v 46.1454 12.6910 -74.9889
v 45.2895 10.6033 -73.5609
v 44.9840 8.0000 -73.0513
v 45.2895 5.3967 -73.5609
v 46.1454 3.3090 -74.9889
v 47.3822 2.1504 -77.0524
v 48.7550 2.1504 -79.3428
v 49.9918 3.3090 -81.4063
v 50.8477 5.3967 -82.8343
v 55.6201 10.6033 -79.7849
v 55.9542 8.0000 -80.2762
v 54.6838 12.6910 -78.4082
v 53.3309 13.8496 -76.4188
v 51.8293 13.8496 -74.2108
v 50.4764 12.6910 -72.2215
v 49.5401 10.6033 -70.8448
v 49.2060 8.0000 -70.3535
v 49.5401 5.3967 -70.8448
v 50.4764 3.3090 -72.2215
v 51.8293 2.1504 -74.2108
v 53.3309 2.1504 -76.4188
v 54.6838 3.3090 -78.4082
v 55.6201 5.3967 -79.7849
v 60.2100 10.6033 -76.4673
v 60.5718 8.0000 -76.9387
v 59.1965 12.6910 -75.1464
v 57.7320 13.8496 -73.2378
v 56.1064 13.8496 -71.1193
v 54.6419 12.6910 -69.2107
v 53.6283 10.6033 -67.8898
v 53.2666 8.0000 -67.4184
v 53.6283 5.3967 -67.8898
v 54.6419 3.3090 -69.2107
v 56.1064 2.1504 -71.1193
v 57.7320 2.1504 -73.2378
v 59.1965 3.3090 -75.1464
v 60.2100 5.3967 -76.4673
v 64.6026 10.6033 -72.8924
v 64.9907 8.0000 -73.3423
v 63.5151 12.6910 -71.6317
v 61.9437 13.8496 -69.8100
v 60.1996 13.8496 -67.7881
v 58.6282 12.6910 -65.9664
v 57.5407 10.6033 -64.7057
v 57.1526 8.0000 -64.2558
v 57.5407 5.3967 -64.7057
v 58.6282 3.3090 -65.9664
v 60.1996 2.1504 -67.7881
v 61.9437 2.1504 -69.8100
v 63.5151 3.3090 -71.6317
v 64.6026 5.3967 -72.8924
v 68.7833 10.6033 -69.0719
v 69.1965 8.0000 -69.4989
v 67.6255 12.6910 -67.8756
v 65.9524 13.8496 -66.1468
v 64.0954 13.8496 -64.2280
v 62.4223 12.6910 -62.4992
v 61.2645 10.6033 -61.3029
v 60.8512 8.0000 -60.8759
v 61.2645 5.3967 -61.3029
v 62.4223 3.3090 -62.4992
v 64.0954 2.1504 -64.2280
v 65.9524 2.1504 -66.1468
v 67.6255 3.3090 -67.8756
v 68.7833 5.3967 -69.0719
v 72.7385 10.6033 -65.0184
v 73.1755 8.0000 -65.4210
v 71.5141 12.6910 -63.8903
v 69.7448 13.8496 -62.2601
v 67.7810 13.8496 -60.4508
v 66.0117 12.6910 -58.8206
v 64.7873 10.6033 -57.6925
v 64.3503 8.0000 -57.2899
v 64.7873 5.3967 -57.6925
v 66.0117 3.3090 -58.8206
v 67.7810 2.1504 -60.4508
v 69.7448 2.1504 -62.2601
v 71.5141 3.3090 -63.8903
v 72.7385 5.3967 -65.0184
v 76.4552 10.6033 -60.7452
v 76.9145 8.0000 -61.1221
v 75.1683 12.6910 -59.6890
v 73.3085 13.8496 -58.1628
v 71.2444 13.8496 -56.4688
v 69.3847 12.6910 -54.9425
v 68.0977 10.6033 -53.8864
v 67.6384 8.0000 -53.5094
v 68.0977 5.3967 -53.8864
v 69.3847 3.3090 -54.9425
v 71.2444 2.1504 -56.4688
v 73.3085 2.1504 -58.1628
v 75.1683 3.3090 -59.6890
v 76.4552 5.3967 -60.7452
v 79.9213 10.6033 -56.2662
v 80.4014 8.0000 -56.6163
v 78.5759 12.6910 -55.2854
v 76.6319 13.8496 -53.8682
v 74.4742 13.8496 -52.2951
v 72.5302 12.6910 -50.8778
v 71.1849 10.6033 -49.8970
v 70.7047 8.0000 -49.5470
v 71.1849 5.3967 -49.8970
v 72.5302 3.3090 -50.8778
v 74.4742 2.1504 -52.2951
v 76.6319 2.1504 -53.8682
v 78.5759 3.3090 -55.2854
v 79.9213 5.3967 -56.2662
v 83.1252 10.6033 -51.5962
v 83.6246 8.0000 -51.9182
v 81.7260 12.6910 -50.6940
v 79.7040 13.8496 -49.3904
v 77.4598 13.8496 -47.9434
v 75.4379 12.6910 -46.6397
v 74.0386 10.6033 -45.7375
v 73.5392 8.0000 -45.4155
v 74.0386 5.3967 -45.7375
v 75.4379 3.3090 -46.6397
v 77.4598 2.1504 -47.9434
v 79.7040 2.1504 -49.3904
v 81.7260 3.3090 -50.6940
v 83.1252 5.3967 -51.5962
v 86.0567 10.6033 -46.7505
v 86.5737 8.0000 -47.0434
v 84.6081 12.6910 -45.9299
v 82.5148 13.8496 -44.7441
v 80.1915 13.8496 -43.4279
v 78.0982 12.6910 -42.2421
v 76.6496 10.6033 -41.4215
v 76.1326 8.0000 -41.1286
v 76.6496 5.3967 -41.4215
v 78.0982 3.3090 -42.2421
v 80.1915 2.1504 -43.4279
v 82.5148 2.1504 -44.7441
v 84.6081 3.3090 -45.9299
v 86.0567 5.3967 -46.7505
v 88.7059 10.6033 -41.7449
v 89.2388 8.0000 -42.0077
v 87.2127 12.6910 -41.0086
v 85.0550 13.8496 -39.9445
v 82.6602 13.8496 -38.7635
v 80.5025 12.6910 -37.6994
v 79.0093 10.6033 -36.9631
v 78.4764 8.0000 -36.7003
v 79.0093 5.3967 -36.9631
v 80.5025 3.3090 -37.6994
v 82.6602 2.1504 -38.7635
v 85.0550 2.1504 -39.9445
v 87.2127 3.3090 -41.0086
v 88.7059 5.3967 -41.7449
v 91.0643 10.6033 -36.5959
v 91.6114 8.0000 -36.8278
v 89.5315 12.6910 -35.9462
v 87.3164 13.8496 -35.0074
v 84.8578 13.8496 -33.9654
v 82.6428 12.6910 -33.0266
v 81.1099 10.6033 -32.3769
v 80.5628 8.0000 -32.1450
v 81.1099 5.3967 -32.3769
v 82.6428 3.3090 -33.0266
v 84.8578 2.1504 -33.9654
v 87.3164 2.1504 -35.0074
v 89.5315 3.3090 -35.9462
v 91.0643 5.3967 -36.5959
v 93.1242 10.6033 -31.3204
v 93.6836 8.0000 -31.5205
v 91.5566 12.6910 -30.7595
v 89.2914 13.8496 -29.9490
v 86.7773 13.8496 -29.0494
v 84.5121 12.6910 -28.2389
v 82.9446 10.6033 -27.6780
v 82.3851 8.0000 -27.4779
v 82.9446 5.3967 -27.6780
v 84.5121 3.3090 -28.2389
v 86.7773 2.1504 -29.0494
v 89.2914 2.1504 -29.9490
v 91.5566 3.3090 -30.7595
v 93.1242 5.3967 -31.3204
v 94.8787 10.6033 -25.9356
v 95.4487 8.0000 -26.1034
v 93.2816 12.6910 -25.4653
v 90.9737 13.8496 -24.7858
v 88.4122 13.8496 -24.0316
v 86.1044 12.6910 -23.3521
v 84.5073 10.6033 -22.8819
v 83.9373 8.0000 -22.7140
v 84.5073 5.3967 -22.8819
v 86.1044 3.3090 -23.3521
v 88.4122 2.1504 -24.0316
v 90.9737 2.1504 -24.7858
v 93.2816 3.3090 -25.4653
v 94.8787 5.3967 -25.9356
v 96.3221 10.6033 -20.4592
v 96.9008 8.0000 -20.5941
v 94.7007 12.6910 -20.0811
v 92.3577 13.8496 -19.5348
v 89.7572 13.8496 -18.9285
v 87.4143 12.6910 -18.3822
v 85.7929 10.6033 -18.0041
v 85.2142 8.0000 -17.8692
v 85.7929 5.3967 -18.0041
v 87.4143 3.3090 -18.3822
v 89.7572 2.1504 -18.9285
v 92.3577 2.1504 -19.5348
v 94.7007 3.3090 -20.0811
v 96.3221 5.3967 -20.4592
v 97.4497 10.6033 -14.9091
v 98.0351 8.0000 -15.0107
v 95.8093 12.6910 -14.6245
v 93.4389 13.8496 -14.2132
v 90.8080 13.8496 -13.7567
v 88.4376 12.6910 -13.3454
v 86.7972 10.6033 -13.0607
v 86.2118 8.0000 -12.9592
v 86.7972 5.3967 -13.0607
v 88.4376 3.3090 -13.3454
v 90.8080 2.1504 -13.7567
v 93.4389 2.1504 -14.2132
v 95.8093 3.3090 -14.6245
v 97.4497 5.3967 -14.9091
v 98.2578 10.6033 -9.3036
v 98.8481 8.0000 -9.3716
v 96.6038 12.6910 -9.1134
v 94.2137 13.8496 -8.8384
v 91.5610 13.8496 -8.5332
v 89.1709 12.6910 -8.2583
v 87.5170 10.6033 -8.0680
v 86.9267 8.0000 -8.0001
v 87.5170 5.3967 -8.0680
v 89.1709 3.3090 -8.2583
v 91.5610 2.1504 -8.5332
v 94.2137 2.1504 -8.8384
v 96.6038 3.3090 -9.1134
v 98.2578 5.3967 -9.3036
v 98.7437 10.6033 -3.6611
v 99.3369 8.0000 -3.6951
v 97.0815 12.6910 -3.5658
v 94.6797 13.8496 -3.4281
v 92.0138 13.8496 -3.2753
v 89.6119 12.6910 -3.1376
v 87.9498 10.6033 -3.0423
v 87.3566 8.0000 -3.0083
v 87.9498 5.3967 -3.0423
v 89.6119 3.3090 -3.1376
v 92.0138 2.1504 -3.2753
v 94.6797 2.1504 -3.4281
v 97.0815 3.3090 -3.5658
v 98.7437 5.3967 -3.6611
v 98.9058 10.6033 2.0000
v 99.5000 8.0000 2.0000
v 97.2409 12.6910 2.0000
v 94.8351 13.8496 2.0000
v 92.1649 13.8496 2.0000
v 89.7591 12.6910 2.0000
v 88.0942 10.6033 2.0000
v 87.5000 8.0000 2.0000
v 88.0942 5.3967 2.0000
v 89.7591 3.3090 2.0000
v 92.1649 2.1504 2.0000
v 94.8351 2.1504 2.0000
v 97.2409 3.3090 2.0000
v 98.9058 5.3967 2.0000
v 98.7437 10.6033 7.6611
v 99.3369 8.0000 7.6951
v 97.0815 12.6910 7.5658
v 94.6797 13.8496 7.4281
v 92.0138 13.8496 7.2753
v 89.6119 12.6910 7.1376
v 87.9498 10.6033 7.0423
v 87.3566 8.0000 7.0083
v 87.9498 5.3967 7.0423
v 89.6119 3.3090 7.1376
v 92.0138 2.1504 7.2753
v 94.6797 2.1504 7.4281
v 97.0815 3.3090 7.5658
v 98.7437 5.3967 7.6611
v 98.2578 10.6033 13.3036
v 98.8481 8.0000 13.3716
v 96.6038 12.6910 13.1134
v 94.2137 13.8496 12.8384
v 91.5610 13.8496 12.5332
v 89.1709 12.6910 12.2583
v 87.5170 10.6033 12.0680
v 86.9267 8.0000 12.0001
v 87.5170 5.3967 12.0680
v 89.1709 3.3090 12.2583
v 91.5610 2.1504 12.5332
v 94.2137 2.1504 12.8384
v 96.6038 3.3090 13.1134
v 98.2578 5.3967 13.3036
v 97.4497 10.6033 18.9091
v 98.0351 8.0000 19.0107
v 95.8093 12.6910 18.6245
v 93.4389 13.8496 18.2132
v 90.8080 13.8496 17.7567
v 88.4376 12.6910 17.3454
v 86.7972 10.6033 17.0607
v 86.2118 8.0000 16.9592
v 86.7972 5.3967 17.0607
v 88.4376 3.3090 17.3454
v 90.8080 2.1504 17.7567
v 93.4389 2.1504 18.2132
v 95.8093 3.3090 18.6245
v 97.4497 5.3967 18.9091
v 96.3221 10.6033 24.4592
v 96.9008 8.0000 24.5941
v 94.7007 12.6910 24.0811
v 92.3577 13.8496 23.5348
v 89.7572 13.8496 22.9285
v 87.4143 12.6910 22.3822
v 85.7929 10.6033 22.0041
v 85.2142 8.0000 21.8692
v 85.7929 5.3967 22.0041
v 87.4143 3.3090 22.3822
v 89.7572 2.1504 22.9285
v 92.3577 2.1504 23.5348
v 94.7007 3.3090 24.0811
v 96.3221 5.3967 24.4592
v 94.8787 10.6033 29.9356
v 95.4487 8.0000 30.1034
v 93.2816 12.6910 29.4653
v 90.9737 13.8496 28.7858
v 88.4122 13.8496 28.0316
v 86.1044 12.6910 27.3521
v 84.5073 10.6033 26.8819
v 83.9373 8.0000 26.7140
v 84.5073 5.3967 26.8819
v 86.1044 3.3090 27.3521
v 88.4122 2.1504 28.0316
v 90.9737 2.1504 28.7858
v 93.2816 3.3090 29.4653
v 94.8787 5.3967 29.9356
v 93.1242 10.6033 35.3204
v 93.6836 8.0000 35.5205
v 91.5566 12.6910 34.7595
v 89.2914 13.8496 33.9490
v 86.7773 13.8496 33.0494
v 84.5121 12.6910 32.2389
v 82.9446 10.6033 31.6780
v 82.3851 8.0000 31.4779
v 82.9446 5.3967 31.6780
v 84.5121 3.3090 32.2389
v 86.7773 2.1504 33.0494
v 89.2914 2.1504 33.9490
v 91.5566 3.3090 34.7595
v 93.1242 5.3967 35.3204
v 91.0643 10.6033 40.5959
v 91.6114 8.0000 40.8278
v 89.5315 12.6910 39.9462
v 87.3164 13.8496 39.0074
v 84.8578 13.8496 37.9654
v 82.6428 12.6910 37.0266
v 81.1099 10.6033 36.3769
v 80.5628 8.0000 36.1450
v 81.1099 5.3967 36.3769
v 82.6428 3.3090 37.0266
v 84.8578 2.1504 37.9654
v 87.3164 2.1504 39.0074
v 89.5315 3.3090 39.9462
v 91.0643 5.3967 40.5959
v 88.7059 10.6033 45.7449
v 89.2388 8.0000 46.0077
v 87.2127 12.6910 45.0086
v 85.0550 13.8496 43.9445
v 82.6602 13.8496 42.7635
v 80.5025 12.6910 41.6994
v 79.0093 10.6033 40.9631
v 78.4764 8.0000 40.7003
v 79.0093 5.3967 40.9631
v 80.5025 3.3090 41.6994
v 82.6602 2.1504 42.7635
v 85.0550 2.1504 43.9445
v 87.2127 3.3090 45.0086
v 88.7059 5.3967 45.7449
v 86.0567 10.6033 50.7505
v 86.5737 8.0000 51.0434
v 84.6081 12.6910 49.9299
v 82.5148 13.8496 48.7441
v 80.1915 13.8496 47.4279
v 78.0982 12.6910 46.2421
v 76.6496 10.6033 45.4215
v 76.1326 8.0000 45.1286
v 76.6496 5.3967 45.4215
v 78.0982 3.3090 46.2421
v 80.1915 2.1504 47.4279
v 82.5148 2.1504 48.7441
v 84.6081 3.3090 49.9299
v 86.0567 5.3967 50.7505
v 83.1252 10.6033 55.5962
v 83.6246 8.0000 55.9182
v 81.7260 12.6910 54.6940
v 79.7040 13.8496 53.3904
v 77.4598 13.8496 51.9434
v 75.4379 12.6910 50.6397
v 74.0386 10.6033 49.7375
v 73.5392 8.0000 49.4155
v 74.0386 5.3967 49.7375
v 75.4379 3.3090 50.6397
v 77.4598 2.1504 51.9434
v 79.7040 2.1504 53.3904
v 81.7260 3.3090 54.6940
v 83.1252 5.3967 55.5962
v 79.9213 10.6033 60.2662
v 80.4014 8.0000 60.6163
v 78.5759 12.6910 59.2854
v 76.6319 13.8496 57.8682
v 74.4742 13.8496 56.2951
v 72.5302 12.6910 54.8778
v 71.1849 10.6033 53.8970
v 70.7047 8.0000 53.5470
v 71.1849 5.3967 53.8970
v 72.5302 3.3090 54.8778
v 74.4742 2.1504 56.2951
v 76.6319 2.1504 57.8682
v 78.5759 3.3090 59.2854
v 79.9213 5.3967 60.2662
v 76.4552 10.6033 64.7452
v 76.9145 8.0000 65.1221
v 75.1683 12.6910 63.6890
v 73.3085 13.8496 62.1628
v 71.2444 13.8496 60.4688
v 69.3847 12.6910 58.9425
v 68.0977 10.6033 57.8864
v 67.6384 8.0000 57.5094
v 68.0977 5.3967 57.8864
v 69.3847 3.3090 58.9425
v 71.2444 2.1504 60.4688
v 73.3085 2.1504 62.1628
v 75.1683 3.3090 63.6890
v 76.4552 5.3967 64.7452
v 72.7385 10.6033 69.0184
v 73.1755 8.0000 69.4210
v 71.5141 12.6910 67.8903
v 69.7448 13.8496 66.2601
v 67.7810 13.8496 64.4508
v 66.0117 12.6910 62.8206
v 64.7873 10.6033 61.6925
v 64.3503 8.0000 61.2899
v 64.7873 5.3967 61.6925
v 66.0117 3.3090 62.8206
v 67.7810 2.1504 64.4508
v 69.7448 2.1504 66.2601
v 71.5141 3.3090 67.8903
v 72.7385 5.3967 69.0184
v 68.7833 10.6033 73.0719
v 69.1965 8.0000 73.4989
v 67.6255 12.6910 71.8756
v 65.9524 13.8496 70.1468
v 64.0954 13.8496 68.2280
v 62.4223 12.6910 66.4992
v 61.2645 10.6033 65.3029
v 60.8512 8.0000 64.8759
v 61.2645 5.3967 65.3029
v 62.4223 3.3090 66.4992
v 64.0954 2.1504 68.2280
v 65.9524 2.1504 70.1468
v 67.6255 3.3090 71.8756
v 68.7833 5.3967 73.0719
v 64.6026 10.6033 76.8924
v 64.9907 8.0000 77.3423
v 63.5151 12.6910 75.6317
v 61.9437 13.8496 73.8100
v 60.1996 13.8496 71.7881
v 58.6282 12.6910 69.9664
v 57.5407 10.6033 68.7057
v 57.1526 8.0000 68.2558
v 57.5407 5.3967 68.7057
v 58.6282 3.3090 69.9664
v 60.1996 2.1504 71.7881
v 61.9437 2.1504 73.8100
v 63.5151 3.3090 75.6317
v 64.6026 5.3967 76.8924
v 60.2100 10.6033 80.4673
v 60.5718 8.0000 80.9387
v 59.1965 12.6910 79.1464
v 57.7320 13.8496 77.2378
v 56.1064 13.8496 75.1193
v 54.6419 12.6910 73.2107
v 53.6283 10.6033 71.8898
v 53.2666 8.0000 71.4184
v 53.6283 5.3967 71.8898
v 54.6419 3.3090 73.2107
v 56.1064 2.1504 75.1193
v 57.7320 2.1504 77.2378
v 59.1965 3.3090 79.1464
v 60.2100 5.3967 80.4673
v 55.6201 10.6033 83.7849
v 55.9542 8.0000 84.2762
v 54.6838 12.6910 82.4082
v 53.3309 13.8496 80.4188
v 51.8293 13.8496 78.2108
v 50.4764 12.6910 76.2215
v 49.5401 10.6033 74.8448
v 49.2060 8.0000 74.3535
v 49.5401 5.3967 74.8448
v 50.4764 3.3090 76.2215
v 51.8293 2.1504 78.2108
v 53.3309 2.1504 80.4188
v 54.6838 3.3090 82.4082
v 55.6201 5.3967 83.7849
v 50.8477 10.6033 86.8343
v 51.1532 8.0000 87.3440
v 49.9918 12.6910 85.4063
v 48.7550 13.8496 83.3428
v 47.3822 13.8496 81.0524
v 46.1454 12.6910 78.9889
v 45.2895 10.6033 77.5609
v 44.9840 8.0000 77.0513
v 45.2895 5.3967 77.5609
v 46.1454 3.3090 78.9889
v 47.3822 2.1504 81.0524
v 48.7550 2.1504 83.3428
v 49.9918 3.3090 85.4063
v 50.8477 5.3967 86.8343
v 45.9087 10.6033 89.6057
v 46.1845 8.0000 90.1320
v 45.1359 12.6910 88.1310
v 44.0192 13.8496 86.0001
v 42.7798 13.8496 83.6349
v 41.6631 12.6910 81.5039
v 40.8903 10.6033 80.0293
v 40.6145 8.0000 79.5030
v 40.8903 5.3967 80.0293
v 41.6631 3.3090 81.5039
v 42.7798 2.1504 83.6349
v 44.0192 2.1504 86.0001
v 45.1359 3.3090 88.1310
v 45.9087 5.3967 89.6057
v 40.8191 10.6033 92.0897
v 41.0643 8.0000 92.6310
v 40.1320 12.6910 90.5733
v 39.1391 13.8496 88.3819
v 38.0371 13.8496 85.9497
v 37.0442 12.6910 83.7583
v 36.3571 10.6033 82.2418
v 36.1119 8.0000 81.7006
v 36.3571 5.3967 82.2418
v 37.0442 3.3090 83.7583
v 38.0371 2.1504 85.9497
v 39.1391 2.1504 88.3819
v 40.1320 3.3090 90.5733
v 40.8191 5.3967 92.0897
v 35.5957 10.6033 94.2784
v 35.8096 8.0000 94.8328
v 34.9965 12.6910 92.7251
v 34.1307 13.8496 90.4805
v 33.1697 13.8496 87.9892
v 32.3038 12.6910 85.7446
v 31.7047 10.6033 84.1912
v 31.4908 8.0000 83.6369
v 31.7047 5.3967 84.1912
v 32.3038 3.3090 85.7446
v 33.1697 2.1504 87.9892
v 34.1307 2.1504 90.4805
v 34.9965 3.3090 92.7251
v 35.5957 5.3967 94.2784
v 30.2556 10.6033 96.1645
v 30.4374 8.0000 96.7302
v 29.7463 12.6910 94.5795
v 29.0104 13.8496 92.2890
v 28.1935 13.8496 89.7467
v 27.4576 12.6910 87.4563
v 26.9483 10.6033 85.8712
v 26.7665 8.0000 85.3055
v 26.9483 5.3967 85.8712
v 27.4576 3.3090 87.4563
v 28.1935 2.1504 89.7467
v 29.0104 2.1504 92.2890
v 29.7463 3.3090 94.5795
v 30.2556 5.3967 96.1645
v 24.8163 10.6033 97.7419
v 24.9653 8.0000 98.3171
v 24.3985 12.6910 96.1303
v 23.7949 13.8496 93.8014
v 23.1249 13.8496 91.2166
v 22.5213 12.6910 88.8878
v 22.1035 10.6033 87.2761
v 21.9545 8.0000 86.7010
v 22.1035 5.3967 87.2761
v 22.5213 3.3090 88.8878
v 23.1249 2.1504 91.2166
v 23.7949 2.1504 93.8014
v 24.3985 3.3090 96.1303
v 24.8163 5.3967 97.7419
v 19.2956 10.6033 99.0054
v 19.4115 8.0000 99.5881
v 18.9708 12.6910 97.3725
v 18.5014 13.8496 95.0129
v 17.9805 13.8496 92.3940
v 17.5111 12.6910 90.0344
v 17.1863 10.6033 88.4015
v 17.0704 8.0000 87.8187
v 17.1863 5.3967 88.4015
v 17.5111 3.3090 90.0344
v 17.9805 2.1504 92.3940
v 18.5014 2.1504 95.0129
v 18.9708 3.3090 97.3725
v 19.2956 5.3967 99.0054
v 13.7116 10.6033 99.9508
v 13.7940 8.0000 100.5392
v 13.4808 12.6910 98.3020
v 13.1473 13.8496 95.9194
v 12.7771 13.8496 93.2749
v 12.4436 12.6910 90.8923
v 12.2128 10.6033 89.2435
v 12.1304 8.0000 88.6551
v 12.2128 5.3967 89.2435
v 12.4436 3.3090 90.8923
v 12.7771 2.1504 93.2749
v 13.1473 2.1504 95.9194
v 13.4808 3.3090 98.3020
v 13.7116 5.3967 99.9508
v 8.0827 10.6033 100.5750
v 8.1312 8.0000 101.1672
v 7.9466 12.6910 98.9157
v 7.7500 13.8496 96.5179
v 7.5318 13.8496 93.8566
v 7.3352 12.6910 91.4588
v 7.1992 10.6033 89.7995
v 7.1506 8.0000 89.2073
v 7.1992 5.3967 89.7995
v 7.3352 3.3090 91.4588
v 7.5318 2.1504 93.8566
v 7.7500 2.1504 96.5179
v 7.9466 3.3090 98.9157
v 8.0827 5.3967 100.5750
v 2.4273 10.6033 100.8760
v 2.4419 8.0000 101.4700
v 2.3864 12.6910 99.2117
v 2.3274 13.8496 96.8066
v 2.2618 13.8496 94.1371
v 2.2028 12.6910 91.7320
v 2.1619 10.6033 90.0677
v 2.1474 8.0000 89.4736
v 2.1619 5.3967 90.0677
v 2.2028 3.3090 91.7320
v 2.2618 2.1504 94.1371
v 2.3274 2.1504 96.8066
v 2.3864 3.3090 99.2117
v 2.4273 5.3967 100.8760
v -3.2361 10.6033 100.8529
v -3.2555 8.0000 101.4467
v -3.1816 12.6910 99.1889
v -3.1029 13.8496 96.7843
v -3.0156 13.8496 94.1155
v -2.9368 12.6910 91.7110
v -2.8824 10.6033 90.0470
v -2.8629 8.0000 89.4532
v -2.8824 5.3967 90.0470
v -2.9368 3.3090 91.7110
v -3.0156 2.1504 94.1155
v -3.1029 2.1504 96.7843
v -3.1816 3.3090 99.1889
v -3.2361 5.3967 100.8529
v -8.8889 10.6033 100.5056
v -8.9423 8.0000 101.0974
v -8.7392 12.6910 98.8474
v -8.5230 13.8496 96.4514
v -8.2831 13.8496 93.7919
v -8.0668 12.6910 91.3958
v -7.9172 10.6033 89.7377
v -7.8638 8.0000 89.1459
v -7.9172 5.3967 89.7377
v -8.0668 3.3090 91.3958
v -8.2831 2.1504 93.7919
v -8.5230 2.1504 96.4514
v -8.7392 3.3090 98.8474
v -8.8889 5.3967 100.5056
v -14.5125 10.6033 99.8353
v -14.5997 8.0000 100.4231
v -14.2682 12.6910 98.1885
v -13.9152 13.8496 95.8087
v -13.5234 13.8496 93.1673
v -13.1704 12.6910 90.7876
v -12.9261 10.6033 89.1407
v -12.8389 8.0000 88.5529
v -12.9261 5.3967 89.1407
v -13.1704 3.3090 90.7876
v -13.5234 2.1504 93.1673
v -13.9152 2.1504 95.8087
v -14.2682 3.3090 98.1885
v -14.5125 5.3967 99.8353
v -20.0885 10.6033 98.8443
v -20.2092 8.0000 99.4261
v -19.7504 12.6910 97.2141
v -19.2617 13.8496 94.8584
v -18.7194 13.8496 92.2438
v -18.2308 12.6910 89.8882
v -17.8926 10.6033 88.2580
v -17.7719 8.0000 87.6762
v -17.8926 5.3967 88.2580
v -18.2308 3.3090 89.8882
v -18.7194 2.1504 92.2438
v -19.2617 2.1504 94.8584
v -19.7504 3.3090 97.2141
v -20.0885 5.3967 98.8443
v -25.5987 10.6033 97.5357
v -25.7525 8.0000 98.1096
v -25.1678 12.6910 95.9275
v -24.5451 13.8496 93.6037
v -23.8540 13.8496 91.0244
v -23.2314 12.6910 88.7006
v -22.8005 10.6033 87.0925
v -22.6467 8.0000 86.5185
v -22.8005 5.3967 87.0925
v -23.2314 3.3090 88.7006
v -23.8540 2.1504 91.0244
v -24.5451 2.1504 93.6037
v -25.1678 3.3090 95.9275
v -25.5987 5.3967 97.5357
v -24.1996 8.0000 -88.3141
v -24.1996 8.0000 92.3141
v 0.0000 22.0000 95.0000
v 4.7402 21.8177 95.5410
v 4.8621 21.8177 95.0000
v 4.3806 21.8177 96.0548
v 3.8014 21.8177 96.5158
v 3.0315 21.8177 96.9007
v 2.1096 21.8177 97.1903
v 1.0819 21.8177 97.3701
v 0.0000 21.8177 97.4311
v -1.0819 21.8177 97.3701
v -2.1096 21.8177 97.1903
v -3.0315 21.8177 96.9007
v -3.8014 21.8177 96.5158
v -4.3806 21.8177 96.0548
v -4.7402 21.8177 95.5410
v -4.8621 21.8177 95.0000
v -4.7402 21.8177 94.4590
v -4.3806 21.8177 93.9452
v -3.8014 21.8177 93.4842
v -3.0315 21.8177 93.0993
v -2.1096 21.8177 92.8097
v -1.0819 21.8177 92.6299
v -0.0000 21.8177 92.5689
v 1.0819 21.8177 92.6299
v 2.1096 21.8177 92.8097
v 3.0315 21.8177 93.0993
v 3.8014 21.8177 93.4842
v 4.3806 21.8177 93.9452
v 4.7402 21.8177 94.4590
v 9.3365 21.2763 96.0655
v 9.5766 21.2763 95.0000
v 8.6282 21.2763 97.0776
v 7.4873 21.2763 97.9854
v 5.9709 21.2763 98.7436
v 4.1551 21.2763 99.3141
v 2.1310 21.2763 99.6682
v 0.0000 21.2763 99.7883
v -2.1310 21.2763 99.6682
v -4.1551 21.2763 99.3141
v -5.9709 21.2763 98.7436
v -7.4873 21.2763 97.9854
v -8.6282 21.2763 97.0776
v -9.3365 21.2763 96.0655
v -9.5766 21.2763 95.0000
v -9.3365 21.2763 93.9345
v -8.6282 21.2763 92.9224
v -7.4873 21.2763 92.0146
v -5.9709 21.2763 91.2564
v -4.1551 21.2763 90.6859
v -2.1310 21.2763 90.3318
v -0.0000 21.2763 90.2117
v 2.1310 21.2763 90.3318
v 4.1551 21.2763 90.6859
v 5.9709 21.2763 91.2564
v 7.4873 21.2763 92.0146
v 8.6282 21.2763 92.9224
v 9.3365 21.2763 93.9345
v 13.6490 20.3923 96.5576
v 14.0000 20.3923 95.0000
v 12.6136 20.3923 98.0372
v 10.9456 20.3923 99.3644
v 8.7289 20.3923 100.4728
v 6.0744 20.3923 101.3068
v 3.1153 20.3923 101.8245
v 0.0000 20.3923 102.0000
v -3.1153 20.3923 101.8245
v -6.0744 20.3923 101.3068
v -8.7289 20.3923 100.4728
v -10.9456 20.3923 99.3644
v -12.6136 20.3923 98.0372
v -13.6490 20.3923 96.5576
v -14.0000 20.3923 95.0000
v -13.6490 20.3923 93.4424
v -12.6136 20.3923 91.9628
v -10.9456 20.3923 90.6356
v -8.7289 20.3923 89.5272
v -6.0744 20.3923 88.6932
v -3.1153 20.3923 88.1755
v -0.0000 20.3923 88.0000
v 3.1153 20.3923 88.1755
v 6.0744 20.3923 88.6932
v 8.7289 20.3923 89.5272
v 10.9456 20.3923 90.6356
v 12.6136 20.3923 91.9628
v 13.6490 20.3923 93.4424
v 17.5468 19.1925 97.0025
v 17.9981 19.1925 95.0000
v 16.2157 19.1925 98.9045
v 14.0714 19.1925 100.6108
v 11.2216 19.1925 102.0357
v 7.8091 19.1925 103.1078
v 4.0049 19.1925 103.7734
v 0.0000 19.1925 103.9990
v -4.0049 19.1925 103.7734
v -7.8091 19.1925 103.1078
v -11.2216 19.1925 102.0357
v -14.0714 19.1925 100.6108
v -16.2157 19.1925 98.9045
v -17.5468 19.1925 97.0025
v -17.9981 19.1925 95.0000
v -17.5468 19.1925 92.9975
v -16.2157 19.1925 91.0955
v -14.0714 19.1925 89.3892
v -11.2216 19.1925 87.9643
v -7.8091 19.1925 86.8922
v -4.0049 19.1925 86.2266
v -0.0000 19.1925 86.0010
v 4.0049 19.1925 86.2266
v 7.8091 19.1925 86.8922
v 11.2216 19.1925 87.9643
v 14.0714 19.1925 89.3892
v 16.2157 19.1925 91.0955
v 17.5468 19.1925 92.9975
v 20.9115 17.7135 97.3865
v 21.4492 17.7135 95.0000
v 19.3251 17.7135 99.6532
v 16.7697 17.7135 101.6867
v 13.3734 17.7135 103.3848
v 9.3065 17.7135 104.6626
v 4.7729 17.7135 105.4557
v 0.0000 17.7135 105.7246
v -4.7729 17.7135 105.4557
v -9.3065 17.7135 104.6626
v -13.3734 17.7135 103.3848
v -16.7697 17.7135 101.6867
v -19.3251 17.7135 99.6532
v -20.9115 17.7135 97.3865
v -21.4492 17.7135 95.0000
v -20.9115 17.7135 92.6135
v -19.3251 17.7135 90.3468
v -16.7697 17.7135 88.3133
v -13.3734 17.7135 86.6152
v -9.3065 17.7135 85.3374
v -4.7729 17.7135 84.5443
v -0.0000 17.7135 84.2754
v 4.7729 17.7135 84.5443
v 9.3065 17.7135 85.3374
v 13.3734 17.7135 86.6152
v 16.7697 17.7135 88.3133
v 19.3251 17.7135 90.3468
v 20.9115 17.7135 92.6135
v 23.6407 16.0000 97.6979
v 24.2487 16.0000 95.0000
v 21.8473 16.0000 100.2606
v 18.9584 16.0000 102.5594
v 15.1188 16.0000 104.4792
v 10.5211 16.0000 105.9237
v 5.3958 16.0000 106.8204
v 0.0000 16.0000 107.1244
v -5.3958 16.0000 106.8204
v -10.5211 16.0000 105.9237
v -15.1188 16.0000 104.4792
v -18.9584 16.0000 102.5594
v -21.8473 16.0000 100.2606
v -23.6407 16.0000 97.6979
v -24.2487 16.0000 95.0000
v -23.6407 16.0000 92.3021
v -21.8473 16.0000 89.7394
v -18.9584 16.0000 87.4406
v -15.1188 16.0000 85.5208
v -10.5211 16.0000 84.0763
v -5.3958 16.0000 83.1796
v -0.0000 16.0000 82.8756
v 5.3958 16.0000 83.1796
v 10.5211 16.0000 84.0763
v 15.1188 16.0000 85.5208
v 18.9584 16.0000 87.4406
v 21.8473 16.0000 89.7394
v 23.6407 16.0000 92.3021
v 25.6517 14.1042 97.9274
v 26.3114 14.1042 95.0000
v 23.7057 14.1042 100.7080
v 20.5711 14.1042 103.2024
v 16.4049 14.1042 105.2855
v 11.4161 14.1042 106.8529
v 5.8548 14.1042 107.8259
v 0.0000 14.1042 108.1557
v -5.8548 14.1042 107.8259
v -11.4161 14.1042 106.8529
v -16.4049 14.1042 105.2855
v -20.5711 14.1042 103.2024
v -23.7057 14.1042 100.7080
v -25.6517 14.1042 97.9274
v -26.3114 14.1042 95.0000
v -25.6517 14.1042 92.0726
v -23.7057 14.1042 89.2920
v -20.5711 14.1042 86.7976
v -16.4049 14.1042 84.7145
v -11.4161 14.1042 83.1471
v -5.8548 14.1042 82.1741
v -0.0000 14.1042 81.8443
v 5.8548 14.1042 82.1741
v 11.4161 14.1042 83.1471
v 16.4049 14.1042 84.7145
v 20.5711 14.1042 86.7976
v 23.7057 14.1042 89.2920
v 25.6517 14.1042 92.0726
v 26.8833 12.0838 98.0680
v 27.5746 12.0838 95.0000
v 24.8439 12.0838 100.9821
v 21.5587 12.0838 103.5962
v 17.1925 12.0838 105.7794
v 11.9642 12.0838 107.4219
v 6.1359 12.0838 108.4416
v 0.0000 12.0838 108.7873
v -6.1359 12.0838 108.4416
v -11.9642 12.0838 107.4219
v -17.1925 12.0838 105.7794
v -21.5587 12.0838 103.5962
v -24.8439 12.0838 100.9821
v -26.8833 12.0838 98.0680
v -27.5746 12.0838 95.0000
v -26.8833 12.0838 91.9320
v -24.8439 12.0838 89.0179
v -21.5587 12.0838 86.4038
v -17.1925 12.0838 84.2206
v -11.9642 12.0838 82.5781
v -6.1359 12.0838 81.5584
v -0.0000 12.0838 81.2127
v 6.1359 12.0838 81.5584
v 11.9642 12.0838 82.5781
v 17.1925 12.0838 84.2206
v 21.5587 12.0838 86.4038
v 24.8439 12.0838 89.0179
v 26.8833 12.0838 91.9320
v 27.2980 10.0000 98.1153
v 28.0000 10.0000 95.0000
v 25.2271 10.0000 101.0744
v 21.8913 10.0000 103.7289
v 17.4577 10.0000 105.9456
v 12.1487 10.0000 107.6136
v 6.2306 10.0000 108.6490
v 0.0000 10.0000 109.0000
v -6.2306 10.0000 108.6490
v -12.1487 10.0000 107.6136
v -17.4577 10.0000 105.9456
v -21.8913 10.0000 103.7289
v -25.2271 10.0000 101.0744
v -27.2980 10.0000 98.1153
v -28.0000 10.0000 95.0000
v -27.2980 10.0000 91.8847
v -25.2271 10.0000 88.9256
v -21.8913 10.0000 86.2711
v -17.4577 10.0000 84.0544
v -12.1487 10.0000 82.3864
v -6.2306 10.0000 81.3510
v -0.0000 10.0000 81.0000
v 6.2306 10.0000 81.3510
v 12.1487 10.0000 82.3864
v 17.4577 10.0000 84.0544
v 21.8913 10.0000 86.2711
v 25.2271 10.0000 88.9256
v 27.2980 10.0000 91.8847
v 26.8833 7.9162 98.0680
v 27.5746 7.9162 95.0000
v 24.8439 7.9162 100.9821
v 21.5587 7.9162 103.5962
v 17.1925 7.9162 105.7794
v 11.9642 7.9162 107.4219
v 6.1359 7.9162 108.4416
v 0.0000 7.9162 108.7873
v -6.1359 7.9162 108.4416
v -11.9642 7.9162 107.4219
v -17.1925 7.9162 105.7794
v -21.5587 7.9162 103.5962
v -24.8439 7.9162 100.9821
v -26.8833 7.9162 98.0680
v -27.5746 7.9162 95.0000
v -26.8833 7.9162 91.9320
v -24.8439 7.9162 89.0179
v -21.5587 7.9162 86.4038
v -17.1925 7.9162 84.2206
v -11.9642 7.9162 82.5781
v -6.1359 7.9162 81.5584
v -0.0000 7.9162 81.2127
v 6.1359 7.9162 81.5584
v 11.9642 7.9162 82.5781
v 17.1925 7.9162 84.2206
v 21.5587 7.9162 86.4038
v 24.8439 7.9162 89.0179
v 26.8833 7.9162 91.9320
v 25.6517 5.8958 97.9274
v 26.3114 5.8958 95.0000
v 23.7057 5.8958 100.7080
v 20.5711 5.8958 103.2024
v 16.4049 5.8958 105.2855
v 11.4161 5.8958 106.8529
v 5.8548 5.8958 107.8259
v 0.0000 5.8958 108.1557
v -5.8548 5.8958 107.8259
v -11.4161 5.8958 106.8529
v -16.4049 5.8958 105.2855
v -20.5711 5.8958 103.2024
v -23.7057 5.8958 100.7080
v -25.6517 5.8958 97.9274
v -26.3114 5.8958 95.0000
v -25.6517 5.8958 92.0726
v -23.7057 5.8958 89.2920
v -20.5711 5.8958 86.7976
v -16.4049 5.8958 84.7145
v -11.4161 5.8958 83.1471
v -5.8548 5.8958 82.1741
v -0.0000 5.8958 81.8443
v 5.8548 5.8958 82.1741
v 11.4161 5.8958 83.1471
v 16.4049 5.8958 84.7145
v 20.5711 5.8958 86.7976
v 23.7057 5.8958 89.2920
v 25.6517 5.8958 92.0726
v 23.6407 4.0000 97.6979
v 24.2487 4.0000 95.0000
v 21.8473 4.0000 100.2606
v 18.9584 4.0000 102.5594
v 15.1188 4.0000 104.4792
v 10.5211 4.0000 105.9237
v 5.3958 4.0000 106.8204
v 0.0000 4.0000 107.1244
v -5.3958 4.0000 106.8204
v -10.5211 4.0000 105.9237
v -15.1188 4.0000 104.4792
v -18.9584 4.0000 102.5594
v -21.8473 4.0000 100.2606
v -23.6407 4.0000 97.6979
v -24.2487 4.0000 95.0000
v -23.6407 4.0000 92.3021
v -21.8473 4.0000 89.7394
v -18.9584 4.0000 87.4406
v -15.1188 4.0000 85.5208
v -10.5211 4.0000 84.0763
v -5.3958 4.0000 83.1796
v -0.0000 4.0000 82.8756
v 5.3958 4.0000 83.1796
v 10.5211 4.0000 84.0763
v 15.1188 4.0000 85.5208
v 18.9584 4.0000 87.4406
v 21.8473 4.0000 89.7394
v 23.6407 4.0000 92.3021
v 20.9115 2.2865 97.3865
v 21.4492 2.2865 95.0000
v 19.3251 2.2865 99.6532
v 16.7697 2.2865 101.6867
v 13.3734 2.2865 103.3848
v 9.3065 2.2865 104.6626
v 4.7729 2.2865 105.4557
v 0.0000 2.2865 105.7246
v -4.7729 2.2865 105.4557
v -9.3065 2.2865 104.6626
v -13.3734 2.2865 103.3848
v -16.7697 2.2865 101.6867
v -19.3251 2.2865 99.6532
v -20.9115 2.2865 97.3865
v -21.4492 2.2865 95.0000
v -20.9115 2.2865 92.6135
v -19.3251 2.2865 90.3468
v -16.7697 2.2865 88.3133
v -13.3734 2.2865 86.6152
v -9.3065 2.2865 85.3374
v -4.7729 2.2865 84.5443
v -0.0000 2.2865 84.2754
v 4.7729 2.2865 84.5443
v 9.3065 2.2865 85.3374
v 13.3734 2.2865 86.6152
v 16.7697 2.2865 88.3133
v 19.3251 2.2865 90.3468
v 20.9115 2.2865 92.6135
v 17.5468 0.8075 97.0025
v 17.9981 0.8075 95.0000
v 16.2157 0.8075 98.9045
v 14.0714 0.8075 100.6108
v 11.2216 0.8075 102.0357
v 7.8091 0.8075 103.1078
v 4.0049 0.8075 103.7734
v 0.0000 0.8075 103.9990
v -4.0049 0.8075 103.7734
v -7.8091 0.8075 103.1078
v -11.2216 0.8075 102.0357
v -14.0714 0.8075 100.6108
v -16.2157 0.8075 98.9045
v -17.5468 0.8075 97.0025
v -17.9981 0.8075 95.0000
v -17.5468 0.8075 92.9975
v -16.2157 0.8075 91.0955
v -14.0714 0.8075 89.3892
v -11.2216 0.8075 87.9643
v -7.8091 0.8075 86.8922
v -4.0049 0.8075 86.2266
v -0.0000 0.8075 86.0010
v 4.0049 0.8075 86.2266
v 7.8091 0.8075 86.8922
v 11.2216 0.8075 87.9643
v 14.0714 0.8075 89.3892
v 16.2157 0.8075 91.0955
v 17.5468 0.8075 92.9975
v 13.6490 -0.3923 96.5576
v 14.0000 -0.3923 95.0000
v 12.6136 -0.3923 98.0372
v 10.9456 -0.3923 99.3644
v 8.7289 -0.3923 100.4728
v 6.0744 -0.3923 101.3068
v 3.1153 -0.3923 101.8245
v 0.0000 -0.3923 102.0000
v -3.1153 -0.3923 101.8245
v -6.0744 -0.3923 101.3068
v -8.7289 -0.3923 100.4728
v -10.9456 -0.3923 99.3644
v -12.6136 -0.3923 98.0372
v -13.6490 -0.3923 96.5576
v -14.0000 -0.3923 95.0000
v -13.6490 -0.3923 93.4424
v -12.6136 -0.3923 91.9628
v -10.9456 -0.3923 90.6356
v -8.7289 -0.3923 89.5272
v -6.0744 -0.3923 88.6932
v -3.1153 -0.3923 88.1755
v -0.0000 -0.3923 88.0000
v 3.1153 -0.3923 88.1755
v 6.0744 -0.3923 88.6932
v 8.7289 -0.3923 89.5272
v 10.9456 -0.3923 90.6356
v 12.6136 -0.3923 91.9628
v 13.6490 -0.3923 93.4424
v 9.3365 -1.2763 96.0655
v 9.5766 -1.2763 95.0000
v 8.6282 -1.2763 97.0776
v 7.4873 -1.2763 97.9854
v 5.9709 -1.2763 98.7436
v 4.1551 -1.2763 99.3141
v 2.1310 -1.2763 99.6682
v 0.0000 -1.2763 99.7883
v -2.1310 -1.2763 99.6682
v -4.1551 -1.2763 99.3141
v -5.9709 -1.2763 98.7436
v -7.4873 -1.2763 97.9854
v -8.6282 -1.2763 97.0776
v -9.3365 -1.2763 96.0655
v -9.5766 -1.2763 95.0000
v -9.3365 -1.2763 93.9345
v -8.6282 -1.2763 92.9224
v -7.4873 -1.2763 92.0146
v -5.9709 -1.2763 91.2564
v -4.1551 -1.2763 90.6859
v -2.1310 -1.2763 90.3318
v -0.0000 -1.2763 90.2117
v 2.1310 -1.2763 90.3318
v 4.1551 -1.2763 90.6859
v 5.9709 -1.2763 91.2564
v 7.4873 -1.2763 92.0146
v 8.6282 -1.2763 92.9224
v 9.3365 -1.2763 93.9345
v 4.7402 -1.8177 95.5410
v 4.8621 -1.8177 95.0000
v 4.3806 -1.8177 96.0548
v 3.8014 -1.8177 96.5158
v 3.0315 -1.8177 96.9007
v 2.1096 -1.8177 97.1903
v 1.0819 -1.8177 97.3701
v 0.0000 -1.8177 97.4311
v -1.0819 -1.8177 97.3701
v -2.1096 -1.8177 97.1903
v -3.0315 -1.8177 96.9007
v -3.8014 -1.8177 96.5158
v -4.3806 -1.8177 96.0548
v -4.7402 -1.8177 95.5410
v -4.8621 -1.8177 95.0000
v -4.7402 -1.8177 94.4590
v -4.3806 -1.8177 93.9452
v -3.8014 -1.8177 93.4842
v -3.0315 -1.8177 93.0993
v -2.1096 -1.8177 92.8097
v -1.0819 -1.8177 92.6299
v -0.0000 -1.8177 92.5689
v 1.0819 -1.8177 92.6299
v 2.1096 -1.8177 92.8097
v 3.0315 -1.8177 93.0993
v 3.8014 -1.8177 93.4842
v 4.3806 -1.8177 93.9452
v 4.7402 -1.8177 94.4590
v 0.0000 -2.0000 95.0000
v -11.0000 8.5000 103.0000
v 11.0000 8.5000 103.0000
v 11.0000 11.5000 103.0000
v -11.0000 11.5000 103.0000
v -11.0000 8.5000 113.0000
v -11.0000 11.5000 113.0000
v 11.0000 11.5000 113.0000
v 11.0000 8.5000 113.0000
v 0.0000 16.2000 109.0000
v 0.9136 16.0923 109.2602
v 0.9889 16.0923 109.0000
v 0.6992 16.0923 109.4807
v 0.3784 16.0923 109.6281
v 0.0000 16.0923 109.6798
v -0.3784 16.0923 109.6281
v -0.6992 16.0923 109.4807
v -0.9136 16.0923 109.2602
v -0.9889 16.0923 109.0000
v -0.9136 16.0923 108.7398
v -0.6992 16.0923 108.5193
v -0.3784 16.0923 108.3719
v -0.0000 16.0923 108.3202
v 0.3784 16.0923 108.3719
v 0.6992 16.0923 108.5193
v 0.9136 16.0923 108.7398
v 1.7377 15.7798 109.4949
v 1.8809 15.7798 109.0000
v 1.3300 15.7798 109.9144
v 0.7198 15.7798 110.1947
v 0.0000 15.7798 110.2931
v -0.7198 15.7798 110.1947
v -1.3300 15.7798 109.9144
v -1.7377 15.7798 109.4949
v -1.8809 15.7798 109.0000
v -1.7377 15.7798 108.5051
v -1.3300 15.7798 108.0856
v -0.7198 15.7798 107.8053
v -0.0000 15.7798 107.7069
v 0.7198 15.7798 107.8053
v 1.3300 15.7798 108.0856
v 1.7377 15.7798 108.5051
v 2.3918 15.2931 109.6811
v 2.5889 15.2931 109.0000
v 1.8306 15.2931 110.2585
v 0.9907 15.2931 110.6444
v 0.0000 15.2931 110.7798
v -0.9907 15.2931 110.6444
v -1.8306 15.2931 110.2585
v -2.3918 15.2931 109.6811
v -2.5889 15.2931 109.0000
v -2.3918 15.2931 108.3189
v -1.8306 15.2931 107.7415
v -0.9907 15.2931 107.3556
v -0.0000 15.2931 107.2202
v 0.9907 15.2931 107.3556
v 1.8306 15.2931 107.7415
v 2.3918 15.2931 108.3189
v 2.8117 14.6798 109.8007
v 3.0434 14.6798 109.0000
v 2.1520 14.6798 110.4795
v 1.1647 14.6798 110.9331
v 0.0000 14.6798 111.0923
v -1.1647 14.6798 110.9331
v -2.1520 14.6798 110.4795
v -2.8117 14.6798 109.8007
v -3.0434 14.6798 109.0000
v -2.8117 14.6798 108.1993
v -2.1520 14.6798 107.5205
v -1.1647 14.6798 107.0669
v -0.0000 14.6798 106.9077
v 1.1647 14.6798 107.0669
v 2.1520 14.6798 107.5205
v 2.8117 14.6798 108.1993
v 2.9564 14.0000 109.8419
v 3.2000 14.0000 109.0000
v 2.2627 14.0000 110.5556
v 1.2246 14.0000 111.0325
v 0.0000 14.0000 111.2000
v -1.2246 14.0000 111.0325
v -2.2627 14.0000 110.5556
v -2.9564 14.0000 109.8419
v -3.2000 14.0000 109.0000
v -2.9564 14.0000 108.1581
v -2.2627 14.0000 107.4444
v -1.2246 14.0000 106.9675
v -0.0000 14.0000 106.8000
v 1.2246 14.0000 106.9675
v 2.2627 14.0000 107.4444
v 2.9564 14.0000 108.1581
v 2.8117 13.3202 109.8007
v 3.0434 13.3202 109.0000
v 2.1520 13.3202 110.4795
v 1.1647 13.3202 110.9331
v 0.0000 13.3202 111.0923
v -1.1647 13.3202 110.9331
v -2.1520 13.3202 110.4795
v -2.8117 13.3202 109.8007
v -3.0434 13.3202 109.0000
v -2.8117 13.3202 108.1993
v -2.1520 13.3202 107.5205
v -1.1647 13.3202 107.0669
v -0.0000 13.3202 106.9077
v 1.1647 13.3202 107.0669
v 2.1520 13.3202 107.5205
v 2.8117 13.3202 108.1993
v 2.3918 12.7069 109.6811
v 2.5889 12.7069 109.0000
v 1.8306 12.7069 110.2585
v 0.9907 12.7069 110.6444
v 0.0000 12.7069 110.7798
v -0.9907 12.7069 110.6444
v -1.8306 12.7069 110.2585
v -2.3918 12.7069 109.6811
v -2.5889 12.7069 109.0000
v -2.3918 12.7069 108.3189
v -1.8306 12.7069 107.7415
v -0.9907 12.7069 107.3556
v -0.0000 12.7069 107.2202
v 0.9907 12.7069 107.3556
v 1.8306 12.7069 107.7415
v 2.3918 12.7069 108.3189
v 1.7377 12.2202 109.4949
v 1.8809 12.2202 109.0000
v 1.3300 12.2202 109.9144
v 0.7198 12.2202 110.1947
v 0.0000 12.2202 110.2931
v -0.7198 12.2202 110.1947
v -1.3300 12.2202 109.9144
v -1.7377 12.2202 109.4949
v -1.8809 12.2202 109.0000
v -1.7377 12.2202 108.5051
v -1.3300 12.2202 108.0856
v -0.7198 12.2202 107.8053
v -0.0000 12.2202 107.7069
v 0.7198 12.2202 107.8053
v 1.3300 12.2202 108.0856
v 1.7377 12.2202 108.5051
v 0.9136 11.9077 109.2602
v 0.9889 11.9077 109.0000
v 0.6992 11.9077 109.4807
v 0.3784 11.9077 109.6281
v 0.0000 11.9077 109.6798
v -0.3784 11.9077 109.6281
v -0.6992 11.9077 109.4807
v -0.9136 11.9077 109.2602
v -0.9889 11.9077 109.0000
v -0.9136 11.9077 108.7398
v -0.6992 11.9077 108.5193
v -0.3784 11.9077 108.3719
v -0.0000 11.9077 108.3202
v 0.3784 11.9077 108.3719
v 0.6992 11.9077 108.5193
v 0.9136 11.9077 108.7398
v 0.0000 11.8000 109.0000
v 54.4898 11.0000 -77.8194
v 56.9513 10.8296 -77.1796
v 57.0780 10.8296 -77.8194
v 56.5837 10.8296 -76.6024
v 56.0111 10.8296 -76.1443
v 55.2896 10.8296 -75.8502
v 54.4898 10.8296 -75.7489
v 53.6900 10.8296 -75.8502
v 52.9685 10.8296 -76.1443
v 52.3959 10.8296 -76.6024
v 52.0282 10.8296 -77.1796
v 51.9016 10.8296 -77.8194
v 52.0282 10.8296 -78.4593
v 52.3959 10.8296 -79.0365
v 52.9685 10.8296 -79.4946
v 53.6900 10.8296 -79.7887
v 54.4898 10.8296 -79.8900
v 55.2896 10.8296 -79.7887
v 56.0111 10.8296 -79.4946
v 56.5837 10.8296 -79.0365
v 56.9513 10.8296 -78.4593
v 59.2450 10.3301 -76.5834
v 59.4898 10.3301 -77.8194
v 58.5348 10.3301 -75.4683
v 57.4287 10.3301 -74.5834
v 56.0348 10.3301 -74.0152
v 54.4898 10.3301 -73.8194
v 52.9447 10.3301 -74.0152
v 51.5508 10.3301 -74.5834
v 50.4447 10.3301 -75.4683
v 49.7345 10.3301 -76.5834
v 49.4898 10.3301 -77.8194
v 49.7345 10.3301 -79.0555
v 50.4447 10.3301 -80.1706
v 51.5508 10.3301 -81.0555
v 52.9447 10.3301 -81.6237
v 54.4898 10.3301 -81.8194
v 56.0348 10.3301 -81.6237
v 57.4287 10.3301 -81.0555
v 58.5348 10.3301 -80.1706
v 59.2450 10.3301 -79.0555
v 61.2147 9.5355 -76.0714
v 61.5608 9.5355 -77.8194
v 60.2104 9.5355 -74.4944
v 58.6460 9.5355 -73.2430
v 56.6748 9.5355 -72.4395
v 54.4898 9.5355 -72.1626
v 52.3047 9.5355 -72.4395
v 50.3335 9.5355 -73.2430
v 48.7691 9.5355 -74.4944
v 47.7648 9.5355 -76.0714
v 47.4187 9.5355 -77.8194
v 47.7648 9.5355 -79.5675
v 48.7691 9.5355 -81.1445
v 50.3335 9.5355 -82.3959
v 52.3047 9.5355 -83.1994
v 54.4898 9.5355 -83.4763
v 56.6748 9.5355 -83.1994
v 58.6460 9.5355 -82.3959
v 60.2104 9.5355 -81.1445
v 61.2147 9.5355 -79.5675
v 62.7262 8.5000 -75.6785
v 63.1500 8.5000 -77.8194
v 61.4961 8.5000 -73.7471
v 59.5801 8.5000 -72.2144
v 57.1659 8.5000 -71.2303
v 54.4898 8.5000 -70.8912
v 51.8136 8.5000 -71.2303
v 49.3994 8.5000 -72.2144
v 47.4835 8.5000 -73.7471
v 46.2534 8.5000 -75.6785
v 45.8295 8.5000 -77.8194
v 46.2534 8.5000 -79.9604
v 47.4835 8.5000 -81.8917
v 49.3994 8.5000 -83.4245
v 51.8136 8.5000 -84.4086
v 54.4898 8.5000 -84.7476
v 57.1659 8.5000 -84.4086
v 59.5801 8.5000 -83.4245
v 61.4961 8.5000 -81.8917
v 62.7262 8.5000 -79.9604
v 63.6763 7.2941 -75.4315
v 64.1490 7.2941 -77.8194
v 62.3043 7.2941 -73.2774
v 60.1673 7.2941 -71.5678
v 57.4746 7.2941 -70.4702
v 54.4898 7.2941 -70.0920
v 51.5049 7.2941 -70.4702
v 48.8122 7.2941 -71.5678
v 46.6753 7.2941 -73.2774
v 45.3033 7.2941 -75.4315
v 44.8305 7.2941 -77.8194
v 45.3033 7.2941 -80.2073
v 46.6753 7.2941 -82.3615
v 48.8122 7.2941 -84.0710
v 51.5049 7.2941 -85.1686
v 54.4898 7.2941 -85.5469
v 57.4746 7.2941 -85.1686
v 60.1673 7.2941 -84.0710
v 62.3043 7.2941 -82.3615
v 63.6763 7.2941 -80.2073
v 64.0003 6.0000 -75.3473
v 64.4898 6.0000 -77.8194
v 62.5799 6.0000 -73.1172
v 60.3676 6.0000 -71.3473
v 57.5799 6.0000 -70.2110
v 54.4898 6.0000 -69.8194
v 51.3996 6.0000 -70.2110
v 48.6119 6.0000 -71.3473
v 46.3996 6.0000 -73.1172
v 44.9792 6.0000 -75.3473
v 44.4898 6.0000 -77.8194
v 44.9792 6.0000 -80.2916
v 46.3996 6.0000 -82.5217
v 48.6119 6.0000 -84.2916
v 51.3996 6.0000 -85.4279
v 54.4898 6.0000 -85.8194
v 57.5799 6.0000 -85.4279
v 60.3676 6.0000 -84.2916
v 62.5799 6.0000 -82.5217
v 64.0003 6.0000 -80.2916
v 63.6763 4.7059 -75.4315
v 64.1490 4.7059 -77.8194
v 62.3043 4.7059 -73.2774
v 60.1673 4.7059 -71.5678
v 57.4746 4.7059 -70.4702
v 54.4898 4.7059 -70.0920
v 51.5049 4.7059 -70.4702
v 48.8122 4.7059 -71.5678
v 46.6753 4.7059 -73.2774
v 45.3033 4.7059 -75.4315
v 44.8305 4.7059 -77.8194
v 45.3033 4.7059 -80.2073
v 46.6753 4.7059 -82.3615
v 48.8122 4.7059 -84.0710
v 51.5049 4.7059 -85.1686
v 54.4898 4.7059 -85.5469
v 57.4746 4.7059 -85.1686
v 60.1673 4.7059 -84.0710
v 62.3043 4.7059 -82.3615
v 63.6763 4.7059 -80.2073
v 62.7262 3.5000 -75.6785
v 63.1500 3.5000 -77.8194
v 61.4961 3.5000 -73.7471
v 59.5801 3.5000 -72.2144
v 57.1659 3.5000 -71.2303
v 54.4898 3.5000 -70.8912
v 51.8136 3.5000 -71.2303
v 49.3994 3.5000 -72.2144
v 47.4835 3.5000 -73.7471
v 46.2534 3.5000 -75.6785
v 45.8295 3.5000 -77.8194
v 46.2534 3.5000 -79.9604
v 47.4835 3.5000 -81.8917
v 49.3994 3.5000 -83.4245
v 51.8136 3.5000 -84.4086
v 54.4898 3.5000 -84.7476
v 57.1659 3.5000 -84.4086
v 59.5801 3.5000 -83.4245
v 61.4961 3.5000 -81.8917
v 62.7262 3.5000 -79.9604
v 61.2147 2.4645 -76.0714
v 61.5608 2.4645 -77.8194
v 60.2104 2.4645 -74.4944
v 58.6460 2.4645 -73.2430
v 56.6748 2.4645 -72.4395
v 54.4898 2.4645 -72.1626
v 52.3047 2.4645 -72.4395
v 50.3335 2.4645 -73.2430
v 48.7691 2.4645 -74.4944
v 47.7648 2.4645 -76.0714
v 47.4187 2.4645 -77.8194
v 47.7648 2.4645 -79.5675
v 48.7691 2.4645 -81.1445
v 50.3335 2.4645 -82.3959
v 52.3047 2.4645 -83.1994
v 54.4898 2.4645 -83.4763
v 56.6748 2.4645 -83.1994
v 58.6460 2.4645 -82.3959
v 60.2104 2.4645 -81.1445
v 61.2147 2.4645 -79.5675
v 59.2450 1.6699 -76.5834
v 59.4898 1.6699 -77.8194
v 58.5348 1.6699 -75.4683
v 57.4287 1.6699 -74.5834
v 56.0348 1.6699 -74.0152
v 54.4898 1.6699 -73.8194
v 52.9447 1.6699 -74.0152
v 51.5508 1.6699 -74.5834
v 50.4447 1.6699 -75.4683
v 49.7345 1.6699 -76.5834
v 49.4898 1.6699 -77.8194
v 49.7345 1.6699 -79.0555
v 50.4447 1.6699 -80.1706
v 51.5508 1.6699 -81.0555
v 52.9447 1.6699 -81.6237
v 54.4898 1.6699 -81.8194
v 56.0348 1.6699 -81.6237
v 57.4287 1.6699 -81.0555
v 58.5348 1.6699 -80.1706
v 59.2450 1.6699 -79.0555
v 56.9513 1.1704 -77.1796
v 57.0780 1.1704 -77.8194
v 56.5837 1.1704 -76.6024
v 56.0111 1.1704 -76.1443
v 55.2896 1.1704 -75.8502
v 54.4898 1.1704 -75.7489
v 53.6900 1.1704 -75.8502
v 52.9685 1.1704 -76.1443
v 52.3959 1.1704 -76.6024
v 52.0282 1.1704 -77.1796
v 51.9016 1.1704 -77.8194
v 52.0282 1.1704 -78.4593
v 52.3959 1.1704 -79.0365
v 52.9685 1.1704 -79.4946
v 53.6900 1.1704 -79.7887
v 54.4898 1.1704 -79.8900
v 55.2896 1.1704 -79.7887
v 56.0111 1.1704 -79.4946
v 56.5837 1.1704 -79.0365
v 56.9513 1.1704 -78.4593
v 54.4898 1.0000 -77.8194
v 54.6306 4.0000 -72.8439
v 54.4103 2.6094 -72.8439
v 54.4103 2.6094 -70.3439
v 54.6306 4.0000 -70.3439
v 53.7712 1.3550 -72.8439
v 53.7712 1.3550 -70.3439
v 52.7756 0.3594 -72.8439
v 52.7756 0.3594 -70.3439
v 51.5212 -0.2798 -72.8439
v 51.5212 -0.2798 -70.3439
v 50.1306 -0.5000 -72.8439
v 50.1306 -0.5000 -70.3439
v 48.7400 -0.2798 -72.8439
v 48.7400 -0.2798 -70.3439
v 47.4855 0.3594 -72.8439
v 47.4855 0.3594 -70.3439
v 46.4900 1.3550 -72.8439
v 46.4900 1.3550 -70.3439
v 45.8508 2.6094 -72.8439
v 45.8508 2.6094 -70.3439
v 45.6306 4.0000 -72.8439
v 45.6306 4.0000 -70.3439
v 45.8508 5.3906 -72.8439
v 45.8508 5.3906 -70.3439
v 46.4900 6.6450 -72.8439
v 46.4900 6.6450 -70.3439
v 47.4855 7.6406 -72.8439
v 47.4855 7.6406 -70.3439
v 48.7400 8.2798 -72.8439
v 48.7400 8.2798 -70.3439
v 50.1306 8.5000 -72.8439
v 50.1306 8.5000 -70.3439
v 51.5212 8.2798 -72.8439
v 51.5212 8.2798 -70.3439
v 52.7756 7.6406 -72.8439
v 52.7756 7.6406 -70.3439
v 53.7712 6.6450 -72.8439
v 53.7712 6.6450 -70.3439
v 54.4103 5.3906 -72.8439
v 54.4103 5.3906 -70.3439
v 50.1306 4.0000 -72.8439
v 50.1306 4.0000 -70.3439
v 54.4898 11.0000 77.8194
v 56.9513 10.8296 78.4593
v 57.0780 10.8296 77.8194
v 56.5837 10.8296 79.0365
v 56.0111 10.8296 79.4946
v 55.2896 10.8296 79.7887
v 54.4898 10.8296 79.8900
v 53.6900 10.8296 79.7887
v 52.9685 10.8296 79.4946
v 52.3959 10.8296 79.0365
v 52.0282 10.8296 78.4593
v 51.9016 10.8296 77.8194
v 52.0282 10.8296 77.1796
v 52.3959 10.8296 76.6024
v 52.9685 10.8296 76.1443
v 53.6900 10.8296 75.8502
v 54.4898 10.8296 75.7489
v 55.2896 10.8296 75.8502
v 56.0111 10.8296 76.1443
v 56.5837 10.8296 76.6024
v 56.9513 10.8296 77.1796
v 59.2450 10.3301 79.0555
v 59.4898 10.3301 77.8194
v 58.5348 10.3301 80.1706
v 57.4287 10.3301 81.0555
v 56.0348 10.3301 81.6237
v 54.4898 10.3301 81.8194
v 52.9447 10.3301 81.6237
v 51.5508 10.3301 81.0555
v 50.4447 10.3301 80.1706
v 49.7345 10.3301 79.0555
v 49.4898 10.3301 77.8194
v 49.7345 10.3301 76.5834
v 50.4447 10.3301 75.4683
v 51.5508 10.3301 74.5834
v 52.9447 10.3301 74.0152
v 54.4898 10.3301 73.8194
v 56.0348 10.3301 74.0152
v 57.4287 10.3301 74.5834
v 58.5348 10.3301 75.4683
v 59.2450 10.3301 76.5834
v 61.2147 9.5355 79.5675
v 61.5608 9.5355 77.8194
v 60.2104 9.5355 81.1445
v 58.6460 9.5355 82.3959
v 56.6748 9.5355 83.1994
v 54.4898 9.5355 83.4763
v 52.3047 9.5355 83.1994
v 50.3335 9.5355 82.3959
v 48.7691 9.5355 81.1445
v 47.7648 9.5355 79.5675
v 47.4187 9.5355 77.8194
v 47.7648 9.5355 76.0714
v 48.7691 9.5355 74.4944
v 50.3335 9.5355 73.2430
v 52.3047 9.5355 72.4395
v 54.4898 9.5355 72.1626
v 56.6748 9.5355 72.4395
v 58.6460 9.5355 73.2430
v 60.2104 9.5355 74.4944
v 61.2147 9.5355 76.0714
v 62.7262 8.5000 79.9604
v 63.1500 8.5000 77.8194
v 61.4961 8.5000 81.8917
v 59.5801 8.5000 83.4245
v 57.1659 8.5000 84.4086
v 54.4898 8.5000 84.7476
v 51.8136 8.5000 84.4086
v 49.3994 8.5000 83.4245
v 47.4835 8.5000 81.8917
v 46.2534 8.5000 79.9604
v 45.8295 8.5000 77.8194
v 46.2534 8.5000 75.6785
v 47.4835 8.5000 73.7471
v 49.3994 8.5000 72.2144
v 51.8136 8.5000 71.2303
v 54.4898 8.5000 70.8912
v 57.1659 8.5000 71.2303
v 59.5801 8.5000 72.2144
v 61.4961 8.5000 73.7471
v 62.7262 8.5000 75.6785
v 63.6763 7.2941 80.2073
v 64.1490 7.2941 77.8194
v 62.3043 7.2941 82.3615
v 60.1673 7.2941 84.0710
v 57.4746 7.2941 85.1686
v 54.4898 7.2941 85.5469
v 51.5049 7.2941 85.1686
v 48.8122 7.2941 84.0710
v 46.6753 7.2941 82.3615
v 45.3033 7.2941 80.2073
v 44.8305 7.2941 77.8194
v 45.3033 7.2941 75.4315
v 46.6753 7.2941 73.2774
v 48.8122 7.2941 71.5678
v 51.5049 7.2941 70.4702
v 54.4898 7.2941 70.0920
v 57.4746 7.2941 70.4702
v 60.1673 7.2941 71.5678
v 62.3043 7.2941 73.2774
v 63.6763 7.2941 75.4315
v 64.0003 6.0000 80.2916
v 64.4898 6.0000 77.8194
v 62.5799 6.0000 82.5217
v 60.3676 6.0000 84.2916
v 57.5799 6.0000 85.4279
v 54.4898 6.0000 85.8194
v 51.3996 6.0000 85.4279
v 48.6119 6.0000 84.2916
v 46.3996 6.0000 82.5217
v 44.9792 6.0000 80.2916
v 44.4898 6.0000 77.8194
v 44.9792 6.0000 75.3473
v 46.3996 6.0000 73.1172
v 48.6119 6.0000 71.3473
v 51.3996 6.0000 70.2110
v 54.4898 6.0000 69.8194
v 57.5799 6.0000 70.2110
v 60.3676 6.0000 71.3473
v 62.5799 6.0000 73.1172
v 64.0003 6.0000 75.3473
v 63.6763 4.7059 80.2073
v 64.1490 4.7059 77.8194
v 62.3043 4.7059 82.3615
v 60.1673 4.7059 84.0710
v 57.4746 4.7059 85.1686
v 54.4898 4.7059 85.5469
v 51.5049 4.7059 85.1686
v 48.8122 4.7059 84.0710
v 46.6753 4.7059 82.3615
v 45.3033 4.7059 80.2073
v 44.8305 4.7059 77.8194
v 45.3033 4.7059 75.4315
v 46.6753 4.7059 73.2774
v 48.8122 4.7059 71.5678
v 51.5049 4.7059 70.4702
v 54.4898 4.7059 70.0920
v 57.4746 4.7059 70.4702
v 60.1673 4.7059 71.5678
v 62.3043 4.7059 73.2774
v 63.6763 4.7059 75.4315
v 62.7262 3.5000 79.9604
v 63.1500 3.5000 77.8194
v 61.4961 3.5000 81.8917
v 59.5801 3.5000 83.4245
v 57.1659 3.5000 84.4086
v 54.4898 3.5000 84.7476
v 51.8136 3.5000 84.4086
v 49.3994 3.5000 83.4245
v 47.4835 3.5000 81.8917
v 46.2534 3.5000 79.9604
v 45.8295 3.5000 77.8194
v 46.2534 3.5000 75.6785
v 47.4835 3.5000 73.7471
v 49.3994 3.5000 72.2144
v 51.8136 3.5000 71.2303
v 54.4898 3.5000 70.8912
v 57.1659 3.5000 71.2303
v 59.5801 3.5000 72.2144
v 61.4961 3.5000 73.7471
v 62.7262 3.5000 75.6785
v 61.2147 2.4645 79.5675
v 61.5608 2.4645 77.8194
v 60.2104 2.4645 81.1445
v 58.6460 2.4645 82.3959
v 56.6748 2.4645 83.1994
v 54.4898 2.4645 83.4763
v 52.3047 2.4645 83.1994
v 50.3335 2.4645 82.3959
v 48.7691 2.4645 81.1445
v 47.7648 2.4645 79.5675
v 47.4187 2.4645 77.8194
v 47.7648 2.4645 76.0714
v 48.7691 2.4645 74.4944
v 50.3335 2.4645 73.2430
v 52.3047 2.4645 72.4395
v 54.4898 2.4645 72.1626
v 56.6748 2.4645 72.4395
v 58.6460 2.4645 73.2430
v 60.2104 2.4645 74.4944
v 61.2147 2.4645 76.0714
v 59.2450 1.6699 79.0555
v 59.4898 1.6699 77.8194
v 58.5348 1.6699 80.1706
v 57.4287 1.6699 81.0555
v 56.0348 1.6699 81.6237
v 54.4898 1.6699 81.8194
v 52.9447 1.6699 81.6237
v 51.5508 1.6699 81.0555
v 50.4447 1.6699 80.1706
v 49.7345 1.6699 79.0555
v 49.4898 1.6699 77.8194
v 49.7345 1.6699 76.5834
v 50.4447 1.6699 75.4683
v 51.5508 1.6699 74.5834
v 52.9447 1.6699 74.0152
v 54.4898 1.6699 73.8194
v 56.0348 1.6699 74.0152
v 57.4287 1.6699 74.5834
v 58.5348 1.6699 75.4683
v 59.2450 1.6699 76.5834
v 56.9513 1.1704 78.4593
v 57.0780 1.1704 77.8194
v 56.5837 1.1704 79.0365
v 56.0111 1.1704 79.4946
v 55.2896 1.1704 79.7887
v 54.4898 1.1704 79.8900
v 53.6900 1.1704 79.7887
v 52.9685 1.1704 79.4946
v 52.3959 1.1704 79.0365
v 52.0282 1.1704 78.4593
v 51.9016 1.1704 77.8194
v 52.0282 1.1704 77.1796
v 52.3959 1.1704 76.6024
v 52.9685 1.1704 76.1443
v 53.6900 1.1704 75.8502
v 54.4898 1.1704 75.7489
v 55.2896 1.1704 75.8502
v 56.0111 1.1704 76.1443
v 56.5837 1.1704 76.6024
v 56.9513 1.1704 77.1796
v 54.4898 1.0000 77.8194
v 54.6306 4.0000 70.3439
v 54.4103 2.6094 70.3439
v 54.4103 2.6094 72.8439
v 54.6306 4.0000 72.8439
v 53.7712 1.3550 70.3439
v 53.7712 1.3550 72.8439
v 52.7756 0.3594 70.3439
v 52.7756 0.3594 72.8439
v 51.5212 -0.2798 70.3439
v 51.5212 -0.2798 72.8439
v 50.1306 -0.5000 70.3439
v 50.1306 -0.5000 72.8439
v 48.7400 -0.2798 70.3439
v 48.7400 -0.2798 72.8439
v 47.4855 0.3594 70.3439
v 47.4855 0.3594 72.8439
v 46.4900 1.3550 70.3439
v 46.4900 1.3550 72.8439
v 45.8508 2.6094 70.3439
v 45.8508 2.6094 72.8439
v 45.6306 4.0000 70.3439
v 45.6306 4.0000 72.8439
v 45.8508 5.3906 70.3439
v 45.8508 5.3906 72.8439
v 46.4900 6.6450 70.3439
v 46.4900 6.6450 72.8439
v 47.4855 7.6406 70.3439
v 47.4855 7.6406 72.8439
v 48.7400 8.2798 70.3439
v 48.7400 8.2798 72.8439
v 50.1306 8.5000 70.3439
v 50.1306 8.5000 72.8439
v 51.5212 8.2798 70.3439
v 51.5212 8.2798 72.8439
v 52.7756 7.6406 70.3439
v 52.7756 7.6406 72.8439
v 53.7712 6.6450 70.3439
v 53.7712 6.6450 72.8439
v 54.4103 5.3906 70.3439
v 54.4103 5.3906 72.8439
v 50.1306 4.0000 70.3439
v 50.1306 4.0000 72.8439
v 0.0000 16.0000 -92.0000
v 3.8431 15.7493 -91.2477
v 4.0054 15.7493 -92.0000
v 3.3695 15.7493 -90.5564
v 2.6230 15.7493 -89.9820
v 1.6639 15.7493 -89.5711
v 0.5700 15.7493 -89.3569
v -0.5700 15.7493 -89.3569
v -1.6639 15.7493 -89.5711
v -2.6230 15.7493 -89.9820
v -3.3695 15.7493 -90.5564
v -3.8431 15.7493 -91.2477
v -4.0054 15.7493 -92.0000
v -3.8431 15.7493 -92.7523
v -3.3695 15.7493 -93.4436
v -2.6230 15.7493 -94.0180
v -1.6639 15.7493 -94.4289
v -0.5700 15.7493 -94.6431
v 0.5700 15.7493 -94.6431
v 1.6639 15.7493 -94.4289
v 2.6230 15.7493 -94.0180
v 3.3695 15.7493 -93.4436
v 3.8431 15.7493 -92.7523
v 7.4936 15.0097 -90.5331
v 7.8099 15.0097 -92.0000
v 6.5701 15.0097 -89.1851
v 5.1144 15.0097 -88.0651
v 3.2444 15.0097 -87.2639
v 1.1115 15.0097 -86.8464
v -1.1115 15.0097 -86.8464
v -3.2444 15.0097 -87.2639
v -5.1144 15.0097 -88.0651
v -6.5701 15.0097 -89.1851
v -7.4936 15.0097 -90.5331
v -7.8099 15.0097 -92.0000
v -7.4936 15.0097 -93.4669
v -6.5701 15.0097 -94.8149
v -5.1144 15.0097 -95.9349
v -3.2444 15.0097 -96.7361
v -1.1115 15.0097 -97.1536
v 1.1115 15.0097 -97.1536
v 3.2444 15.0097 -96.7361
v 5.1144 15.0097 -95.9349
v 6.5701 15.0097 -94.8149
v 7.4936 15.0097 -93.4669
v 10.7682 13.8183 -89.8921
v 11.2228 13.8183 -92.0000
v 9.4412 13.8183 -87.9550
v 7.3494 13.8183 -86.3456
v 4.6621 13.8183 -85.1942
v 1.5972 13.8183 -84.5943
v -1.5972 13.8183 -84.5943
v -4.6621 13.8183 -85.1942
v -7.3494 13.8183 -86.3456
v -9.4412 13.8183 -87.9550
v -10.7682 13.8183 -89.8921
v -11.2228 13.8183 -92.0000
v -10.7682 13.8183 -94.1079
v -9.4412 13.8183 -96.0450
v -7.3494 13.8183 -97.6544
v -4.6621 13.8183 -98.8058
v -1.5972 13.8183 -99.4057
v 1.5972 13.8183 -99.4057
v 4.6621 13.8183 -98.8058
v 7.3494 13.8183 -97.6544
v 9.4412 13.8183 -96.0450
v 10.7682 13.8183 -94.1079
v 13.5029 12.2349 -89.3568
v 14.0730 12.2349 -92.0000
v 11.8389 12.2349 -86.9277
v 9.2158 12.2349 -84.9096
v 5.8461 12.2349 -83.4659
v 2.0028 12.2349 -82.7135
v -2.0028 12.2349 -82.7135
v -5.8461 12.2349 -83.4659
v -9.2158 12.2349 -84.9096
v -11.8389 12.2349 -86.9277
v -13.5029 12.2349 -89.3568
v -14.0730 12.2349 -92.0000
v -13.5029 12.2349 -94.6432
v -11.8389 12.2349 -97.0723
v -9.2158 12.2349 -99.0904
v -5.8461 12.2349 -100.5341
v -2.0028 12.2349 -101.2865
v 2.0028 12.2349 -101.2865
v 5.8461 12.2349 -100.5341
v 9.2158 12.2349 -99.0904
v 11.8389 12.2349 -97.0723
v 13.5029 12.2349 -94.6432
v 15.5605 10.3388 -88.9540
v 16.2174 10.3388 -92.0000
v 13.6430 10.3388 -86.1548
v 10.6202 10.3388 -83.8291
v 6.7370 10.3388 -82.1654
v 2.3080 10.3388 -81.2984
v -2.3080 10.3388 -81.2984
v -6.7370 10.3388 -82.1654
v -10.6202 10.3388 -83.8291
v -13.6430 10.3388 -86.1548
v -15.5605 10.3388 -88.9540
v -16.2174 10.3388 -92.0000
v -15.5605 10.3388 -95.0460
v -13.6430 10.3388 -97.8452
v -10.6202 10.3388 -100.1709
v -6.7370 10.3388 -101.8346
v -2.3080 10.3388 -102.7016
v 2.3080 10.3388 -102.7016
v 6.7370 10.3388 -101.8346
v 10.6202 10.3388 -100.1709
v 13.6430 10.3388 -97.8452
v 15.5605 10.3388 -95.0460
v 16.8379 8.2252 -88.7040
v 17.5487 8.2252 -92.0000
v 14.7629 8.2252 -85.6750
v 11.4920 8.2252 -83.1584
v 7.2900 8.2252 -81.3581
v 2.4974 8.2252 -80.4199
v -2.4974 8.2252 -80.4199
v -7.2900 8.2252 -81.3581
v -11.4920 8.2252 -83.1584
v -14.7629 8.2252 -85.6750
v -16.8379 8.2252 -88.7040
v -17.5487 8.2252 -92.0000
v -16.8379 8.2252 -95.2960
v -14.7629 8.2252 -98.3250
v -11.4920 8.2252 -100.8416
v -7.2900 8.2252 -102.6419
v -2.4974 8.2252 -103.5801
v 2.4974 8.2252 -103.5801
v 7.2900 8.2252 -102.6419
v 11.4920 8.2252 -100.8416
v 14.7629 8.2252 -98.3250
v 16.8379 8.2252 -95.2960
v 17.2709 6.0000 -88.6192
v 18.0000 6.0000 -92.0000
v 15.1426 6.0000 -85.5123
v 11.7875 6.0000 -82.9310
v 7.4775 6.0000 -81.0844
v 2.5617 6.0000 -80.1221
v -2.5617 6.0000 -80.1221
v -7.4775 6.0000 -81.0844
v -11.7875 6.0000 -82.9310
v -15.1426 6.0000 -85.5123
v -17.2709 6.0000 -88.6192
v -18.0000 6.0000 -92.0000
v -17.2709 6.0000 -95.3808
v -15.1426 6.0000 -98.4877
v -11.7875 6.0000 -101.0690
v -7.4775 6.0000 -102.9156
v -2.5617 6.0000 -103.8779
v 2.5617 6.0000 -103.8779
v 7.4775 6.0000 -102.9156
v 11.7875 6.0000 -101.0690
v 15.1426 6.0000 -98.4877
v 17.2709 6.0000 -95.3808
v 16.8379 3.7748 -88.7040
v 17.5487 3.7748 -92.0000
v 14.7629 3.7748 -85.6750
v 11.4920 3.7748 -83.1584
v 7.2900 3.7748 -81.3581
v 2.4974 3.7748 -80.4199
v -2.4974 3.7748 -80.4199
v -7.2900 3.7748 -81.3581
v -11.4920 3.7748 -83.1584
v -14.7629 3.7748 -85.6750
v -16.8379 3.7748 -88.7040
v -17.5487 3.7748 -92.0000
v -16.8379 3.7748 -95.2960
v -14.7629 3.7748 -98.3250
v -11.4920 3.7748 -100.8416
v -7.2900 3.7748 -102.6419
v -2.4974 3.7748 -103.5801
v 2.4974 3.7748 -103.5801
v 7.2900 3.7748 -102.6419
v 11.4920 3.7748 -100.8416
v 14.7629 3.7748 -98.3250
v 16.8379 3.7748 -95.2960
v 15.5605 1.6612 -88.9540
v 16.2174 1.6612 -92.0000
v 13.6430 1.6612 -86.1548
v 10.6202 1.6612 -83.8291
v 6.7370 1.6612 -82.1654
v 2.3080 1.6612 -81.2984
v -2.3080 1.6612 -81.2984
v -6.7370 1.6612 -82.1654
v -10.6202 1.6612 -83.8291
v -13.6430 1.6612 -86.1548
v -15.5605 1.6612 -88.9540
v -16.2174 1.6612 -92.0000
v -15.5605 1.6612 -95.0460
v -13.6430 1.6612 -97.8452
v -10.6202 1.6612 -100.1709
v -6.7370 1.6612 -101.8346
v -2.3080 1.6612 -102.7016
v 2.3080 1.6612 -102.7016
v 6.7370 1.6612 -101.8346
v 10.6202 1.6612 -100.1709
v 13.6430 1.6612 -97.8452
v 15.5605 1.6612 -95.0460
v 13.5029 -0.2349 -89.3568
v 14.0730 -0.2349 -92.0000
v 11.8389 -0.2349 -86.9277
v 9.2158 -0.2349 -84.9096
v 5.8461 -0.2349 -83.4659
v 2.0028 -0.2349 -82.7135
v -2.0028 -0.2349 -82.7135
v -5.8461 -0.2349 -83.4659
v -9.2158 -0.2349 -84.9096
v -11.8389 -0.2349 -86.9277
v -13.5029 -0.2349 -89.3568
v -14.0730 -0.2349 -92.0000
v -13.5029 -0.2349 -94.6432
v -11.8389 -0.2349 -97.0723
v -9.2158 -0.2349 -99.0904
v -5.8461 -0.2349 -100.5341
v -2.0028 -0.2349 -101.2865
v 2.0028 -0.2349 -101.2865
v 5.8461 -0.2349 -100.5341
v 9.2158 -0.2349 -99.0904
v 11.8389 -0.2349 -97.0723
v 13.5029 -0.2349 -94.6432
v 10.7682 -1.8183 -89.8921
v 11.2228 -1.8183 -92.0000
v 9.4412 -1.8183 -87.9550
v 7.3494 -1.8183 -86.3456
v 4.6621 -1.8183 -85.1942
v 1.5972 -1.8183 -84.5943
v -1.5972 -1.8183 -84.5943
v -4.6621 -1.8183 -85.1942
v -7.3494 -1.8183 -86.3456
v -9.4412 -1.8183 -87.9550
v -10.7682 -1.8183 -89.8921
v -11.2228 -1.8183 -92.0000
v -10.7682 -1.8183 -94.1079
v -9.4412 -1.8183 -96.0450
v -7.3494 -1.8183 -97.6544
v -4.6621 -1.8183 -98.8058
v -1.5972 -1.8183 -99.4057
v 1.5972 -1.8183 -99.4057
v 4.6621 -1.8183 -98.8058
v 7.3494 -1.8183 -97.6544
v 9.4412 -1.8183 -96.0450
v 10.7682 -1.8183 -94.1079
v 7.4936 -3.0097 -90.5331
v 7.8099 -3.0097 -92.0000
v 6.5701 -3.0097 -89.1851
v 5.1144 -3.0097 -88.0651
v 3.2444 -3.0097 -87.2639
v 1.1115 -3.0097 -86.8464
v -1.1115 -3.0097 -86.8464
v -3.2444 -3.0097 -87.2639
v -5.1144 -3.0097 -88.0651
v -6.5701 -3.0097 -89.1851
v -7.4936 -3.0097 -90.5331
v -7.8099 -3.0097 -92.0000
v -7.4936 -3.0097 -93.4669
v -6.5701 -3.0097 -94.8149
v -5.1144 -3.0097 -95.9349
v -3.2444 -3.0097 -96.7361
v -1.1115 -3.0097 -97.1536
v 1.1115 -3.0097 -97.1536
v 3.2444 -3.0097 -96.7361
v 5.1144 -3.0097 -95.9349
v 6.5701 -3.0097 -94.8149
v 7.4936 -3.0097 -93.4669
v 3.8431 -3.7493 -91.2477
v 4.0054 -3.7493 -92.0000
v 3.3695 -3.7493 -90.5564
v 2.6230 -3.7493 -89.9820
v 1.6639 -3.7493 -89.5711
v 0.5700 -3.7493 -89.3569
v -0.5700 -3.7493 -89.3569
v -1.6639 -3.7493 -89.5711
v -2.6230 -3.7493 -89.9820
v -3.3695 -3.7493 -90.5564
v -3.8431 -3.7493 -91.2477
v -4.0054 -3.7493 -92.0000
v -3.8431 -3.7493 -92.7523
v -3.3695 -3.7493 -93.4436
v -2.6230 -3.7493 -94.0180
v -1.6639 -3.7493 -94.4289
v -0.5700 -3.7493 -94.6431
v 0.5700 -3.7493 -94.6431
v 1.6639 -3.7493 -94.4289
v 2.6230 -3.7493 -94.0180
v 3.3695 -3.7493 -93.4436
v 3.8431 -3.7493 -92.7523
v 0.0000 -4.0000 -92.0000
v -4.0000 0.5000 -104.2500
v 4.0000 0.5000 -104.2500
v 4.0000 3.5000 -104.2500
v -4.0000 3.5000 -104.2500
v -4.0000 0.5000 -101.7500
v -4.0000 3.5000 -101.7500
v 4.0000 3.5000 -101.7500
v 4.0000 0.5000 -101.7500
v -4.8810 11.8000 93.5623
v -5.1591 11.5588 94.4183
v -39.3971 11.5588 83.2936
v -39.1190 11.8000 82.4377
v -5.3627 10.9000 95.0449
v -39.6007 10.9000 83.9202
v -5.4372 10.0000 95.2742
v -39.6752 10.0000 84.1496
v -5.3627 9.1000 95.0449
v -39.6007 9.1000 83.9202
v -5.1591 8.4412 94.4183
v -39.3971 8.4412 83.2936
v -4.8810 8.2000 93.5623
v -39.1190 8.2000 82.4377
v -4.6029 8.4412 92.7064
v -38.8409 8.4412 81.5817
v -4.3993 9.1000 92.0798
v -38.6373 9.1000 80.9551
v -4.3248 10.0000 91.8504
v -38.5628 10.0000 80.7258
v -4.3993 10.9000 92.0798
v -38.6373 10.9000 80.9551
v -4.6029 11.5588 92.7064
v -38.8409 11.5588 81.5817
v -4.8810 10.0000 93.5623
v -39.1190 10.0000 82.4377
v 39.1190 11.8000 82.4377
v 39.3971 11.5588 83.2936
v 5.1591 11.5588 94.4183
v 4.8810 11.8000 93.5623
v 39.6007 10.9000 83.9202
v 5.3627 10.9000 95.0449
v 39.6752 10.0000 84.1496
v 5.4372 10.0000 95.2742
v 39.6007 9.1000 83.9202
v 5.3627 9.1000 95.0449
v 39.3971 8.4412 83.2936
v 5.1591 8.4412 94.4183
v 39.1190 8.2000 82.4377
v 4.8810 8.2000 93.5623
v 38.8409 8.4412 81.5817
v 4.6029 8.4412 92.7064
v 38.6373 9.1000 80.9551
v 4.3993 9.1000 92.0798
v 38.5628 10.0000 80.7258
v 4.3248 10.0000 91.8504
v 38.6373 10.9000 80.9551
v 4.3993 10.9000 92.0798
v 38.8409 11.5588 81.5817
v 4.6029 11.5588 92.7064
v 39.1190 10.0000 82.4377
v 4.8810 10.0000 93.5623
usemtl SoftBand
s off
f 1 2 3
f 1 3 4
f 2 5 6
f 2 6 3
f 5 7 8
f 5 8 6
f 7 9 10
f 7 10 8
f 9 11 12
f 9 12 10
f 11 13 14
f 11 14 12
f 13 15 16
f 13 16 14
f 15 17 18
f 15 18 16
f 17 19 20
f 17 20 18
f 19 21 22
f 19 22 20
f 21 23 24
f 21 24 22
f 23 25 26
f 23 26 24
f 25 27 28
f 25 28 26
f 27 29 30
f 27 30 28
f 29 31 32
f 29 32 30
f 31 33 34
f 31 34 32
f 33 35 36
f 33 36 34
f 35 1 4
f 35 4 36
f 4 3 37
f 4 37 38
f 3 6 39
f 3 39 37
f 6 8 40
f 6 40 39
f 8 10 41
f 8 41 40
f 10 12 42
f 10 42 41
f 12 14 43
f 12 43 42
f 14 16 44
f 14 44 43
f 16 18 45
f 16 45 44
f 18 20 46
f 18 46 45
f 20 22 47
f 20 47 46
f 22 24 48
f 22 48 47
f 24 26 49
f 24 49 48
f 26 28 50
f 26 50 49
f 28 30 51
f 28 51 50
f 30 32 52
f 30 52 51
f 32 34 53
f 32 53 52
f 34 36 54
f 34 54 53
f 36 4 38
f 36 38 54
f 38 37 55
f 38 55 56
f 37 39 57
f 37 57 55
f 39 40 58
f 39 58 57
f 40 41 59
f 40 59 58
f 41 42 60
f 41 60 59
f 42 43 61
f 42 61 60
f 43 44 62
f 43 62 61
f 44 45 63
f 44 63 62
f 45 46 64
f 45 64 63
f 46 47 65
f 46 65 64
f 47 48 66
f 47 66 65
f 48 49 67
f 48 67 66
f 49 50 68
f 49 68 67
f 50 51 69
f 50 69 68
f 51 52 70
f 51 70 69
f 52 53 71
f 52 71 70
f 53 54 72
f 53 72 71
f 54 38 56
f 54 56 72
f 56 55 73
f 56 73 74
f 55 57 75
f 55 75 73
f 57 58 76
f 57 76 75
f 58 59 77
f 58 77 76
f 59 60 78
f 59 78 77
f 60 61 79
f 60 79 78
f 61 62 80
f 61 80 79
f 62 63 81
f 62 81 80
f 63 64 82
f 63 82 81
f 64 65 83
f 64 83 82
f 65 66 84
f 65 84 83
f 66 67 85
f 66 85 84
f 67 68 86
f 67 86 85
f 68 69 87
f 68 87 86
f 69 70 88
f 69 88 87
f 70 71 89
f 70 89 88
f 71 72 90
f 71 90 89
f 72 56 74
f 72 74 90
f 74 73 91
f 74 91 92
f 73 75 93
f 73 93 91
f 75 76 94
f 75 94 93
f 76 77 95
f 76 95 94
f 77 78 96
f 77 96 95
f 78 79 97
f 78 97 96
f 79 80 98
f 79 98 97
f 80 81 99
f 80 99 98
f 81 82 100
f 81 100 99
f 82 83 101
f 82 101 100
f 83 84 102
f 83 102 101
f 84 85 103
f 84 103 102
f 85 86 104
f 85 104 103
f 86 87 105
f 86 105 104
f 87 88 106
f 87 106 105
f 88 89 107
f 88 107 106
f 89 90 108
f 89 108 107
f 90 74 92
f 90 92 108
f 92 91 109
f 92 109 110
f 91 93 111
f 91 111 109
f 93 94 112
f 93 112 111
f 94 95 113
f 94 113 112
f 95 96 114
f 95 114 113
f 96 97 115
f 96 115 114
f 97 98 116
f 97 116 115
f 98 99 117
f 98 117 116
f 99 100 118
f 99 118 117
f 100 101 119
f 100 119 118
f 101 102 120
f 101 120 119
f 102 103 121
f 102 121 120
f 103 104 122
f 103 122 121
f 104 105 123
f 104 123 122
f 105 106 124
f 105 124 123
f 106 107 125
f 106 125 124
f 107 108 126
f 107 126 125
f 108 92 110
f 108 110 126
f 110 109 127
f 110 127 128
f 109 111 129
f 109 129 127
f 111 112 130
f 111 130 129
f 112 113 131
f 112 131 130
f 113 114 132
f 113 132 131
f 114 115 133
f 114 133 132
f 115 116 134
f 115 134 133
f 116 117 135
f 116 135 134
f 117 118 136
f 117 136 135
f 118 119 137
f 118 137 136
f 119 120 138
f 119 138 137
f 120 121 139
f 120 139 138
f 121 122 140
f 121 140 139
f 122 123 141
f 122 141 140
f 123 124 142
f 123 142 141
f 124 125 143
f 124 143 142
f 125 126 144
f 125 144 143
f 126 110 128
f 126 128 144
f 128 127 145
f 128 145 146
f 127 129 147
f 127 147 145
f 129 130 148
f 129 148 147
f 130 131 149
f 130 149 148
f 131 132 150
f 131 150 149
f 132 133 151
f 132 151 150
f 133 134 152
f 133 152 151
f 134 135 153
f 134 153 152
f 135 136 154
f 135 154 153
f 136 137 155
f 136 155 154
f 137 138 156
f 137 156 155
f 138 139 157
f 138 157 156
f 139 140 158
f 139 158 157
f 140 141 159
f 140 159 158
f 141 142 160
f 141 160 159
f 142 143 161
f 142 161 160
f 143 144 162
f 143 162 161
f 144 128 146
f 144 146 162
f 146 145 163
f 146 163 164
f 145 147 165
f 145 165 163
f 147 148 166
f 147 166 165
f 148 149 167
f 148 167 166
f 149 150 168
f 149 168 167
f 150 151 169
f 150 169 168
f 151 152 170
f 151 170 169
f 152 153 171
f 152 171 170
f 153 154 172
f 153 172 171
f 154 155 173
f 154 173 172
f 155 156 174
f 155 174 173
f 156 157 175
f 156 175 174
f 157 158 176
f 157 176 175
f 158 159 177
f 158 177 176
f 159 160 178
f 159 178 177
f 160 161 179
f 160 179 178
f 161 162 180
f 161 180 179
f 162 146 164
f 162 164 180
f 164 163 181
f 164 181 182
f 163 165 183
f 163 183 181
f 165 166 184
f 165 184 183
f 166 167 185
f 166 185 184
f 167 168 186
f 167 186 185
f 168 169 187
f 168 187 186
f 169 170 188
f 169 188 187
f 170 171 189
f 170 189 188
f 171 172 190
f 171 190 189
f 172 173 191
f 172 191 190
f 173 174 192
f 173 192 191
f 174 175 193
f 174 193 192
f 175 176 194
f 175 194 193
f 176 177 195
f 176 195 194
f 177 178 196
f 177 196 195
f 178 179 197
f 178 197 196
f 179 180 198
f 179 198 197
f 180 164 182
f 180 182 198
f 182 181 199
f 182 199 200
f 181 183 201
f 181 201 199
f 183 184 202
f 183 202 201
f 184 185 203
f 184 203 202
f 185 186 204
f 185 204 203
f 186 187 205
f 186 205 204
f 187 188 206
f 187 206 205
f 188 189 207
f 188 207 206
f 189 190 208
f 189 208 207
f 190 191 209
f 190 209 208
f 191 192 210
f 191 210 209
f 192 193 211
f 192 211 210
f 193 194 212
f 193 212 211
f 194 195 213
f 194 213 212
f 195 196 214
f 195 214 213
f 196 197 215
f 196 215 214
f 197 198 216
f 197 216 215
f 198 182 200
f 198 200 216
f 200 199 217
f 200 217 218
f 199 201 219
f 199 219 217
f 201 202 220
f 201 220 219
f 202 203 221
f 202 221 220
f 203 204 222
f 203 222 221
f 204 205 223
f 204 223 222
f 205 206 224
f 205 224 223
f 206 207 225
f 206 225 224
f 207 208 226
f 207 226 225
f 208 209 227
f 208 227 226
f 209 210 228
f 209 228 227
f 210 211 229
f 210 229 228
f 211 212 230
f 211 230 229
f 212 213 231
f 212 231 230
f 213 214 232
f 213 232 231
f 214 215 233
f 214 233 232
f 215 216 234
f 215 234 233
f 216 200 218
f 216 218 234
f 218 217 235
f 218 235 236
f 217 219 237
f 217 237 235
f 219 220 238
f 219 238 237
f 220 221 239
f 220 239 238
f 221 222 240
f 221 240 239
f 222 223 241
f 222 241 240
f 223 224 242
f 223 242 241
f 224 225 243
f 224 243 242
f 225 226 244
f 225 244 243
f 226 227 245
f 226 245 244
f 227 228 246
f 227 246 245
f 228 229 247
f 228 247 246
f 229 230 248
f 229 248 247
f 230 231 249
f 230 249 248
f 231 232 250
f 231 250 249
f 232 233 251
f 232 251 250
f 233 234 252
f 233 252 251
f 234 218 236
f 234 236 252
f 236 235 253
f 236 253 254
f 235 237 255
f 235 255 253
f 237 238 256
f 237 256 255
f 238 239 257
f 238 257 256
f 239 240 258
f 239 258 257
f 240 241 259
f 240 259 258
f 241 242 260
f 241 260 259
f 242 243 261
f 242 261 260
f 243 244 262
f 243 262 261
f 244 245 263
f 244 263 262
f 245 246 264
f 245 264 263
f 246 247 265
f 246 265 264
f 247 248 266
f 247 266 265
f 248 249 267
f 248 267 266
f 249 250 268
f 249 268 267
f 250 251 269
f 250 269 268
f 251 252 270
f 251 270 269
f 252 236 254
f 252 254 270
f 254 253 271
f 254 271 272
f 253 255 273
f 253 273 271
f 255 256 274
f 255 274 273
f 256 257 275
f 256 275 274
f 257 258 276
f 257 276 275
f 258 259 277
f 258 277 276
f 259 260 278
f 259 278 277
f 260 261 279
f 260 279 278
f 261 262 280
f 261 280 279
f 262 263 281
f 262 281 280
f 263 264 282
f 263 282 281
f 264 265 283
f 264 283 282
f 265 266 284
f 265 284 283
f 266 267 285
f 266 285 284
f 267 268 286
f 267 286 285
f 268 269 287
f 268 287 286
f 269 270 288
f 269 288 287
f 270 254 272
f 270 272 288
f 272 271 289
f 272 289 290
f 271 273 291
f 271 291 289
f 273 274 292
f 273 292 291
f 274 275 293
f 274 293 292
f 275 276 294
f 275 294 293
f 276 277 295
f 276 295 294
f 277 278 296
f 277 296 295
f 278 279 297
f 278 297 296
f 279 280 298
f 279 298 297
f 280 281 299
f 280 299 298
f 281 282 300
f 281 300 299
f 282 283 301
f 282 301 300
f 283 284 302
f 283 302 301
f 284 285 303
f 284 303 302
f 285 286 304
f 285 304 303
f 286 287 305
f 286 305 304
f 287 288 306
f 287 306 305
f 288 272 290
f 288 290 306
f 290 289 307
f 290 307 308
f 289 291 309
f 289 309 307
f 291 292 310
f 291 310 309
f 292 293 311
f 292 311 310
f 293 294 312
f 293 312 311
f 294 295 313
f 294 313 312
f 295 296 314
f 295 314 313
f 296 297 315
f 296 315 314
f 297 298 316
f 297 316 315
f 298 299 317
f 298 317 316
f 299 300 318
f 299 318 317
f 300 301 319
f 300 319 318
f 301 302 320
f 301 320 319
f 302 303 321
f 302 321 320
f 303 304 322
f 303 322 321
f 304 305 323
f 304 323 322
f 305 306 324
f 305 324 323
f 306 290 308
f 306 308 324
f 308 307 325
f 308 325 326
f 307 309 327
f 307 327 325
f 309 310 328
f 309 328 327
f 310 311 329
f 310 329 328
f 311 312 330
f 311 330 329
f 312 313 331
f 312 331 330
f 313 314 332
f 313 332 331
f 314 315 333
f 314 333 332
f 315 316 334
f 315 334 333
f 316 317 335
f 316 335 334
f 317 318 336
f 317 336 335
f 318 319 337
f 318 337 336
f 319 320 338
f 319 338 337
f 320 321 339
f 320 339 338
f 321 322 340
f 321 340 339
f 322 323 341
f 322 341 340
f 323 324 342
f 323 342 341
f 324 308 326
f 324 326 342
f 326 325 343
f 326 343 344
f 325 327 345
f 325 345 343
f 327 328 346
f 327 346 345
f 328 329 347
f 328 347 346
f 329 330 348
f 329 348 347
f 330 331 349
f 330 349 348
f 331 332 350
f 331 350 349
f 332 333 351
f 332 351 350
f 333 334 352
f 333 352 351
f 334 335 353
f 334 353 352
f 335 336 354
f 335 354 353
f 336 337 355
f 336 355 354
f 337 338 356
f 337 356 355
f 338 339 357
f 338 357 356
f 339 340 358
f 339 358 357
f 340 341 359
f 340 359 358
f 341 342 360
f 341 360 359
f 342 326 344
f 342 344 360
f 344 343 361
f 344 361 362
f 343 345 363
f 343 363 361
f 345 346 364
f 345 364 363
f 346 347 365
f 346 365 364
f 347 348 366
f 347 366 365
f 348 349 367
f 348 367 366
f 349 350 368
f 349 368 367
f 350 351 369
f 350 369 368
f 351 352 370
f 351 370 369
f 352 353 371
f 352 371 370
f 353 354 372
f 353 372 371
f 354 355 373
f 354 373 372
f 355 356 374
f 355 374 373
f 356 357 375
f 356 375 374
f 357 358 376
f 357 376 375
f 358 359 377
f 358 377 376
f 359 360 378
f 359 378 377
f 360 344 362
f 360 362 378
f 362 361 379
f 362 379 380
f 361 363 381
f 361 381 379
f 363 364 382
f 363 382 381
f 364 365 383
f 364 383 382
f 365 366 384
f 365 384 383
f 366 367 385
f 366 385 384
f 367 368 386
f 367 386 385
f 368 369 387
f 368 387 386
f 369 370 388
f 369 388 387
f 370 371 389
f 370 389 388
f 371 372 390
f 371 390 389
f 372 373 391
f 372 391 390
f 373 374 392
f 373 392 391
f 374 375 393
f 374 393 392
f 375 376 394
f 375 394 393
f 376 377 395
f 376 395 394
f 377 378 396
f 377 396 395
f 378 362 380
f 378 380 396
f 380 379 397
f 380 397 398
f 379 381 399
f 379 399 397
f 381 382 400
f 381 400 399
f 382 383 401
f 382 401 400
f 383 384 402
f 383 402 401
f 384 385 403
f 384 403 402
f 385 386 404
f 385 404 403
f 386 387 405
f 386 405 404
f 387 388 406
f 387 406 405
f 388 389 407
f 388 407 406
f 389 390 408
f 389 408 407
f 390 391 409
f 390 409 408
f 391 392 410
f 391 410 409
f 392 393 411
f 392 411 410
f 393 394 412
f 393 412 411
f 394 395 413
f 394 413 412
f 395 396 414
f 395 414 413
f 396 380 398
f 396 398 414
f 398 397 415
f 398 415 416
f 397 399 417
f 397 417 415
f 399 400 418
f 399 418 417
f 400 401 419
f 400 419 418
f 401 402 420
f 401 420 419
f 402 403 421
f 402 421 420
f 403 404 422
f 403 422 421
f 404 405 423
f 404 423 422
f 405 406 424
f 405 424 423
f 406 407 425
f 406 425 424
f 407 408 426
f 407 426 425
f 408 409 427
f 408 427 426
f 409 410 428
f 409 428 427
f 410 411 429
f 410 429 428
f 411 412 430
f 411 430 429
f 412 413 431
f 412 431 430
f 413 414 432
f 413 432 431
f 414 398 416
f 414 416 432
f 416 415 433
f 416 433 434
f 415 417 435
f 415 435 433
f 417 418 436
f 417 436 435
f 418 419 437
f 418 437 436
f 419 420 438
f 419 438 437
f 420 421 439
f 420 439 438
f 421 422 440
f 421 440 439
f 422 423 441
f 422 441 440
f 423 424 442
f 423 442 441
f 424 425 443
f 424 443 442
f 425 426 444
f 425 444 443
f 426 427 445
f 426 445 444
f 427 428 446
f 427 446 445
f 428 429 447
f 428 447 446
f 429 430 448
f 429 448 447
f 430 431 449
f 430 449 448
f 431 432 450
f 431 450 449
f 432 416 434
f 432 434 450
f 434 433 451
f 434 451 452
f 433 435 453
f 433 453 451
f 435 436 454
f 435 454 453
f 436 437 455
f 436 455 454
f 437 438 456
f 437 456 455
f 438 439 457
f 438 457 456
f 439 440 458
f 439 458 457
f 440 441 459
f 440 459 458
f 441 442 460
f 441 460 459
f 442 443 461
f 442 461 460
f 443 444 462
f 443 462 461
f 444 445 463
f 444 463 462
f 445 446 464
f 445 464 463
f 446 447 465
f 446 465 464
f 447 448 466
f 447 466 465
f 448 449 467
f 448 467 466
f 449 450 468
f 449 468 467
f 450 434 452
f 450 452 468
f 452 451 469
f 452 469 470
f 451 453 471
f 451 471 469
f 453 454 472
f 453 472 471
f 454 455 473
f 454 473 472
f 455 456 474
f 455 474 473
f 456 457 475
f 456 475 474
f 457 458 476
f 457 476 475
f 458 459 477
f 458 477 476
f 459 460 478
f 459 478 477
f 460 461 479
f 460 479 478
f 461 462 480
f 461 480 479
f 462 463 481
f 462 481 480
f 463 464 482
f 463 482 481
f 464 465 483
f 464 483 482
f 465 466 484
f 465 484 483
f 466 467 485
f 466 485 484
f 467 468 486
f 467 486 485
f 468 452 470
f 468 470 486
f 470 469 487
f 470 487 488
f 469 471 489
f 469 489 487
f 471 472 490
f 471 490 489
f 472 473 491
f 472 491 490
f 473 474 492
f 473 492 491
f 474 475 493
f 474 493 492
f 475 476 494
f 475 494 493
f 476 477 495
f 476 495 494
f 477 478 496
f 477 496 495
f 478 479 497
f 478 497 496
f 479 480 498
f 479 498 497
f 480 481 499
f 480 499 498
f 481 482 500
f 481 500 499
f 482 483 501
f 482 501 500
f 483 484 502
f 483 502 501
f 484 485 503
f 484 503 502
f 485 486 504
f 485 504 503
f 486 470 488
f 486 488 504
f 488 487 505
f 488 505 506
f 487 489 507
f 487 507 505
f 489 490 508
f 489 508 507
f 490 491 509
f 490 509 508
f 491 492 510
f 491 510 509
f 492 493 511
f 492 511 510
f 493 494 512
f 493 512 511
f 494 495 513
f 494 513 512
f 495 496 514
f 495 514 513
f 496 497 515
f 496 515 514
f 497 498 516
f 497 516 515
f 498 499 517
f 498 517 516
f 499 500 518
f 499 518 517
f 500 501 519
f 500 519 518
f 501 502 520
f 501 520 519
f 502 503 521
f 502 521 520
f 503 504 522
f 503 522 521
f 504 488 506
f 504 506 522
f 506 505 523
f 506 523 524
f 505 507 525
f 505 525 523
f 507 508 526
f 507 526 525
f 508 509 527
f 508 527 526
f 509 510 528
f 509 528 527
f 510 511 529
f 510 529 528
f 511 512 530
f 511 530 529
f 512 513 531
f 512 531 530
f 513 514 532
f 513 532 531
f 514 515 533
f 514 533 532
f 515 516 534
f 515 534 533
f 516 517 535
f 516 535 534
f 517 518 536
f 517 536 535
f 518 519 537
f 518 537 536
f 519 520 538
f 519 538 537
f 520 521 539
f 520 539 538
f 521 522 540
f 521 540 539
f 522 506 524
f 522 524 540
f 524 523 541
f 524 541 542
f 523 525 543
f 523 543 541
f 525 526 544
f 525 544 543
f 526 527 545
f 526 545 544
f 527 528 546
f 527 546 545
f 528 529 547
f 528 547 546
f 529 530 548
f 529 548 547
f 530 531 549
f 530 549 548
f 531 532 550
f 531 550 549
f 532 533 551
f 532 551 550
f 533 534 552
f 533 552 551
f 534 535 553
f 534 553 552
f 535 536 554
f 535 554 553
f 536 537 555
f 536 555 554
f 537 538 556
f 537 556 555
f 538 539 557
f 538 557 556
f 539 540 558
f 539 558 557
f 540 524 542
f 540 542 558
f 542 541 559
f 542 559 560
f 541 543 561
f 541 561 559
f 543 544 562
f 543 562 561
f 544 545 563
f 544 563 562
f 545 546 564
f 545 564 563
f 546 547 565
f 546 565 564
f 547 548 566
f 547 566 565
f 548 549 567
f 548 567 566
f 549 550 568
f 549 568 567
f 550 551 569
f 550 569 568
f 551 552 570
f 551 570 569
f 552 553 571
f 552 571 570
f 553 554 572
f 553 572 571
f 554 555 573
f 554 573 572
f 555 556 574
f 555 574 573
f 556 557 575
f 556 575 574
f 557 558 576
f 557 576 575
f 558 542 560
f 558 560 576
f 560 559 577
f 560 577 578
f 559 561 579
f 559 579 577
f 561 562 580
f 561 580 579
f 562 563 581
f 562 581 580
f 563 564 582
f 563 582 581
f 564 565 583
f 564 583 582
f 565 566 584
f 565 584 583
f 566 567 585
f 566 585 584
f 567 568 586
f 567 586 585
f 568 569 587
f 568 587 586
f 569 570 588
f 569 588 587
f 570 571 589
f 570 589 588
f 571 572 590
f 571 590 589
f 572 573 591
f 572 591 590
f 573 574 592
f 573 592 591
f 574 575 593
f 574 593 592
f 575 576 594
f 575 594 593
f 576 560 578
f 576 578 594
f 578 577 595
f 578 595 596
f 577 579 597
f 577 597 595
f 579 580 598
f 579 598 597
f 580 581 599
f 580 599 598
f 581 582 600
f 581 600 599
f 582 583 601
f 582 601 600
f 583 584 602
f 583 602 601
f 584 585 603
f 584 603 602
f 585 586 604
f 585 604 603
f 586 587 605
f 586 605 604
f 587 588 606
f 587 606 605
f 588 589 607
f 588 607 606
f 589 590 608
f 589 608 607
f 590 591 609
f 590 609 608
f 591 592 610
f 591 610 609
f 592 593 611
f 592 611 610
f 593 594 612
f 593 612 611
f 594 578 596
f 594 596 612
f 596 595 613
f 596 613 614
f 595 597 615
f 595 615 613
f 597 598 616
f 597 616 615
f 598 599 617
f 598 617 616
f 599 600 618
f 599 618 617
f 600 601 619
f 600 619 618
f 601 602 620
f 601 620 619
f 602 603 621
f 602 621 620
f 603 604 622
f 603 622 621
f 604 605 623
f 604 623 622
f 605 606 624
f 605 624 623
f 606 607 625
f 606 625 624
f 607 608 626
f 607 626 625
f 608 609 627
f 608 627 626
f 609 610 628
f 609 628 627
f 610 611 629
f 610 629 628
f 611 612 630
f 611 630 629
f 612 596 614
f 612 614 630
f 614 613 631
f 614 631 632
f 613 615 633
f 613 633 631
f 615 616 634
f 615 634 633
f 616 617 635
f 616 635 634
f 617 618 636
f 617 636 635
f 618 619 637
f 618 637 636
f 619 620 638
f 619 638 637
f 620 621 639
f 620 639 638
f 621 622 640
f 621 640 639
f 622 623 641
f 622 641 640
f 623 624 642
f 623 642 641
f 624 625 643
f 624 643 642
f 625 626 644
f 625 644 643
f 626 627 645
f 626 645 644
f 627 628 646
f 627 646 645
f 628 629 647
f 628 647 646
f 629 630 648
f 629 648 647
f 630 614 632
f 630 632 648
f 632 631 649
f 632 649 650
f 631 633 651
f 631 651 649
f 633 634 652
f 633 652 651
f 634 635 653
f 634 653 652
f 635 636 654
f 635 654 653
f 636 637 655
f 636 655 654
f 637 638 656
f 637 656 655
f 638 639 657
f 638 657 656
f 639 640 658
f 639 658 657
f 640 641 659
f 640 659 658
f 641 642 660
f 641 660 659
f 642 643 661
f 642 661 660
f 643 644 662
f 643 662 661
f 644 645 663
f 644 663 662
f 645 646 664
f 645 664 663
f 646 647 665
f 646 665 664
f 647 648 666
f 647 666 665
f 648 632 650
f 648 650 666
f 650 649 667
f 650 667 668
f 649 651 669
f 649 669 667
f 651 652 670
f 651 670 669
f 652 653 671
f 652 671 670
f 653 654 672
f 653 672 671
f 654 655 673
f 654 673 672
f 655 656 674
f 655 674 673
f 656 657 675
f 656 675 674
f 657 658 676
f 657 676 675
f 658 659 677
f 658 677 676
f 659 660 678
f 659 678 677
f 660 661 679
f 660 679 678
f 661 662 680
f 661 680 679
f 662 663 681
f 662 681 680
f 663 664 682
f 663 682 681
f 664 665 683
f 664 683 682
f 665 666 684
f 665 684 683
f 666 650 668
f 666 668 684
f 668 667 685
f 668 685 686
f 667 669 687
f 667 687 685
f 669 670 688
f 669 688 687
f 670 671 689
f 670 689 688
f 671 672 690
f 671 690 689
f 672 673 691
f 672 691 690
f 673 674 692
f 673 692 691
f 674 675 693
f 674 693 692
f 675 676 694
f 675 694 693
f 676 677 695
f 676 695 694
f 677 678 696
f 677 696 695
f 678 679 697
f 678 697 696
f 679 680 698
f 679 698 697
f 680 681 699
f 680 699 698
f 681 682 700
f 681 700 699
f 682 683 701
f 682 701 700
f 683 684 702
f 683 702 701
f 684 668 686
f 684 686 702
f 686 685 703
f 686 703 704
f 685 687 705
f 685 705 703
f 687 688 706
f 687 706 705
f 688 689 707
f 688 707 706
f 689 690 708
f 689 708 707
f 690 691 709
f 690 709 708
f 691 692 710
f 691 710 709
f 692 693 711
f 692 711 710
f 693 694 712
f 693 712 711
f 694 695 713
f 694 713 712
f 695 696 714
f 695 714 713
f 696 697 715
f 696 715 714
f 697 698 716
f 697 716 715
f 698 699 717
f 698 717 716
f 699 700 718
f 699 718 717
f 700 701 719
f 700 719 718
f 701 702 720
f 701 720 719
f 702 686 704
f 702 704 720
f 704 703 721
f 704 721 722
f 703 705 723
f 703 723 721
f 705 706 724
f 705 724 723
f 706 707 725
f 706 725 724
f 707 708 726
f 707 726 725
f 708 709 727
f 708 727 726
f 709 710 728
f 709 728 727
f 710 711 729
f 710 729 728
f 711 712 730
f 711 730 729
f 712 713 731
f 712 731 730
f 713 714 732
f 713 732 731
f 714 715 733
f 714 733 732
f 715 716 734
f 715 734 733
f 716 717 735
f 716 735 734
f 717 718 736
f 717 736 735
f 718 719 737
f 718 737 736
f 719 720 738
f 719 738 737
f 720 704 722
f 720 722 738
f 722 721 739
f 722 739 740
f 721 723 741
f 721 741 739
f 723 724 742
f 723 742 741
f 724 725 743
f 724 743 742
f 725 726 744
f 725 744 743
f 726 727 745
f 726 745 744
f 727 728 746
f 727 746 745
f 728 729 747
f 728 747 746
f 729 730 748
f 729 748 747
f 730 731 749
f 730 749 748
f 731 732 750
f 731 750 749
f 732 733 751
f 732 751 750
f 733 734 752
f 733 752 751
f 734 735 753
f 734 753 752
f 735 736 754
f 735 754 753
f 736 737 755
f 736 755 754
f 737 738 756
f 737 756 755
f 738 722 740
f 738 740 756
f 740 739 757
f 740 757 758
f 739 741 759
f 739 759 757
f 741 742 760
f 741 760 759
f 742 743 761
f 742 761 760
f 743 744 762
f 743 762 761
f 744 745 763
f 744 763 762
f 745 746 764
f 745 764 763
f 746 747 765
f 746 765 764
f 747 748 766
f 747 766 765
f 748 749 767
f 748 767 766
f 749 750 768
f 749 768 767
f 750 751 769
f 750 769 768
f 751 752 770
f 751 770 769
f 752 753 771
f 752 771 770
f 753 754 772
f 753 772 771
f 754 755 773
f 754 773 772
f 755 756 774
f 755 774 773
f 756 740 758
f 756 758 774
f 758 757 775
f 758 775 776
f 757 759 777
f 757 777 775
f 759 760 778
f 759 778 777
f 760 761 779
f 760 779 778
f 761 762 780
f 761 780 779
f 762 763 781
f 762 781 780
f 763 764 782
f 763 782 781
f 764 765 783
f 764 783 782
f 765 766 784
f 765 784 783
f 766 767 785
f 766 785 784
f 767 768 786
f 767 786 785
f 768 769 787
f 768 787 786
f 769 770 788
f 769 788 787
f 770 771 789
f 770 789 788
f 771 772 790
f 771 790 789
f 772 773 791
f 772 791 790
f 773 774 792
f 773 792 791
f 774 758 776
f 774 776 792
f 776 775 793
f 776 793 794
f 775 777 795
f 775 795 793
f 777 778 796
f 777 796 795
f 778 779 797
f 778 797 796
f 779 780 798
f 779 798 797
f 780 781 799
f 780 799 798
f 781 782 800
f 781 800 799
f 782 783 801
f 782 801 800
f 783 784 802
f 783 802 801
f 784 785 803
f 784 803 802
f 785 786 804
f 785 804 803
f 786 787 805
f 786 805 804
f 787 788 806
f 787 806 805
f 788 789 807
f 788 807 806
f 789 790 808
f 789 808 807
f 790 791 809
f 790 809 808
f 791 792 810
f 791 810 809
f 792 776 794
f 792 794 810
f 794 793 811
f 794 811 812
f 793 795 813
f 793 813 811
f 795 796 814
f 795 814 813
f 796 797 815
f 796 815 814
f 797 798 816
f 797 816 815
f 798 799 817
f 798 817 816
f 799 800 818
f 799 818 817
f 800 801 819
f 800 819 818
f 801 802 820
f 801 820 819
f 802 803 821
f 802 821 820
f 803 804 822
f 803 822 821
f 804 805 823
f 804 823 822
f 805 806 824
f 805 824 823
f 806 807 825
f 806 825 824
f 807 808 826
f 807 826 825
f 808 809 827
f 808 827 826
f 809 810 828
f 809 828 827
f 810 794 812
f 810 812 828
f 812 811 829
f 812 829 830
f 811 813 831
f 811 831 829
f 813 814 832
f 813 832 831
f 814 815 833
f 814 833 832
f 815 816 834
f 815 834 833
f 816 817 835
f 816 835 834
f 817 818 836
f 817 836 835
f 818 819 837
f 818 837 836
f 819 820 838
f 819 838 837
f 820 821 839
f 820 839 838
f 821 822 840
f 821 840 839
f 822 823 841
f 822 841 840
f 823 824 842
f 823 842 841
f 824 825 843
f 824 843 842
f 825 826 844
f 825 844 843
f 826 827 845
f 826 845 844
f 827 828 846
f 827 846 845
f 828 812 830
f 828 830 846
f 830 829 847
f 830 847 848
f 829 831 849
f 829 849 847
f 831 832 850
f 831 850 849
f 832 833 851
f 832 851 850
f 833 834 852
f 833 852 851
f 834 835 853
f 834 853 852
f 835 836 854
f 835 854 853
f 836 837 855
f 836 855 854
f 837 838 856
f 837 856 855
f 838 839 857
f 838 857 856
f 839 840 858
f 839 858 857
f 840 841 859
f 840 859 858
f 841 842 860
f 841 860 859
f 842 843 861
f 842 861 860
f 843 844 862
f 843 862 861
f 844 845 863
f 844 863 862
f 845 846 864
f 845 864 863
f 846 830 848
f 846 848 864
f 848 847 865
f 848 865 866
f 847 849 867
f 847 867 865
f 849 850 868
f 849 868 867
f 850 851 869
f 850 869 868
f 851 852 870
f 851 870 869
f 852 853 871
f 852 871 870
f 853 854 872
f 853 872 871
f 854 855 873
f 854 873 872
f 855 856 874
f 855 874 873
f 856 857 875
f 856 875 874
f 857 858 876
f 857 876 875
f 858 859 877
f 858 877 876
f 859 860 878
f 859 878 877
f 860 861 879
f 860 879 878
f 861 862 880
f 861 880 879
f 862 863 881
f 862 881 880
f 863 864 882
f 863 882 881
f 864 848 866
f 864 866 882
f 866 865 883
f 866 883 884
f 865 867 885
f 865 885 883
f 867 868 886
f 867 886 885
f 868 869 887
f 868 887 886
f 869 870 888
f 869 888 887
f 870 871 889
f 870 889 888
f 871 872 890
f 871 890 889
f 872 873 891
f 872 891 890
f 873 874 892
f 873 892 891
f 874 875 893
f 874 893 892
f 875 876 894
f 875 894 893
f 876 877 895
f 876 895 894
f 877 878 896
f 877 896 895
f 878 879 897
f 878 897 896
f 879 880 898
f 879 898 897
f 880 881 899
f 880 899 898
f 881 882 900
f 881 900 899
f 882 866 884
f 882 884 900
f 884 883 901
f 884 901 902
f 883 885 903
f 883 903 901
f 885 886 904
f 885 904 903
f 886 887 905
f 886 905 904
f 887 888 906
f 887 906 905
f 888 889 907
f 888 907 906
f 889 890 908
f 889 908 907
f 890 891 909
f 890 909 908
f 891 892 910
f 891 910 909
f 892 893 911
f 892 911 910
f 893 894 912
f 893 912 911
f 894 895 913
f 894 913 912
f 895 896 914
f 895 914 913
f 896 897 915
f 896 915 914
f 897 898 916
f 897 916 915
f 898 899 917
f 898 917 916
f 899 900 918
f 899 918 917
f 900 884 902
f 900 902 918
f 902 901 919
f 902 919 920
f 901 903 921
f 901 921 919
f 903 904 922
f 903 922 921
f 904 905 923
f 904 923 922
f 905 906 924
f 905 924 923
f 906 907 925
f 906 925 924
f 907 908 926
f 907 926 925
f 908 909 927
f 908 927 926
f 909 910 928
f 909 928 927
f 910 911 929
f 910 929 928
f 911 912 930
f 911 930 929
f 912 913 931
f 912 931 930
f 913 914 932
f 913 932 931
f 914 915 933
f 914 933 932
f 915 916 934
f 915 934 933
f 916 917 935
f 916 935 934
f 917 918 936
f 917 936 935
f 918 902 920
f 918 920 936
f 920 919 937
f 920 937 938
f 919 921 939
f 919 939 937
f 921 922 940
f 921 940 939
f 922 923 941
f 922 941 940
f 923 924 942
f 923 942 941
f 924 925 943
f 924 943 942
f 925 926 944
f 925 944 943
f 926 927 945
f 926 945 944
f 927 928 946
f 927 946 945
f 928 929 947
f 928 947 946
f 929 930 948
f 929 948 947
f 930 931 949
f 930 949 948
f 931 932 950
f 931 950 949
f 932 933 951
f 932 951 950
f 933 934 952
f 933 952 951
f 934 935 953
f 934 953 952
f 935 936 954
f 935 954 953
f 936 920 938
f 936 938 954
f 938 937 955
f 938 955 956
f 937 939 957
f 937 957 955
f 939 940 958
f 939 958 957
f 940 941 959
f 940 959 958
f 941 942 960
f 941 960 959
f 942 943 961
f 942 961 960
f 943 944 962
f 943 962 961
f 944 945 963
f 944 963 962
f 945 946 964
f 945 964 963
f 946 947 965
f 946 965 964
f 947 948 966
f 947 966 965
f 948 949 967
f 948 967 966
f 949 950 968
f 949 968 967
f 950 951 969
f 950 969 968
f 951 952 970
f 951 970 969
f 952 953 971
f 952 971 970
f 953 954 972
f 953 972 971
f 954 938 956
f 954 956 972
f 956 955 973
f 956 973 974
f 955 957 975
f 955 975 973
f 957 958 976
f 957 976 975
f 958 959 977
f 958 977 976
f 959 960 978
f 959 978 977
f 960 961 979
f 960 979 978
f 961 962 980
f 961 980 979
f 962 963 981
f 962 981 980
f 963 964 982
f 963 982 981
f 964 965 983
f 964 983 982
f 965 966 984
f 965 984 983
f 966 967 985
f 966 985 984
f 967 968 986
f 967 986 985
f 968 969 987
f 968 987 986
f 969 970 988
f 969 988 987
f 970 971 989
f 970 989 988
f 971 972 990
f 971 990 989
f 972 956 974
f 972 974 990
f 974 973 991
f 974 991 992
f 973 975 993
f 973 993 991
f 975 976 994
f 975 994 993
f 976 977 995
f 976 995 994
f 977 978 996
f 977 996 995
f 978 979 997
f 978 997 996
f 979 980 998
f 979 998 997
f 980 981 999
f 980 999 998
f 981 982 1000
f 981 1000 999
f 982 983 1001
f 982 1001 1000
f 983 984 1002
f 983 1002 1001
f 984 985 1003
f 984 1003 1002
f 985 986 1004
f 985 1004 1003
f 986 987 1005
f 986 1005 1004
f 987 988 1006
f 987 1006 1005
f 988 989 1007
f 988 1007 1006
f 989 990 1008
f 989 1008 1007
f 990 974 992
f 990 992 1008
f 992 991 1009
f 992 1009 1010
f 991 993 1011
f 991 1011 1009
f 993 994 1012
f 993 1012 1011
f 994 995 1013
f 994 1013 1012
f 995 996 1014
f 995 1014 1013
f 996 997 1015
f 996 1015 1014
f 997 998 1016
f 997 1016 1015
f 998 999 1017
f 998 1017 1016
f 999 1000 1018
f 999 1018 1017
f 1000 1001 1019
f 1000 1019 1018
f 1001 1002 1020
f 1001 1020 1019
f 1002 1003 1021
f 1002 1021 1020
f 1003 1004 1022
f 1003 1022 1021
f 1004 1005 1023
f 1004 1023 1022
f 1005 1006 1024
f 1005 1024 1023
f 1006 1007 1025
f 1006 1025 1024
f 1007 1008 1026
f 1007 1026 1025
f 1008 992 1010
f 1008 1010 1026
f 1010 1009 1027
f 1010 1027 1028
f 1009 1011 1029
f 1009 1029 1027
f 1011 1012 1030
f 1011 1030 1029
f 1012 1013 1031
f 1012 1031 1030
f 1013 1014 1032
f 1013 1032 1031
f 1014 1015 1033
f 1014 1033 1032
f 1015 1016 1034
f 1015 1034 1033
f 1016 1017 1035
f 1016 1035 1034
f 1017 1018 1036
f 1017 1036 1035
f 1018 1019 1037
f 1018 1037 1036
f 1019 1020 1038
f 1019 1038 1037
f 1020 1021 1039
f 1020 1039 1038
f 1021 1022 1040
f 1021 1040 1039
f 1022 1023 1041
f 1022 1041 1040
f 1023 1024 1042
f 1023 1042 1041
f 1024 1025 1043
f 1024 1043 1042
f 1025 1026 1044
f 1025 1044 1043
f 1026 1010 1028
f 1026 1028 1044
f 1028 1027 1045
f 1028 1045 1046
f 1027 1029 1047
f 1027 1047 1045
f 1029 1030 1048
f 1029 1048 1047
f 1030 1031 1049
f 1030 1049 1048
f 1031 1032 1050
f 1031 1050 1049
f 1032 1033 1051
f 1032 1051 1050
f 1033 1034 1052
f 1033 1052 1051
f 1034 1035 1053
f 1034 1053 1052
f 1035 1036 1054
f 1035 1054 1053
f 1036 1037 1055
f 1036 1055 1054
f 1037 1038 1056
f 1037 1056 1055
f 1038 1039 1057
f 1038 1057 1056
f 1039 1040 1058
f 1039 1058 1057
f 1040 1041 1059
f 1040 1059 1058
f 1041 1042 1060
f 1041 1060 1059
f 1042 1043 1061
f 1042 1061 1060
f 1043 1044 1062
f 1043 1062 1061
f 1044 1028 1046
f 1044 1046 1062
f 1046 1045 1063
f 1046 1063 1064
f 1045 1047 1065
f 1045 1065 1063
f 1047 1048 1066
f 1047 1066 1065
f 1048 1049 1067
f 1048 1067 1066
f 1049 1050 1068
f 1049 1068 1067
f 1050 1051 1069
f 1050 1069 1068
f 1051 1052 1070
f 1051 1070 1069
f 1052 1053 1071
f 1052 1071 1070
f 1053 1054 1072
f 1053 1072 1071
f 1054 1055 1073
f 1054 1073 1072
f 1055 1056 1074
f 1055 1074 1073
f 1056 1057 1075
f 1056 1075 1074
f 1057 1058 1076
f 1057 1076 1075
f 1058 1059 1077
f 1058 1077 1076
f 1059 1060 1078
f 1059 1078 1077
f 1060 1061 1079
f 1060 1079 1078
f 1061 1062 1080
f 1061 1080 1079
f 1062 1046 1064
f 1062 1064 1080
f 1064 1063 1081
f 1064 1081 1082
f 1063 1065 1083
f 1063 1083 1081
f 1065 1066 1084
f 1065 1084 1083
f 1066 1067 1085
f 1066 1085 1084
f 1067 1068 1086
f 1067 1086 1085
f 1068 1069 1087
f 1068 1087 1086
f 1069 1070 1088
f 1069 1088 1087
f 1070 1071 1089
f 1070 1089 1088
f 1071 1072 1090
f 1071 1090 1089
f 1072 1073 1091
f 1072 1091 1090
f 1073 1074 1092
f 1073 1092 1091
f 1074 1075 1093
f 1074 1093 1092
f 1075 1076 1094
f 1075 1094 1093
f 1076 1077 1095
f 1076 1095 1094
f 1077 1078 1096
f 1077 1096 1095
f 1078 1079 1097
f 1078 1097 1096
f 1079 1080 1098
f 1079 1098 1097
f 1080 1064 1082
f 1080 1082 1098
f 1082 1081 1099
f 1082 1099 1100
f 1081 1083 1101
f 1081 1101 1099
f 1083 1084 1102
f 1083 1102 1101
f 1084 1085 1103
f 1084 1103 1102
f 1085 1086 1104
f 1085 1104 1103
f 1086 1087 1105
f 1086 1105 1104
f 1087 1088 1106
f 1087 1106 1105
f 1088 1089 1107
f 1088 1107 1106
f 1089 1090 1108
f 1089 1108 1107
f 1090 1091 1109
f 1090 1109 1108
f 1091 1092 1110
f 1091 1110 1109
f 1092 1093 1111
f 1092 1111 1110
f 1093 1094 1112
f 1093 1112 1111
f 1094 1095 1113
f 1094 1113 1112
f 1095 1096 1114
f 1095 1114 1113
f 1096 1097 1115
f 1096 1115 1114
f 1097 1098 1116
f 1097 1116 1115
f 1098 1082 1100
f 1098 1100 1116
f 1100 1099 1117
f 1100 1117 1118
f 1099 1101 1119
f 1099 1119 1117
f 1101 1102 1120
f 1101 1120 1119
f 1102 1103 1121
f 1102 1121 1120
f 1103 1104 1122
f 1103 1122 1121
f 1104 1105 1123
f 1104 1123 1122
f 1105 1106 1124
f 1105 1124 1123
f 1106 1107 1125
f 1106 1125 1124
f 1107 1108 1126
f 1107 1126 1125
f 1108 1109 1127
f 1108 1127 1126
f 1109 1110 1128
f 1109 1128 1127
f 1110 1111 1129
f 1110 1129 1128
f 1111 1112 1130
f 1111 1130 1129
f 1112 1113 1131
f 1112 1131 1130
f 1113 1114 1132
f 1113 1132 1131
f 1114 1115 1133
f 1114 1133 1132
f 1115 1116 1134
f 1115 1134 1133
f 1116 1100 1118
f 1116 1118 1134
f 1118 1117 1135
f 1118 1135 1136
f 1117 1119 1137
f 1117 1137 1135
f 1119 1120 1138
f 1119 1138 1137
f 1120 1121 1139
f 1120 1139 1138
f 1121 1122 1140
f 1121 1140 1139
f 1122 1123 1141
f 1122 1141 1140
f 1123 1124 1142
f 1123 1142 1141
f 1124 1125 1143
f 1124 1143 1142
f 1125 1126 1144
f 1125 1144 1143
f 1126 1127 1145
f 1126 1145 1144
f 1127 1128 1146
f 1127 1146 1145
f 1128 1129 1147
f 1128 1147 1146
f 1129 1130 1148
f 1129 1148 1147
f 1130 1131 1149
f 1130 1149 1148
f 1131 1132 1150
f 1131 1150 1149
f 1132 1133 1151
f 1132 1151 1150
f 1133 1134 1152
f 1133 1152 1151
f 1134 1118 1136
f 1134 1136 1152
f 1136 1135 1153
f 1136 1153 1154
f 1135 1137 1155
f 1135 1155 1153
f 1137 1138 1156
f 1137 1156 1155
f 1138 1139 1157
f 1138 1157 1156
f 1139 1140 1158
f 1139 1158 1157
f 1140 1141 1159
f 1140 1159 1158
f 1141 1142 1160
f 1141 1160 1159
f 1142 1143 1161
f 1142 1161 1160
f 1143 1144 1162
f 1143 1162 1161
f 1144 1145 1163
f 1144 1163 1162
f 1145 1146 1164
f 1145 1164 1163
f 1146 1147 1165
f 1146 1165 1164
f 1147 1148 1166
f 1147 1166 1165
f 1148 1149 1167
f 1148 1167 1166
f 1149 1150 1168
f 1149 1168 1167
f 1150 1151 1169
f 1150 1169 1168
f 1151 1152 1170
f 1151 1170 1169
f 1152 1136 1154
f 1152 1154 1170
f 1154 1153 1171
f 1154 1171 1172
f 1153 1155 1173
f 1153 1173 1171
f 1155 1156 1174
f 1155 1174 1173
f 1156 1157 1175
f 1156 1175 1174
f 1157 1158 1176
f 1157 1176 1175
f 1158 1159 1177
f 1158 1177 1176
f 1159 1160 1178
f 1159 1178 1177
f 1160 1161 1179
f 1160 1179 1178
f 1161 1162 1180
f 1161 1180 1179
f 1162 1163 1181
f 1162 1181 1180
f 1163 1164 1182
f 1163 1182 1181
f 1164 1165 1183
f 1164 1183 1182
f 1165 1166 1184
f 1165 1184 1183
f 1166 1167 1185
f 1166 1185 1184
f 1167 1168 1186
f 1167 1186 1185
f 1168 1169 1187
f 1168 1187 1186
f 1169 1170 1188
f 1169 1188 1187
f 1170 1154 1172
f 1170 1172 1188
f 1172 1171 1189
f 1172 1189 1190
f 1171 1173 1191
f 1171 1191 1189
f 1173 1174 1192
f 1173 1192 1191
f 1174 1175 1193
f 1174 1193 1192
f 1175 1176 1194
f 1175 1194 1193
f 1176 1177 1195
f 1176 1195 1194
f 1177 1178 1196
f 1177 1196 1195
f 1178 1179 1197
f 1178 1197 1196
f 1179 1180 1198
f 1179 1198 1197
f 1180 1181 1199
f 1180 1199 1198
f 1181 1182 1200
f 1181 1200 1199
f 1182 1183 1201
f 1182 1201 1200
f 1183 1184 1202
f 1183 1202 1201
f 1184 1185 1203
f 1184 1203 1202
f 1185 1186 1204
f 1185 1204 1203
f 1186 1187 1205
f 1186 1205 1204
f 1187 1188 1206
f 1187 1206 1205
f 1188 1172 1190
f 1188 1190 1206
f 1190 1189 1207
f 1190 1207 1208
f 1189 1191 1209
f 1189 1209 1207
f 1191 1192 1210
f 1191 1210 1209
f 1192 1193 1211
f 1192 1211 1210
f 1193 1194 1212
f 1193 1212 1211
f 1194 1195 1213
f 1194 1213 1212
f 1195 1196 1214
f 1195 1214 1213
f 1196 1197 1215
f 1196 1215 1214
f 1197 1198 1216
f 1197 1216 1215
f 1198 1199 1217
f 1198 1217 1216
f 1199 1200 1218
f 1199 1218 1217
f 1200 1201 1219
f 1200 1219 1218
f 1201 1202 1220
f 1201 1220 1219
f 1202 1203 1221
f 1202 1221 1220
f 1203 1204 1222
f 1203 1222 1221
f 1204 1205 1223
f 1204 1223 1222
f 1205 1206 1224
f 1205 1224 1223
f 1206 1190 1208
f 1206 1208 1224
f 1208 1207 1225
f 1208 1225 1226
f 1207 1209 1227
f 1207 1227 1225
f 1209 1210 1228
f 1209 1228 1227
f 1210 1211 1229
f 1210 1229 1228
f 1211 1212 1230
f 1211 1230 1229
f 1212 1213 1231
f 1212 1231 1230
f 1213 1214 1232
f 1213 1232 1231
f 1214 1215 1233
f 1214 1233 1232
f 1215 1216 1234
f 1215 1234 1233
f 1216 1217 1235
f 1216 1235 1234
f 1217 1218 1236
f 1217 1236 1235
f 1218 1219 1237
f 1218 1237 1236
f 1219 1220 1238
f 1219 1238 1237
f 1220 1221 1239
f 1220 1239 1238
f 1221 1222 1240
f 1221 1240 1239
f 1222 1223 1241
f 1222 1241 1240
f 1223 1224 1242
f 1223 1242 1241
f 1224 1208 1226
f 1224 1226 1242
f 1226 1225 1243
f 1226 1243 1244
f 1225 1227 1245
f 1225 1245 1243
f 1227 1228 1246
f 1227 1246 1245
f 1228 1229 1247
f 1228 1247 1246
f 1229 1230 1248
f 1229 1248 1247
f 1230 1231 1249
f 1230 1249 1248
f 1231 1232 1250
f 1231 1250 1249
f 1232 1233 1251
f 1232 1251 1250
f 1233 1234 1252
f 1233 1252 1251
f 1234 1235 1253
f 1234 1253 1252
f 1235 1236 1254
f 1235 1254 1253
f 1236 1237 1255
f 1236 1255 1254
f 1237 1238 1256
f 1237 1256 1255
f 1238 1239 1257
f 1238 1257 1256
f 1239 1240 1258
f 1239 1258 1257
f 1240 1241 1259
f 1240 1259 1258
f 1241 1242 1260
f 1241 1260 1259
f 1242 1226 1244
f 1242 1244 1260
f 1244 1243 1261
f 1244 1261 1262
f 1243 1245 1263
f 1243 1263 1261
f 1245 1246 1264
f 1245 1264 1263
f 1246 1247 1265
f 1246 1265 1264
f 1247 1248 1266
f 1247 1266 1265
f 1248 1249 1267
f 1248 1267 1266
f 1249 1250 1268
f 1249 1268 1267
f 1250 1251 1269
f 1250 1269 1268
f 1251 1252 1270
f 1251 1270 1269
f 1252 1253 1271
f 1252 1271 1270
f 1253 1254 1272
f 1253 1272 1271
f 1254 1255 1273
f 1254 1273 1272
f 1255 1256 1274
f 1255 1274 1273
f 1256 1257 1275
f 1256 1275 1274
f 1257 1258 1276
f 1257 1276 1275
f 1258 1259 1277
f 1258 1277 1276
f 1259 1260 1278
f 1259 1278 1277
f 1260 1244 1262
f 1260 1262 1278
f 1262 1261 1279
f 1262 1279 1280
f 1261 1263 1281
f 1261 1281 1279
f 1263 1264 1282
f 1263 1282 1281
f 1264 1265 1283
f 1264 1283 1282
f 1265 1266 1284
f 1265 1284 1283
f 1266 1267 1285
f 1266 1285 1284
f 1267 1268 1286
f 1267 1286 1285
f 1268 1269 1287
f 1268 1287 1286
f 1269 1270 1288
f 1269 1288 1287
f 1270 1271 1289
f 1270 1289 1288
f 1271 1272 1290
f 1271 1290 1289
f 1272 1273 1291
f 1272 1291 1290
f 1273 1274 1292
f 1273 1292 1291
f 1274 1275 1293
f 1274 1293 1292
f 1275 1276 1294
f 1275 1294 1293
f 1276 1277 1295
f 1276 1295 1294
f 1277 1278 1296
f 1277 1296 1295
f 1278 1262 1280
f 1278 1280 1296
f 1280 1279 1297
f 1280 1297 1298
f 1279 1281 1299
f 1279 1299 1297
f 1281 1282 1300
f 1281 1300 1299
f 1282 1283 1301
f 1282 1301 1300
f 1283 1284 1302
f 1283 1302 1301
f 1284 1285 1303
f 1284 1303 1302
f 1285 1286 1304
f 1285 1304 1303
f 1286 1287 1305
f 1286 1305 1304
f 1287 1288 1306
f 1287 1306 1305
f 1288 1289 1307
f 1288 1307 1306
f 1289 1290 1308
f 1289 1308 1307
f 1290 1291 1309
f 1290 1309 1308
f 1291 1292 1310
f 1291 1310 1309
f 1292 1293 1311
f 1292 1311 1310
f 1293 1294 1312
f 1293 1312 1311
f 1294 1295 1313
f 1294 1313 1312
f 1295 1296 1314
f 1295 1314 1313
f 1296 1280 1298
f 1296 1298 1314
f 1315 2 1
f 1315 5 2
f 1315 7 5
f 1315 9 7
f 1315 11 9
f 1315 13 11
f 1315 15 13
f 1315 17 15
f 1315 19 17
f 1315 21 19
f 1315 23 21
f 1315 25 23
f 1315 27 25
f 1315 29 27
f 1315 31 29
f 1315 33 31
f 1315 35 33
f 1315 1 35
f 1316 1298 1297
f 1316 1297 1299
f 1316 1299 1300
f 1316 1300 1301
f 1316 1301 1302
f 1316 1302 1303
f 1316 1303 1304
f 1316 1304 1305
f 1316 1305 1306
f 1316 1306 1307
f 1316 1307 1308
f 1316 1308 1309
f 1316 1309 1310
f 1316 1310 1311
f 1316 1311 1312
f 1316 1312 1313
f 1316 1313 1314
f 1316 1314 1298
f 1317 1318 1319
f 1317 1319 1320
f 1318 1321 1322
f 1318 1322 1319
f 1321 1323 1324
f 1321 1324 1322
f 1323 1325 1326
f 1323 1326 1324
f 1325 1327 1328
f 1325 1328 1326
f 1327 1329 1330
f 1327 1330 1328
f 1329 1331 1332
f 1329 1332 1330
f 1331 1333 1334
f 1331 1334 1332
f 1333 1335 1336
f 1333 1336 1334
f 1335 1337 1338
f 1335 1338 1336
f 1337 1339 1340
f 1337 1340 1338
f 1339 1341 1342
f 1339 1342 1340
f 1341 1343 1344
f 1341 1344 1342
f 1343 1317 1320
f 1343 1320 1344
f 1320 1319 1345
f 1320 1345 1346
f 1319 1322 1347
f 1319 1347 1345
f 1322 1324 1348
f 1322 1348 1347
f 1324 1326 1349
f 1324 1349 1348
f 1326 1328 1350
f 1326 1350 1349
f 1328 1330 1351
f 1328 1351 1350
f 1330 1332 1352
f 1330 1352 1351
f 1332 1334 1353
f 1332 1353 1352
f 1334 1336 1354
f 1334 1354 1353
f 1336 1338 1355
f 1336 1355 1354
f 1338 1340 1356
f 1338 1356 1355
f 1340 1342 1357
f 1340 1357 1356
f 1342 1344 1358
f 1342 1358 1357
f 1344 1320 1346
f 1344 1346 1358
f 1346 1345 1359
f 1346 1359 1360
f 1345 1347 1361
f 1345 1361 1359
f 1347 1348 1362
f 1347 1362 1361
f 1348 1349 1363
f 1348 1363 1362
f 1349 1350 1364
f 1349 1364 1363
f 1350 1351 1365
f 1350 1365 1364
f 1351 1352 1366
f 1351 1366 1365
f 1352 1353 1367
f 1352 1367 1366
f 1353 1354 1368
f 1353 1368 1367
f 1354 1355 1369
f 1354 1369 1368
f 1355 1356 1370
f 1355 1370 1369
f 1356 1357 1371
f 1356 1371 1370
f 1357 1358 1372
f 1357 1372 1371
f 1358 1346 1360
f 1358 1360 1372
f 1360 1359 1373
f 1360 1373 1374
f 1359 1361 1375
f 1359 1375 1373
f 1361 1362 1376
f 1361 1376 1375
f 1362 1363 1377
f 1362 1377 1376
f 1363 1364 1378
f 1363 1378 1377
f 1364 1365 1379
f 1364 1379 1378
f 1365 1366 1380
f 1365 1380 1379
f 1366 1367 1381
f 1366 1381 1380
f 1367 1368 1382
f 1367 1382 1381
f 1368 1369 1383
f 1368 1383 1382
f 1369 1370 1384
f 1369 1384 1383
f 1370 1371 1385
f 1370 1385 1384
f 1371 1372 1386
f 1371 1386 1385
f 1372 1360 1374
f 1372 1374 1386
f 1374 1373 1387
f 1374 1387 1388
f 1373 1375 1389
f 1373 1389 1387
f 1375 1376 1390
f 1375 1390 1389
f 1376 1377 1391
f 1376 1391 1390
f 1377 1378 1392
f 1377 1392 1391
f 1378 1379 1393
f 1378 1393 1392
f 1379 1380 1394
f 1379 1394 1393
f 1380 1381 1395
f 1380 1395 1394
f 1381 1382 1396
f 1381 1396 1395
f 1382 1383 1397
f 1382 1397 1396
f 1383 1384 1398
f 1383 1398 1397
f 1384 1385 1399
f 1384 1399 1398
f 1385 1386 1400
f 1385 1400 1399
f 1386 1374 1388
f 1386 1388 1400
f 1388 1387 1401
f 1388 1401 1402
f 1387 1389 1403
f 1387 1403 1401
f 1389 1390 1404
f 1389 1404 1403
f 1390 1391 1405
f 1390 1405 1404
f 1391 1392 1406
f 1391 1406 1405
f 1392 1393 1407
f 1392 1407 1406
f 1393 1394 1408
f 1393 1408 1407
f 1394 1395 1409
f 1394 1409 1408
f 1395 1396 1410
f 1395 1410 1409
f 1396 1397 1411
f 1396 1411 1410
f 1397 1398 1412
f 1397 1412 1411
f 1398 1399 1413
f 1398 1413 1412
f 1399 1400 1414
f 1399 1414 1413
f 1400 1388 1402
f 1400 1402 1414
f 1402 1401 1415
f 1402 1415 1416
f 1401 1403 1417
f 1401 1417 1415
f 1403 1404 1418
f 1403 1418 1417
f 1404 1405 1419
f 1404 1419 1418
f 1405 1406 1420
f 1405 1420 1419
f 1406 1407 1421
f 1406 1421 1420
f 1407 1408 1422
f 1407 1422 1421
f 1408 1409 1423
f 1408 1423 1422
f 1409 1410 1424
f 1409 1424 1423
f 1410 1411 1425
f 1410 1425 1424
f 1411 1412 1426
f 1411 1426 1425
f 1412 1413 1427
f 1412 1427 1426
f 1413 1414 1428
f 1413 1428 1427
f 1414 1402 1416
f 1414 1416 1428
f 1416 1415 1429
f 1416 1429 1430
f 1415 1417 1431
f 1415 1431 1429
f 1417 1418 1432
f 1417 1432 1431
f 1418 1419 1433
f 1418 1433 1432
f 1419 1420 1434
f 1419 1434 1433
f 1420 1421 1435
f 1420 1435 1434
f 1421 1422 1436
f 1421 1436 1435
f 1422 1423 1437
f 1422 1437 1436
f 1423 1424 1438
f 1423 1438 1437
f 1424 1425 1439
f 1424 1439 1438
f 1425 1426 1440
f 1425 1440 1439
f 1426 1427 1441
f 1426 1441 1440
f 1427 1428 1442
f 1427 1442 1441
f 1428 1416 1430
f 1428 1430 1442
f 1430 1429 1443
f 1430 1443 1444
f 1429 1431 1445
f 1429 1445 1443
f 1431 1432 1446
f 1431 1446 1445
f 1432 1433 1447
f 1432 1447 1446
f 1433 1434 1448
f 1433 1448 1447
f 1434 1435 1449
f 1434 1449 1448
f 1435 1436 1450
f 1435 1450 1449
f 1436 1437 1451
f 1436 1451 1450
f 1437 1438 1452
f 1437 1452 1451
f 1438 1439 1453
f 1438 1453 1452
f 1439 1440 1454
f 1439 1454 1453
f 1440 1441 1455
f 1440 1455 1454
f 1441 1442 1456
f 1441 1456 1455
f 1442 1430 1444
f 1442 1444 1456
f 1444 1443 1457
f 1444 1457 1458
f 1443 1445 1459
f 1443 1459 1457
f 1445 1446 1460
f 1445 1460 1459
f 1446 1447 1461
f 1446 1461 1460
f 1447 1448 1462
f 1447 1462 1461
f 1448 1449 1463
f 1448 1463 1462
f 1449 1450 1464
f 1449 1464 1463
f 1450 1451 1465
f 1450 1465 1464
f 1451 1452 1466
f 1451 1466 1465
f 1452 1453 1467
f 1452 1467 1466
f 1453 1454 1468
f 1453 1468 1467
f 1454 1455 1469
f 1454 1469 1468
f 1455 1456 1470
f 1455 1470 1469
f 1456 1444 1458
f 1456 1458 1470
f 1458 1457 1471
f 1458 1471 1472
f 1457 1459 1473
f 1457 1473 1471
f 1459 1460 1474
f 1459 1474 1473
f 1460 1461 1475
f 1460 1475 1474
f 1461 1462 1476
f 1461 1476 1475
f 1462 1463 1477
f 1462 1477 1476
f 1463 1464 1478
f 1463 1478 1477
f 1464 1465 1479
f 1464 1479 1478
f 1465 1466 1480
f 1465 1480 1479
f 1466 1467 1481
f 1466 1481 1480
f 1467 1468 1482
f 1467 1482 1481
f 1468 1469 1483
f 1468 1483 1482
f 1469 1470 1484
f 1469 1484 1483
f 1470 1458 1472
f 1470 1472 1484
f 1472 1471 1485
f 1472 1485 1486
f 1471 1473 1487
f 1471 1487 1485
f 1473 1474 1488
f 1473 1488 1487
f 1474 1475 1489
f 1474 1489 1488
f 1475 1476 1490
f 1475 1490 1489
f 1476 1477 1491
f 1476 1491 1490
f 1477 1478 1492
f 1477 1492 1491
f 1478 1479 1493
f 1478 1493 1492
f 1479 1480 1494
f 1479 1494 1493
f 1480 1481 1495
f 1480 1495 1494
f 1481 1482 1496
f 1481 1496 1495
f 1482 1483 1497
f 1482 1497 1496
f 1483 1484 1498
f 1483 1498 1497
f 1484 1472 1486
f 1484 1486 1498
f 1486 1485 1499
f 1486 1499 1500
f 1485 1487 1501
f 1485 1501 1499
f 1487 1488 1502
f 1487 1502 1501
f 1488 1489 1503
f 1488 1503 1502
f 1489 1490 1504
f 1489 1504 1503
f 1490 1491 1505
f 1490 1505 1504
f 1491 1492 1506
f 1491 1506 1505
f 1492 1493 1507
f 1492 1507 1506
f 1493 1494 1508
f 1493 1508 1507
f 1494 1495 1509
f 1494 1509 1508
f 1495 1496 1510
f 1495 1510 1509
f 1496 1497 1511
f 1496 1511 1510
f 1497 1498 1512
f 1497 1512 1511
f 1498 1486 1500
f 1498 1500 1512
f 1500 1499 1513
f 1500 1513 1514
f 1499 1501 1515
f 1499 1515 1513
f 1501 1502 1516
f 1501 1516 1515
f 1502 1503 1517
f 1502 1517 1516
f 1503 1504 1518
f 1503 1518 1517
f 1504 1505 1519
f 1504 1519 1518
f 1505 1506 1520
f 1505 1520 1519
f 1506 1507 1521
f 1506 1521 1520
f 1507 1508 1522
f 1507 1522 1521
f 1508 1509 1523
f 1508 1523 1522
f 1509 1510 1524
f 1509 1524 1523
f 1510 1511 1525
f 1510 1525 1524
f 1511 1512 1526
f 1511 1526 1525
f 1512 1500 1514
f 1512 1514 1526
f 1514 1513 1527
f 1514 1527 1528
f 1513 1515 1529
f 1513 1529 1527
f 1515 1516 1530
f 1515 1530 1529
f 1516 1517 1531
f 1516 1531 1530
f 1517 1518 1532
f 1517 1532 1531
f 1518 1519 1533
f 1518 1533 1532
f 1519 1520 1534
f 1519 1534 1533
f 1520 1521 1535
f 1520 1535 1534
f 1521 1522 1536
f 1521 1536 1535
f 1522 1523 1537
f 1522 1537 1536
f 1523 1524 1538
f 1523 1538 1537
f 1524 1525 1539
f 1524 1539 1538
f 1525 1526 1540
f 1525 1540 1539
f 1526 1514 1528
f 1526 1528 1540
f 1528 1527 1541
f 1528 1541 1542
f 1527 1529 1543
f 1527 1543 1541
f 1529 1530 1544
f 1529 1544 1543
f 1530 1531 1545
f 1530 1545 1544
f 1531 1532 1546
f 1531 1546 1545
f 1532 1533 1547
f 1532 1547 1546
f 1533 1534 1548
f 1533 1548 1547
f 1534 1535 1549
f 1534 1549 1548
f 1535 1536 1550
f 1535 1550 1549
f 1536 1537 1551
f 1536 1551 1550
f 1537 1538 1552
f 1537 1552 1551
f 1538 1539 1553
f 1538 1553 1552
f 1539 1540 1554
f 1539 1554 1553
f 1540 1528 1542
f 1540 1542 1554
f 1542 1541 1555
f 1542 1555 1556
f 1541 1543 1557
f 1541 1557 1555
f 1543 1544 1558
f 1543 1558 1557
f 1544 1545 1559
f 1544 1559 1558
f 1545 1546 1560
f 1545 1560 1559
f 1546 1547 1561
f 1546 1561 1560
f 1547 1548 1562
f 1547 1562 1561
f 1548 1549 1563
f 1548 1563 1562
f 1549 1550 1564
f 1549 1564 1563
f 1550 1551 1565
f 1550 1565 1564
f 1551 1552 1566
f 1551 1566 1565
f 1552 1553 1567
f 1552 1567 1566
f 1553 1554 1568
f 1553 1568 1567
f 1554 1542 1556
f 1554 1556 1568
f 1556 1555 1569
f 1556 1569 1570
f 1555 1557 1571
f 1555 1571 1569
f 1557 1558 1572
f 1557 1572 1571
f 1558 1559 1573
f 1558 1573 1572
f 1559 1560 1574
f 1559 1574 1573
f 1560 1561 1575
f 1560 1575 1574
f 1561 1562 1576
f 1561 1576 1575
f 1562 1563 1577
f 1562 1577 1576
f 1563 1564 1578
f 1563 1578 1577
f 1564 1565 1579
f 1564 1579 1578
f 1565 1566 1580
f 1565 1580 1579
f 1566 1567 1581
f 1566 1581 1580
f 1567 1568 1582
f 1567 1582 1581
f 1568 1556 1570
f 1568 1570 1582
f 1570 1569 1583
f 1570 1583 1584
f 1569 1571 1585
f 1569 1585 1583
f 1571 1572 1586
f 1571 1586 1585
f 1572 1573 1587
f 1572 1587 1586
f 1573 1574 1588
f 1573 1588 1587
f 1574 1575 1589
f 1574 1589 1588
f 1575 1576 1590
f 1575 1590 1589
f 1576 1577 1591
f 1576 1591 1590
f 1577 1578 1592
f 1577 1592 1591
f 1578 1579 1593
f 1578 1593 1592
f 1579 1580 1594
f 1579 1594 1593
f 1580 1581 1595
f 1580 1595 1594
f 1581 1582 1596
f 1581 1596 1595
f 1582 1570 1584
f 1582 1584 1596
f 1584 1583 1597
f 1584 1597 1598
f 1583 1585 1599
f 1583 1599 1597
f 1585 1586 1600
f 1585 1600 1599
f 1586 1587 1601
f 1586 1601 1600
f 1587 1588 1602
f 1587 1602 1601
f 1588 1589 1603
f 1588 1603 1602
f 1589 1590 1604
f 1589 1604 1603
f 1590 1591 1605
f 1590 1605 1604
f 1591 1592 1606
f 1591 1606 1605
f 1592 1593 1607
f 1592 1607 1606
f 1593 1594 1608
f 1593 1608 1607
f 1594 1595 1609
f 1594 1609 1608
f 1595 1596 1610
f 1595 1610 1609
f 1596 1584 1598
f 1596 1598 1610
f 1598 1597 1611
f 1598 1611 1612
f 1597 1599 1613
f 1597 1613 1611
f 1599 1600 1614
f 1599 1614 1613
f 1600 1601 1615
f 1600 1615 1614
f 1601 1602 1616
f 1601 1616 1615
f 1602 1603 1617
f 1602 1617 1616
f 1603 1604 1618
f 1603 1618 1617
f 1604 1605 1619
f 1604 1619 1618
f 1605 1606 1620
f 1605 1620 1619
f 1606 1607 1621
f 1606 1621 1620
f 1607 1608 1622
f 1607 1622 1621
f 1608 1609 1623
f 1608 1623 1622
f 1609 1610 1624
f 1609 1624 1623
f 1610 1598 1612
f 1610 1612 1624
f 1612 1611 1625
f 1612 1625 1626
f 1611 1613 1627
f 1611 1627 1625
f 1613 1614 1628
f 1613 1628 1627
f 1614 1615 1629
f 1614 1629 1628
f 1615 1616 1630
f 1615 1630 1629
f 1616 1617 1631
f 1616 1631 1630
f 1617 1618 1632
f 1617 1632 1631
f 1618 1619 1633
f 1618 1633 1632
f 1619 1620 1634
f 1619 1634 1633
f 1620 1621 1635
f 1620 1635 1634
f 1621 1622 1636
f 1621 1636 1635
f 1622 1623 1637
f 1622 1637 1636
f 1623 1624 1638
f 1623 1638 1637
f 1624 1612 1626
f 1624 1626 1638
f 1626 1625 1639
f 1626 1639 1640
f 1625 1627 1641
f 1625 1641 1639
f 1627 1628 1642
f 1627 1642 1641
f 1628 1629 1643
f 1628 1643 1642
f 1629 1630 1644
f 1629 1644 1643
f 1630 1631 1645
f 1630 1645 1644
f 1631 1632 1646
f 1631 1646 1645
f 1632 1633 1647
f 1632 1647 1646
f 1633 1634 1648
f 1633 1648 1647
f 1634 1635 1649
f 1634 1649 1648
f 1635 1636 1650
f 1635 1650 1649
f 1636 1637 1651
f 1636 1651 1650
f 1637 1638 1652
f 1637 1652 1651
f 1638 1626 1640
f 1638 1640 1652
f 1640 1639 1653
f 1640 1653 1654
f 1639 1641 1655
f 1639 1655 1653
f 1641 1642 1656
f 1641 1656 1655
f 1642 1643 1657
f 1642 1657 1656
f 1643 1644 1658
f 1643 1658 1657
f 1644 1645 1659
f 1644 1659 1658
f 1645 1646 1660
f 1645 1660 1659
f 1646 1647 1661
f 1646 1661 1660
f 1647 1648 1662
f 1647 1662 1661
f 1648 1649 1663
f 1648 1663 1662
f 1649 1650 1664
f 1649 1664 1663
f 1650 1651 1665
f 1650 1665 1664
f 1651 1652 1666
f 1651 1666 1665
f 1652 1640 1654
f 1652 1654 1666
f 1654 1653 1667
f 1654 1667 1668
f 1653 1655 1669
f 1653 1669 1667
f 1655 1656 1670
f 1655 1670 1669
f 1656 1657 1671
f 1656 1671 1670
f 1657 1658 1672
f 1657 1672 1671
f 1658 1659 1673
f 1658 1673 1672
f 1659 1660 1674
f 1659 1674 1673
f 1660 1661 1675
f 1660 1675 1674
f 1661 1662 1676
f 1661 1676 1675
f 1662 1663 1677
f 1662 1677 1676
f 1663 1664 1678
f 1663 1678 1677
f 1664 1665 1679
f 1664 1679 1678
f 1665 1666 1680
f 1665 1680 1679
f 1666 1654 1668
f 1666 1668 1680
f 1668 1667 1681
f 1668 1681 1682
f 1667 1669 1683
f 1667 1683 1681
f 1669 1670 1684
f 1669 1684 1683
f 1670 1671 1685
f 1670 1685 1684
f 1671 1672 1686
f 1671 1686 1685
f 1672 1673 1687
f 1672 1687 1686
f 1673 1674 1688
f 1673 1688 1687
f 1674 1675 1689
f 1674 1689 1688
f 1675 1676 1690
f 1675 1690 1689
f 1676 1677 1691
f 1676 1691 1690
f 1677 1678 1692
f 1677 1692 1691
f 1678 1679 1693
f 1678 1693 1692
f 1679 1680 1694
f 1679 1694 1693
f 1680 1668 1682
f 1680 1682 1694
f 1682 1681 1695
f 1682 1695 1696
f 1681 1683 1697
f 1681 1697 1695
f 1683 1684 1698
f 1683 1698 1697
f 1684 1685 1699
f 1684 1699 1698
f 1685 1686 1700
f 1685 1700 1699
f 1686 1687 1701
f 1686 1701 1700
f 1687 1688 1702
f 1687 1702 1701
f 1688 1689 1703
f 1688 1703 1702
f 1689 1690 1704
f 1689 1704 1703
f 1690 1691 1705
f 1690 1705 1704
f 1691 1692 1706
f 1691 1706 1705
f 1692 1693 1707
f 1692 1707 1706
f 1693 1694 1708
f 1693 1708 1707
f 1694 1682 1696
f 1694 1696 1708
f 1696 1695 1709
f 1696 1709 1710
f 1695 1697 1711
f 1695 1711 1709
f 1697 1698 1712
f 1697 1712 1711
f 1698 1699 1713
f 1698 1713 1712
f 1699 1700 1714
f 1699 1714 1713
f 1700 1701 1715
f 1700 1715 1714
f 1701 1702 1716
f 1701 1716 1715
f 1702 1703 1717
f 1702 1717 1716
f 1703 1704 1718
f 1703 1718 1717
f 1704 1705 1719
f 1704 1719 1718
f 1705 1706 1720
f 1705 1720 1719
f 1706 1707 1721
f 1706 1721 1720
f 1707 1708 1722
f 1707 1722 1721
f 1708 1696 1710
f 1708 1710 1722
f 1710 1709 1723
f 1710 1723 1724
f 1709 1711 1725
f 1709 1725 1723
f 1711 1712 1726
f 1711 1726 1725
f 1712 1713 1727
f 1712 1727 1726
f 1713 1714 1728
f 1713 1728 1727
f 1714 1715 1729
f 1714 1729 1728
f 1715 1716 1730
f 1715 1730 1729
f 1716 1717 1731
f 1716 1731 1730
f 1717 1718 1732
f 1717 1732 1731
f 1718 1719 1733
f 1718 1733 1732
f 1719 1720 1734
f 1719 1734 1733
f 1720 1721 1735
f 1720 1735 1734
f 1721 1722 1736
f 1721 1736 1735
f 1722 1710 1724
f 1722 1724 1736
f 1724 1723 1737
f 1724 1737 1738
f 1723 1725 1739
f 1723 1739 1737
f 1725 1726 1740
f 1725 1740 1739
f 1726 1727 1741
f 1726 1741 1740
f 1727 1728 1742
f 1727 1742 1741
f 1728 1729 1743
f 1728 1743 1742
f 1729 1730 1744
f 1729 1744 1743
f 1730 1731 1745
f 1730 1745 1744
f 1731 1732 1746
f 1731 1746 1745
f 1732 1733 1747
f 1732 1747 1746
f 1733 1734 1748
f 1733 1748 1747
f 1734 1735 1749
f 1734 1749 1748
f 1735 1736 1750
f 1735 1750 1749
f 1736 1724 1738
f 1736 1738 1750
f 1738 1737 1751
f 1738 1751 1752
f 1737 1739 1753
f 1737 1753 1751
f 1739 1740 1754
f 1739 1754 1753
f 1740 1741 1755
f 1740 1755 1754
f 1741 1742 1756
f 1741 1756 1755
f 1742 1743 1757
f 1742 1757 1756
f 1743 1744 1758
f 1743 1758 1757
f 1744 1745 1759
f 1744 1759 1758
f 1745 1746 1760
f 1745 1760 1759
f 1746 1747 1761
f 1746 1761 1760
f 1747 1748 1762
f 1747 1762 1761
f 1748 1749 1763
f 1748 1763 1762
f 1749 1750 1764
f 1749 1764 1763
f 1750 1738 1752
f 1750 1752 1764
f 1752 1751 1765
f 1752 1765 1766
f 1751 1753 1767
f 1751 1767 1765
f 1753 1754 1768
f 1753 1768 1767
f 1754 1755 1769
f 1754 1769 1768
f 1755 1756 1770
f 1755 1770 1769
f 1756 1757 1771
f 1756 1771 1770
f 1757 1758 1772
f 1757 1772 1771
f 1758 1759 1773
f 1758 1773 1772
f 1759 1760 1774
f 1759 1774 1773
f 1760 1761 1775
f 1760 1775 1774
f 1761 1762 1776
f 1761 1776 1775
f 1762 1763 1777
f 1762 1777 1776
f 1763 1764 1778
f 1763 1778 1777
f 1764 1752 1766
f 1764 1766 1778
f 1766 1765 1779
f 1766 1779 1780
f 1765 1767 1781
f 1765 1781 1779
f 1767 1768 1782
f 1767 1782 1781
f 1768 1769 1783
f 1768 1783 1782
f 1769 1770 1784
f 1769 1784 1783
f 1770 1771 1785
f 1770 1785 1784
f 1771 1772 1786
f 1771 1786 1785
f 1772 1773 1787
f 1772 1787 1786
f 1773 1774 1788
f 1773 1788 1787
f 1774 1775 1789
f 1774 1789 1788
f 1775 1776 1790
f 1775 1790 1789
f 1776 1777 1791
f 1776 1791 1790
f 1777 1778 1792
f 1777 1792 1791
f 1778 1766 1780
f 1778 1780 1792
f 1780 1779 1793
f 1780 1793 1794
f 1779 1781 1795
f 1779 1795 1793
f 1781 1782 1796
f 1781 1796 1795
f 1782 1783 1797
f 1782 1797 1796
f 1783 1784 1798
f 1783 1798 1797
f 1784 1785 1799
f 1784 1799 1798
f 1785 1786 1800
f 1785 1800 1799
f 1786 1787 1801
f 1786 1801 1800
f 1787 1788 1802
f 1787 1802 1801
f 1788 1789 1803
f 1788 1803 1802
f 1789 1790 1804
f 1789 1804 1803
f 1790 1791 1805
f 1790 1805 1804
f 1791 1792 1806
f 1791 1806 1805
f 1792 1780 1794
f 1792 1794 1806
f 1794 1793 1807
f 1794 1807 1808
f 1793 1795 1809
f 1793 1809 1807
f 1795 1796 1810
f 1795 1810 1809
f 1796 1797 1811
f 1796 1811 1810
f 1797 1798 1812
f 1797 1812 1811
f 1798 1799 1813
f 1798 1813 1812
f 1799 1800 1814
f 1799 1814 1813
f 1800 1801 1815
f 1800 1815 1814
f 1801 1802 1816
f 1801 1816 1815
f 1802 1803 1817
f 1802 1817 1816
f 1803 1804 1818
f 1803 1818 1817
f 1804 1805 1819
f 1804 1819 1818
f 1805 1806 1820
f 1805 1820 1819
f 1806 1794 1808
f 1806 1808 1820
f 1808 1807 1821
f 1808 1821 1822
f 1807 1809 1823
f 1807 1823 1821
f 1809 1810 1824
f 1809 1824 1823
f 1810 1811 1825
f 1810 1825 1824
f 1811 1812 1826
f 1811 1826 1825
f 1812 1813 1827
f 1812 1827 1826
f 1813 1814 1828
f 1813 1828 1827
f 1814 1815 1829
f 1814 1829 1828
f 1815 1816 1830
f 1815 1830 1829
f 1816 1817 1831
f 1816 1831 1830
f 1817 1818 1832
f 1817 1832 1831
f 1818 1819 1833
f 1818 1833 1832
f 1819 1820 1834
f 1819 1834 1833
f 1820 1808 1822
f 1820 1822 1834
f 1822 1821 1835
f 1822 1835 1836
f 1821 1823 1837
f 1821 1837 1835
f 1823 1824 1838
f 1823 1838 1837
f 1824 1825 1839
f 1824 1839 1838
f 1825 1826 1840
f 1825 1840 1839
f 1826 1827 1841
f 1826 1841 1840
f 1827 1828 1842
f 1827 1842 1841
f 1828 1829 1843
f 1828 1843 1842
f 1829 1830 1844
f 1829 1844 1843
f 1830 1831 1845
f 1830 1845 1844
f 1831 1832 1846
f 1831 1846 1845
f 1832 1833 1847
f 1832 1847 1846
f 1833 1834 1848
f 1833 1848 1847
f 1834 1822 1836
f 1834 1836 1848
f 1836 1835 1849
f 1836 1849 1850
f 1835 1837 1851
f 1835 1851 1849
f 1837 1838 1852
f 1837 1852 1851
f 1838 1839 1853
f 1838 1853 1852
f 1839 1840 1854
f 1839 1854 1853
f 1840 1841 1855
f 1840 1855 1854
f 1841 1842 1856
f 1841 1856 1855
f 1842 1843 1857
f 1842 1857 1856
f 1843 1844 1858
f 1843 1858 1857
f 1844 1845 1859
f 1844 1859 1858
f 1845 1846 1860
f 1845 1860 1859
f 1846 1847 1861
f 1846 1861 1860
f 1847 1848 1862
f 1847 1862 1861
f 1848 1836 1850
f 1848 1850 1862
f 1850 1849 1863
f 1850 1863 1864
f 1849 1851 1865
f 1849 1865 1863
f 1851 1852 1866
f 1851 1866 1865
f 1852 1853 1867
f 1852 1867 1866
f 1853 1854 1868
f 1853 1868 1867
f 1854 1855 1869
f 1854 1869 1868
f 1855 1856 1870
f 1855 1870 1869
f 1856 1857 1871
f 1856 1871 1870
f 1857 1858 1872
f 1857 1872 1871
f 1858 1859 1873
f 1858 1873 1872
f 1859 1860 1874
f 1859 1874 1873
f 1860 1861 1875
f 1860 1875 1874
f 1861 1862 1876
f 1861 1876 1875
f 1862 1850 1864
f 1862 1864 1876
f 1864 1863 1877
f 1864 1877 1878
f 1863 1865 1879
f 1863 1879 1877
f 1865 1866 1880
f 1865 1880 1879
f 1866 1867 1881
f 1866 1881 1880
f 1867 1868 1882
f 1867 1882 1881
f 1868 1869 1883
f 1868 1883 1882
f 1869 1870 1884
f 1869 1884 1883
f 1870 1871 1885
f 1870 1885 1884
f 1871 1872 1886
f 1871 1886 1885
f 1872 1873 1887
f 1872 1887 1886
f 1873 1874 1888
f 1873 1888 1887
f 1874 1875 1889
f 1874 1889 1888
f 1875 1876 1890
f 1875 1890 1889
f 1876 1864 1878
f 1876 1878 1890
f 1878 1877 1891
f 1878 1891 1892
f 1877 1879 1893
f 1877 1893 1891
f 1879 1880 1894
f 1879 1894 1893
f 1880 1881 1895
f 1880 1895 1894
f 1881 1882 1896
f 1881 1896 1895
f 1882 1883 1897
f 1882 1897 1896
f 1883 1884 1898
f 1883 1898 1897
f 1884 1885 1899
f 1884 1899 1898
f 1885 1886 1900
f 1885 1900 1899
f 1886 1887 1901
f 1886 1901 1900
f 1887 1888 1902
f 1887 1902 1901
f 1888 1889 1903
f 1888 1903 1902
f 1889 1890 1904
f 1889 1904 1903
f 1890 1878 1892
f 1890 1892 1904
f 1892 1891 1905
f 1892 1905 1906
f 1891 1893 1907
f 1891 1907 1905
f 1893 1894 1908
f 1893 1908 1907
f 1894 1895 1909
f 1894 1909 1908
f 1895 1896 1910
f 1895 1910 1909
f 1896 1897 1911
f 1896 1911 1910
f 1897 1898 1912
f 1897 1912 1911
f 1898 1899 1913
f 1898 1913 1912
f 1899 1900 1914
f 1899 1914 1913
f 1900 1901 1915
f 1900 1915 1914
f 1901 1902 1916
f 1901 1916 1915
f 1902 1903 1917
f 1902 1917 1916
f 1903 1904 1918
f 1903 1918 1917
f 1904 1892 1906
f 1904 1906 1918
f 1906 1905 1919
f 1906 1919 1920
f 1905 1907 1921
f 1905 1921 1919
f 1907 1908 1922
f 1907 1922 1921
f 1908 1909 1923
f 1908 1923 1922
f 1909 1910 1924
f 1909 1924 1923
f 1910 1911 1925
f 1910 1925 1924
f 1911 1912 1926
f 1911 1926 1925
f 1912 1913 1927
f 1912 1927 1926
f 1913 1914 1928
f 1913 1928 1927
f 1914 1915 1929
f 1914 1929 1928
f 1915 1916 1930
f 1915 1930 1929
f 1916 1917 1931
f 1916 1931 1930
f 1917 1918 1932
f 1917 1932 1931
f 1918 1906 1920
f 1918 1920 1932
f 1920 1919 1933
f 1920 1933 1934
f 1919 1921 1935
f 1919 1935 1933
f 1921 1922 1936
f 1921 1936 1935
f 1922 1923 1937
f 1922 1937 1936
f 1923 1924 1938
f 1923 1938 1937
f 1924 1925 1939
f 1924 1939 1938
f 1925 1926 1940
f 1925 1940 1939
f 1926 1927 1941
f 1926 1941 1940
f 1927 1928 1942
f 1927 1942 1941
f 1928 1929 1943
f 1928 1943 1942
f 1929 1930 1944
f 1929 1944 1943
f 1930 1931 1945
f 1930 1945 1944
f 1931 1932 1946
f 1931 1946 1945
f 1932 1920 1934
f 1932 1934 1946
f 1934 1933 1947
f 1934 1947 1948
f 1933 1935 1949
f 1933 1949 1947
f 1935 1936 1950
f 1935 1950 1949
f 1936 1937 1951
f 1936 1951 1950
f 1937 1938 1952
f 1937 1952 1951
f 1938 1939 1953
f 1938 1953 1952
f 1939 1940 1954
f 1939 1954 1953
f 1940 1941 1955
f 1940 1955 1954
f 1941 1942 1956
f 1941 1956 1955
f 1942 1943 1957
f 1942 1957 1956
f 1943 1944 1958
f 1943 1958 1957
f 1944 1945 1959
f 1944 1959 1958
f 1945 1946 1960
f 1945 1960 1959
f 1946 1934 1948
f 1946 1948 1960
f 1948 1947 1961
f 1948 1961 1962
f 1947 1949 1963
f 1947 1963 1961
f 1949 1950 1964
f 1949 1964 1963
f 1950 1951 1965
f 1950 1965 1964
f 1951 1952 1966
f 1951 1966 1965
f 1952 1953 1967
f 1952 1967 1966
f 1953 1954 1968
f 1953 1968 1967
f 1954 1955 1969
f 1954 1969 1968
f 1955 1956 1970
f 1955 1970 1969
f 1956 1957 1971
f 1956 1971 1970
f 1957 1958 1972
f 1957 1972 1971
f 1958 1959 1973
f 1958 1973 1972
f 1959 1960 1974
f 1959 1974 1973
f 1960 1948 1962
f 1960 1962 1974
f 1962 1961 1975
f 1962 1975 1976
f 1961 1963 1977
f 1961 1977 1975
f 1963 1964 1978
f 1963 1978 1977
f 1964 1965 1979
f 1964 1979 1978
f 1965 1966 1980
f 1965 1980 1979
f 1966 1967 1981
f 1966 1981 1980
f 1967 1968 1982
f 1967 1982 1981
f 1968 1969 1983
f 1968 1983 1982
f 1969 1970 1984
f 1969 1984 1983
f 1970 1971 1985
f 1970 1985 1984
f 1971 1972 1986
f 1971 1986 1985
f 1972 1973 1987
f 1972 1987 1986
f 1973 1974 1988
f 1973 1988 1987
f 1974 1962 1976
f 1974 1976 1988
f 1976 1975 1989
f 1976 1989 1990
f 1975 1977 1991
f 1975 1991 1989
f 1977 1978 1992
f 1977 1992 1991
f 1978 1979 1993
f 1978 1993 1992
f 1979 1980 1994
f 1979 1994 1993
f 1980 1981 1995
f 1980 1995 1994
f 1981 1982 1996
f 1981 1996 1995
f 1982 1983 1997
f 1982 1997 1996
f 1983 1984 1998
f 1983 1998 1997
f 1984 1985 1999
f 1984 1999 1998
f 1985 1986 2000
f 1985 2000 1999
f 1986 1987 2001
f 1986 2001 2000
f 1987 1988 2002
f 1987 2002 2001
f 1988 1976 1990
f 1988 1990 2002
f 1990 1989 2003
f 1990 2003 2004
f 1989 1991 2005
f 1989 2005 2003
f 1991 1992 2006
f 1991 2006 2005
f 1992 1993 2007
f 1992 2007 2006
f 1993 1994 2008
f 1993 2008 2007
f 1994 1995 2009
f 1994 2009 2008
f 1995 1996 2010
f 1995 2010 2009
f 1996 1997 2011
f 1996 2011 2010
f 1997 1998 2012
f 1997 2012 2011
f 1998 1999 2013
f 1998 2013 2012
f 1999 2000 2014
f 1999 2014 2013
f 2000 2001 2015
f 2000 2015 2014
f 2001 2002 2016
f 2001 2016 2015
f 2002 1990 2004
f 2002 2004 2016
f 2004 2003 2017
f 2004 2017 2018
f 2003 2005 2019
f 2003 2019 2017
f 2005 2006 2020
f 2005 2020 2019
f 2006 2007 2021
f 2006 2021 2020
f 2007 2008 2022
f 2007 2022 2021
f 2008 2009 2023
f 2008 2023 2022
f 2009 2010 2024
f 2009 2024 2023
f 2010 2011 2025
f 2010 2025 2024
f 2011 2012 2026
f 2011 2026 2025
f 2012 2013 2027
f 2012 2027 2026
f 2013 2014 2028
f 2013 2028 2027
f 2014 2015 2029
f 2014 2029 2028
f 2015 2016 2030
f 2015 2030 2029
f 2016 2004 2018
f 2016 2018 2030
f 2018 2017 2031
f 2018 2031 2032
f 2017 2019 2033
f 2017 2033 2031
f 2019 2020 2034
f 2019 2034 2033
f 2020 2021 2035
f 2020 2035 2034
f 2021 2022 2036
f 2021 2036 2035
f 2022 2023 2037
f 2022 2037 2036
f 2023 2024 2038
f 2023 2038 2037
f 2024 2025 2039
f 2024 2039 2038
f 2025 2026 2040
f 2025 2040 2039
f 2026 2027 2041
f 2026 2041 2040
f 2027 2028 2042
f 2027 2042 2041
f 2028 2029 2043
f 2028 2043 2042
f 2029 2030 2044
f 2029 2044 2043
f 2030 2018 2032
f 2030 2032 2044
f 2032 2031 2045
f 2032 2045 2046
f 2031 2033 2047
f 2031 2047 2045
f 2033 2034 2048
f 2033 2048 2047
f 2034 2035 2049
f 2034 2049 2048
f 2035 2036 2050
f 2035 2050 2049
f 2036 2037 2051
f 2036 2051 2050
f 2037 2038 2052
f 2037 2052 2051
f 2038 2039 2053
f 2038 2053 2052
f 2039 2040 2054
f 2039 2054 2053
f 2040 2041 2055
f 2040 2055 2054
f 2041 2042 2056
f 2041 2056 2055
f 2042 2043 2057
f 2042 2057 2056
f 2043 2044 2058
f 2043 2058 2057
f 2044 2032 2046
f 2044 2046 2058
f 2046 2045 2059
f 2046 2059 2060
f 2045 2047 2061
f 2045 2061 2059
f 2047 2048 2062
f 2047 2062 2061
f 2048 2049 2063
f 2048 2063 2062
f 2049 2050 2064
f 2049 2064 2063
f 2050 2051 2065
f 2050 2065 2064
f 2051 2052 2066
f 2051 2066 2065
f 2052 2053 2067
f 2052 2067 2066
f 2053 2054 2068
f 2053 2068 2067
f 2054 2055 2069
f 2054 2069 2068
f 2055 2056 2070
f 2055 2070 2069
f 2056 2057 2071
f 2056 2071 2070
f 2057 2058 2072
f 2057 2072 2071
f 2058 2046 2060
f 2058 2060 2072
f 2060 2059 2073
f 2060 2073 2074
f 2059 2061 2075
f 2059 2075 2073
f 2061 2062 2076
f 2061 2076 2075
f 2062 2063 2077
f 2062 2077 2076
f 2063 2064 2078
f 2063 2078 2077
f 2064 2065 2079
f 2064 2079 2078
f 2065 2066 2080
f 2065 2080 2079
f 2066 2067 2081
f 2066 2081 2080
f 2067 2068 2082
f 2067 2082 2081
f 2068 2069 2083
f 2068 2083 2082
f 2069 2070 2084
f 2069 2084 2083
f 2070 2071 2085
f 2070 2085 2084
f 2071 2072 2086
f 2071 2086 2085
f 2072 2060 2074
f 2072 2074 2086
f 2074 2073 2087
f 2074 2087 2088
f 2073 2075 2089
f 2073 2089 2087
f 2075 2076 2090
f 2075 2090 2089
f 2076 2077 2091
f 2076 2091 2090
f 2077 2078 2092
f 2077 2092 2091
f 2078 2079 2093
f 2078 2093 2092
f 2079 2080 2094
f 2079 2094 2093
f 2080 2081 2095
f 2080 2095 2094
f 2081 2082 2096
f 2081 2096 2095
f 2082 2083 2097
f 2082 2097 2096
f 2083 2084 2098
f 2083 2098 2097
f 2084 2085 2099
f 2084 2099 2098
f 2085 2086 2100
f 2085 2100 2099
f 2086 2074 2088
f 2086 2088 2100
f 2088 2087 2101
f 2088 2101 2102
f 2087 2089 2103
f 2087 2103 2101
f 2089 2090 2104
f 2089 2104 2103
f 2090 2091 2105
f 2090 2105 2104
f 2091 2092 2106
f 2091 2106 2105
f 2092 2093 2107
f 2092 2107 2106
f 2093 2094 2108
f 2093 2108 2107
f 2094 2095 2109
f 2094 2109 2108
f 2095 2096 2110
f 2095 2110 2109
f 2096 2097 2111
f 2096 2111 2110
f 2097 2098 2112
f 2097 2112 2111
f 2098 2099 2113
f 2098 2113 2112
f 2099 2100 2114
f 2099 2114 2113
f 2100 2088 2102
f 2100 2102 2114
f 2102 2101 2115
f 2102 2115 2116
f 2101 2103 2117
f 2101 2117 2115
f 2103 2104 2118
f 2103 2118 2117
f 2104 2105 2119
f 2104 2119 2118
f 2105 2106 2120
f 2105 2120 2119
f 2106 2107 2121
f 2106 2121 2120
f 2107 2108 2122
f 2107 2122 2121
f 2108 2109 2123
f 2108 2123 2122
f 2109 2110 2124
f 2109 2124 2123
f 2110 2111 2125
f 2110 2125 2124
f 2111 2112 2126
f 2111 2126 2125
f 2112 2113 2127
f 2112 2127 2126
f 2113 2114 2128
f 2113 2128 2127
f 2114 2102 2116
f 2114 2116 2128
f 2116 2115 2129
f 2116 2129 2130
f 2115 2117 2131
f 2115 2131 2129
f 2117 2118 2132
f 2117 2132 2131
f 2118 2119 2133
f 2118 2133 2132
f 2119 2120 2134
f 2119 2134 2133
f 2120 2121 2135
f 2120 2135 2134
f 2121 2122 2136
f 2121 2136 2135
f 2122 2123 2137
f 2122 2137 2136
f 2123 2124 2138
f 2123 2138 2137
f 2124 2125 2139
f 2124 2139 2138
f 2125 2126 2140
f 2125 2140 2139
f 2126 2127 2141
f 2126 2141 2140
f 2127 2128 2142
f 2127 2142 2141
f 2128 2116 2130
f 2128 2130 2142
f 2130 2129 2143
f 2130 2143 2144
f 2129 2131 2145
f 2129 2145 2143
f 2131 2132 2146
f 2131 2146 2145
f 2132 2133 2147
f 2132 2147 2146
f 2133 2134 2148
f 2133 2148 2147
f 2134 2135 2149
f 2134 2149 2148
f 2135 2136 2150
f 2135 2150 2149
f 2136 2137 2151
f 2136 2151 2150
f 2137 2138 2152
f 2137 2152 2151
f 2138 2139 2153
f 2138 2153 2152
f 2139 2140 2154
f 2139 2154 2153
f 2140 2141 2155
f 2140 2155 2154
f 2141 2142 2156
f 2141 2156 2155
f 2142 2130 2144
f 2142 2144 2156
f 2144 2143 2157
f 2144 2157 2158
f 2143 2145 2159
f 2143 2159 2157
f 2145 2146 2160
f 2145 2160 2159
f 2146 2147 2161
f 2146 2161 2160
f 2147 2148 2162
f 2147 2162 2161
f 2148 2149 2163
f 2148 2163 2162
f 2149 2150 2164
f 2149 2164 2163
f 2150 2151 2165
f 2150 2165 2164
f 2151 2152 2166
f 2151 2166 2165
f 2152 2153 2167
f 2152 2167 2166
f 2153 2154 2168
f 2153 2168 2167
f 2154 2155 2169
f 2154 2169 2168
f 2155 2156 2170
f 2155 2170 2169
f 2156 2144 2158
f 2156 2158 2170
f 2158 2157 2171
f 2158 2171 2172
f 2157 2159 2173
f 2157 2173 2171
f 2159 2160 2174
f 2159 2174 2173
f 2160 2161 2175
f 2160 2175 2174
f 2161 2162 2176
f 2161 2176 2175
f 2162 2163 2177
f 2162 2177 2176
f 2163 2164 2178
f 2163 2178 2177
f 2164 2165 2179
f 2164 2179 2178
f 2165 2166 2180
f 2165 2180 2179
f 2166 2167 2181
f 2166 2181 2180
f 2167 2168 2182
f 2167 2182 2181
f 2168 2169 2183
f 2168 2183 2182
f 2169 2170 2184
f 2169 2184 2183
f 2170 2158 2172
f 2170 2172 2184
f 2172 2171 2185
f 2172 2185 2186
f 2171 2173 2187
f 2171 2187 2185
f 2173 2174 2188
f 2173 2188 2187
f 2174 2175 2189
f 2174 2189 2188
f 2175 2176 2190
f 2175 2190 2189
f 2176 2177 2191
f 2176 2191 2190
f 2177 2178 2192
f 2177 2192 2191
f 2178 2179 2193
f 2178 2193 2192
f 2179 2180 2194
f 2179 2194 2193
f 2180 2181 2195
f 2180 2195 2194
f 2181 2182 2196
f 2181 2196 2195
f 2182 2183 2197
f 2182 2197 2196
f 2183 2184 2198
f 2183 2198 2197
f 2184 2172 2186
f 2184 2186 2198
f 2186 2185 2199
f 2186 2199 2200
f 2185 2187 2201
f 2185 2201 2199
f 2187 2188 2202
f 2187 2202 2201
f 2188 2189 2203
f 2188 2203 2202
f 2189 2190 2204
f 2189 2204 2203
f 2190 2191 2205
f 2190 2205 2204
f 2191 2192 2206
f 2191 2206 2205
f 2192 2193 2207
f 2192 2207 2206
f 2193 2194 2208
f 2193 2208 2207
f 2194 2195 2209
f 2194 2209 2208
f 2195 2196 2210
f 2195 2210 2209
f 2196 2197 2211
f 2196 2211 2210
f 2197 2198 2212
f 2197 2212 2211
f 2198 2186 2200
f 2198 2200 2212
f 2200 2199 2213
f 2200 2213 2214
f 2199 2201 2215
f 2199 2215 2213
f 2201 2202 2216
f 2201 2216 2215
f 2202 2203 2217
f 2202 2217 2216
f 2203 2204 2218
f 2203 2218 2217
f 2204 2205 2219
f 2204 2219 2218
f 2205 2206 2220
f 2205 2220 2219
f 2206 2207 2221
f 2206 2221 2220
f 2207 2208 2222
f 2207 2222 2221
f 2208 2209 2223
f 2208 2223 2222
f 2209 2210 2224
f 2209 2224 2223
f 2210 2211 2225
f 2210 2225 2224
f 2211 2212 2226
f 2211 2226 2225
f 2212 2200 2214
f 2212 2214 2226
f 2227 1318 1317
f 2227 1321 1318
f 2227 1323 1321
f 2227 1325 1323
f 2227 1327 1325
f 2227 1329 1327
f 2227 1331 1329
f 2227 1333 1331
f 2227 1335 1333
f 2227 1337 1335
f 2227 1339 1337
f 2227 1341 1339
f 2227 1343 1341
f 2227 1317 1343
f 2228 2214 2213
f 2228 2213 2215
f 2228 2215 2216
f 2228 2216 2217
f 2228 2217 2218
f 2228 2218 2219
f 2228 2219 2220
f 2228 2220 2221
f 2228 2221 2222
f 2228 2222 2223
f 2228 2223 2224
f 2228 2224 2225
f 2228 2225 2226
f 2228 2226 2214
f 2229 2229 2230
f 2229 2230 2231
f 2229 2229 2232
f 2229 2232 2230
f 2229 2229 2233
f 2229 2233 2232
f 2229 2229 2234
f 2229 2234 2233
f 2229 2229 2235
f 2229 2235 2234
f 2229 2229 2236
f 2229 2236 2235
f 2229 2229 2237
f 2229 2237 2236
f 2229 2229 2238
f 2229 2238 2237
f 2229 2229 2239
f 2229 2239 2238
f 2229 2229 2240
f 2229 2240 2239
f 2229 2229 2241
f 2229 2241 2240
f 2229 2229 2242
f 2229 2242 2241
f 2229 2229 2243
f 2229 2243 2242
f 2229 2229 2244
f 2229 2244 2243
f 2229 2229 2245
f 2229 2245 2244
f 2229 2229 2246
f 2229 2246 2245
f 2229 2229 2247
f 2229 2247 2246
f 2229 2229 2248
f 2229 2248 2247
f 2229 2229 2249
f 2229 2249 2248
f 2229 2229 2250
f 2229 2250 2249
f 2229 2229 2251
f 2229 2251 2250
f 2229 2229 2252
f 2229 2252 2251
f 2229 2229 2253
f 2229 2253 2252
f 2229 2229 2254
f 2229 2254 2253
f 2229 2229 2255
f 2229 2255 2254
f 2229 2229 2256
f 2229 2256 2255
f 2229 2229 2257
f 2229 2257 2256
f 2229 2229 2231
f 2229 2231 2257
f 2231 2230 2258
f 2231 2258 2259
f 2230 2232 2260
f 2230 2260 2258
f 2232 2233 2261
f 2232 2261 2260
f 2233 2234 2262
f 2233 2262 2261
f 2234 2235 2263
f 2234 2263 2262
f 2235 2236 2264
f 2235 2264 2263
f 2236 2237 2265
f 2236 2265 2264
f 2237 2238 2266
f 2237 2266 2265
f 2238 2239 2267
f 2238 2267 2266
f 2239 2240 2268
f 2239 2268 2267
f 2240 2241 2269
f 2240 2269 2268
f 2241 2242 2270
f 2241 2270 2269
f 2242 2243 2271
f 2242 2271 2270
f 2243 2244 2272
f 2243 2272 2271
f 2244 2245 2273
f 2244 2273 2272
f 2245 2246 2274
f 2245 2274 2273
f 2246 2247 2275
f 2246 2275 2274
f 2247 2248 2276
f 2247 2276 2275
f 2248 2249 2277
f 2248 2277 2276
f 2249 2250 2278
f 2249 2278 2277
f 2250 2251 2279
f 2250 2279 2278
f 2251 2252 2280
f 2251 2280 2279
f 2252 2253 2281
f 2252 2281 2280
f 2253 2254 2282
f 2253 2282 2281
f 2254 2255 2283
f 2254 2283 2282
f 2255 2256 2284
f 2255 2284 2283
f 2256 2257 2285
f 2256 2285 2284
f 2257 2231 2259
f 2257 2259 2285
f 2259 2258 2286
f 2259 2286 2287
f 2258 2260 2288
f 2258 2288 2286
f 2260 2261 2289
f 2260 2289 2288
f 2261 2262 2290
f 2261 2290 2289
f 2262 2263 2291
f 2262 2291 2290
f 2263 2264 2292
f 2263 2292 2291
f 2264 2265 2293
f 2264 2293 2292
f 2265 2266 2294
f 2265 2294 2293
f 2266 2267 2295
f 2266 2295 2294
f 2267 2268 2296
f 2267 2296 2295
f 2268 2269 2297
f 2268 2297 2296
f 2269 2270 2298
f 2269 2298 2297
f 2270 2271 2299
f 2270 2299 2298
f 2271 2272 2300
f 2271 2300 2299
f 2272 2273 2301
f 2272 2301 2300
f 2273 2274 2302
f 2273 2302 2301
f 2274 2275 2303
f 2274 2303 2302
f 2275 2276 2304
f 2275 2304 2303
f 2276 2277 2305
f 2276 2305 2304
f 2277 2278 2306
f 2277 2306 2305
f 2278 2279 2307
f 2278 2307 2306
f 2279 2280 2308
f 2279 2308 2307
f 2280 2281 2309
f 2280 2309 2308
f 2281 2282 2310
f 2281 2310 2309
f 2282 2283 2311
f 2282 2311 2310
f 2283 2284 2312
f 2283 2312 2311
f 2284 2285 2313
f 2284 2313 2312
f 2285 2259 2287
f 2285 2287 2313
f 2287 2286 2314
f 2287 2314 2315
f 2286 2288 2316
f 2286 2316 2314
f 2288 2289 2317
f 2288 2317 2316
f 2289 2290 2318
f 2289 2318 2317
f 2290 2291 2319
f 2290 2319 2318
f 2291 2292 2320
f 2291 2320 2319
f 2292 2293 2321
f 2292 2321 2320
f 2293 2294 2322
f 2293 2322 2321
f 2294 2295 2323
f 2294 2323 2322
f 2295 2296 2324
f 2295 2324 2323
f 2296 2297 2325
f 2296 2325 2324
f 2297 2298 2326
f 2297 2326 2325
f 2298 2299 2327
f 2298 2327 2326
f 2299 2300 2328
f 2299 2328 2327
f 2300 2301 2329
f 2300 2329 2328
f 2301 2302 2330
f 2301 2330 2329
f 2302 2303 2331
f 2302 2331 2330
f 2303 2304 2332
f 2303 2332 2331
f 2304 2305 2333
f 2304 2333 2332
f 2305 2306 2334
f 2305 2334 2333
f 2306 2307 2335
f 2306 2335 2334
f 2307 2308 2336
f 2307 2336 2335
f 2308 2309 2337
f 2308 2337 2336
f 2309 2310 2338
f 2309 2338 2337
f 2310 2311 2339
f 2310 2339 2338
f 2311 2312 2340
f 2311 2340 2339
f 2312 2313 2341
f 2312 2341 2340
f 2313 2287 2315
f 2313 2315 2341
f 2315 2314 2342
f 2315 2342 2343
f 2314 2316 2344
f 2314 2344 2342
f 2316 2317 2345
f 2316 2345 2344
f 2317 2318 2346
f 2317 2346 2345
f 2318 2319 2347
f 2318 2347 2346
f 2319 2320 2348
f 2319 2348 2347
f 2320 2321 2349
f 2320 2349 2348
f 2321 2322 2350
f 2321 2350 2349
f 2322 2323 2351
f 2322 2351 2350
f 2323 2324 2352
f 2323 2352 2351
f 2324 2325 2353
f 2324 2353 2352
f 2325 2326 2354
f 2325 2354 2353
f 2326 2327 2355
f 2326 2355 2354
f 2327 2328 2356
f 2327 2356 2355
f 2328 2329 2357
f 2328 2357 2356
f 2329 2330 2358
f 2329 2358 2357
f 2330 2331 2359
f 2330 2359 2358
f 2331 2332 2360
f 2331 2360 2359
f 2332 2333 2361
f 2332 2361 2360
f 2333 2334 2362
f 2333 2362 2361
f 2334 2335 2363
f 2334 2363 2362
f 2335 2336 2364
f 2335 2364 2363
f 2336 2337 2365
f 2336 2365 2364
f 2337 2338 2366
f 2337 2366 2365
f 2338 2339 2367
f 2338 2367 2366
f 2339 2340 2368
f 2339 2368 2367
f 2340 2341 2369
f 2340 2369 2368
f 2341 2315 2343
f 2341 2343 2369
f 2343 2342 2370
f 2343 2370 2371
f 2342 2344 2372
f 2342 2372 2370
f 2344 2345 2373
f 2344 2373 2372
f 2345 2346 2374
f 2345 2374 2373
f 2346 2347 2375
f 2346 2375 2374
f 2347 2348 2376
f 2347 2376 2375
f 2348 2349 2377
f 2348 2377 2376
f 2349 2350 2378
f 2349 2378 2377
f 2350 2351 2379
f 2350 2379 2378
f 2351 2352 2380
f 2351 2380 2379
f 2352 2353 2381
f 2352 2381 2380
f 2353 2354 2382
f 2353 2382 2381
f 2354 2355 2383
f 2354 2383 2382
f 2355 2356 2384
f 2355 2384 2383
f 2356 2357 2385
f 2356 2385 2384
f 2357 2358 2386
f 2357 2386 2385
f 2358 2359 2387
f 2358 2387 2386
f 2359 2360 2388
f 2359 2388 2387
f 2360 2361 2389
f 2360 2389 2388
f 2361 2362 2390
f 2361 2390 2389
f 2362 2363 2391
f 2362 2391 2390
f 2363 2364 2392
f 2363 2392 2391
f 2364 2365 2393
f 2364 2393 2392
f 2365 2366 2394
f 2365 2394 2393
f 2366 2367 2395
f 2366 2395 2394
f 2367 2368 2396
f 2367 2396 2395
f 2368 2369 2397
f 2368 2397 2396
f 2369 2343 2371
f 2369 2371 2397
f 2371 2370 2398
f 2371 2398 2399
f 2370 2372 2400
f 2370 2400 2398
f 2372 2373 2401
f 2372 2401 2400
f 2373 2374 2402
f 2373 2402 2401
f 2374 2375 2403
f 2374 2403 2402
f 2375 2376 2404
f 2375 2404 2403
f 2376 2377 2405
f 2376 2405 2404
f 2377 2378 2406
f 2377 2406 2405
f 2378 2379 2407
f 2378 2407 2406
f 2379 2380 2408
f 2379 2408 2407
f 2380 2381 2409
f 2380 2409 2408
f 2381 2382 2410
f 2381 2410 2409
f 2382 2383 2411
f 2382 2411 2410
f 2383 2384 2412
f 2383 2412 2411
f 2384 2385 2413
f 2384 2413 2412
f 2385 2386 2414
f 2385 2414 2413
f 2386 2387 2415
f 2386 2415 2414
f 2387 2388 2416
f 2387 2416 2415
f 2388 2389 2417
f 2388 2417 2416
f 2389 2390 2418
f 2389 2418 2417
f 2390 2391 2419
f 2390 2419 2418
f 2391 2392 2420
f 2391 2420 2419
f 2392 2393 2421
f 2392 2421 2420
f 2393 2394 2422
f 2393 2422 2421
f 2394 2395 2423
f 2394 2423 2422
f 2395 2396 2424
f 2395 2424 2423
f 2396 2397 2425
f 2396 2425 2424
f 2397 2371 2399
f 2397 2399 2425
f 2399 2398 2426
f 2399 2426 2427
f 2398 2400 2428
f 2398 2428 2426
f 2400 2401 2429
f 2400 2429 2428
f 2401 2402 2430
f 2401 2430 2429
f 2402 2403 2431
f 2402 2431 2430
f 2403 2404 2432
f 2403 2432 2431
f 2404 2405 2433
f 2404 2433 2432
f 2405 2406 2434
f 2405 2434 2433
f 2406 2407 2435
f 2406 2435 2434
f 2407 2408 2436
f 2407 2436 2435
f 2408 2409 2437
f 2408 2437 2436
f 2409 2410 2438
f 2409 2438 2437
f 2410 2411 2439
f 2410 2439 2438
f 2411 2412 2440
f 2411 2440 2439
f 2412 2413 2441
f 2412 2441 2440
f 2413 2414 2442
f 2413 2442 2441
f 2414 2415 2443
f 2414 2443 2442
f 2415 2416 2444
f 2415 2444 2443
f 2416 2417 2445
f 2416 2445 2444
f 2417 2418 2446
f 2417 2446 2445
f 2418 2419 2447
f 2418 2447 2446
f 2419 2420 2448
f 2419 2448 2447
f 2420 2421 2449
f 2420 2449 2448
f 2421 2422 2450
f 2421 2450 2449
f 2422 2423 2451
f 2422 2451 2450
f 2423 2424 2452
f 2423 2452 2451
f 2424 2425 2453
f 2424 2453 2452
f 2425 2399 2427
f 2425 2427 2453
f 2427 2426 2454
f 2427 2454 2455
f 2426 2428 2456
f 2426 2456 2454
f 2428 2429 2457
f 2428 2457 2456
f 2429 2430 2458
f 2429 2458 2457
f 2430 2431 2459
f 2430 2459 2458
f 2431 2432 2460
f 2431 2460 2459
f 2432 2433 2461
f 2432 2461 2460
f 2433 2434 2462
f 2433 2462 2461
f 2434 2435 2463
f 2434 2463 2462
f 2435 2436 2464
f 2435 2464 2463
f 2436 2437 2465
f 2436 2465 2464
f 2437 2438 2466
f 2437 2466 2465
f 2438 2439 2467
f 2438 2467 2466
f 2439 2440 2468
f 2439 2468 2467
f 2440 2441 2469
f 2440 2469 2468
f 2441 2442 2470
f 2441 2470 2469
f 2442 2443 2471
f 2442 2471 2470
f 2443 2444 2472
f 2443 2472 2471
f 2444 2445 2473
f 2444 2473 2472
f 2445 2446 2474
f 2445 2474 2473
f 2446 2447 2475
f 2446 2475 2474
f 2447 2448 2476
f 2447 2476 2475
f 2448 2449 2477
f 2448 2477 2476
f 2449 2450 2478
f 2449 2478 2477
f 2450 2451 2479
f 2450 2479 2478
f 2451 2452 2480
f 2451 2480 2479
f 2452 2453 2481
f 2452 2481 2480
f 2453 2427 2455
f 2453 2455 2481
f 2455 2454 2482
f 2455 2482 2483
f 2454 2456 2484
f 2454 2484 2482
f 2456 2457 2485
f 2456 2485 2484
f 2457 2458 2486
f 2457 2486 2485
f 2458 2459 2487
f 2458 2487 2486
f 2459 2460 2488
f 2459 2488 2487
f 2460 2461 2489
f 2460 2489 2488
f 2461 2462 2490
f 2461 2490 2489
f 2462 2463 2491
f 2462 2491 2490
f 2463 2464 2492
f 2463 2492 2491
f 2464 2465 2493
f 2464 2493 2492
f 2465 2466 2494
f 2465 2494 2493
f 2466 2467 2495
f 2466 2495 2494
f 2467 2468 2496
f 2467 2496 2495
f 2468 2469 2497
f 2468 2497 2496
f 2469 2470 2498
f 2469 2498 2497
f 2470 2471 2499
f 2470 2499 2498
f 2471 2472 2500
f 2471 2500 2499
f 2472 2473 2501
f 2472 2501 2500
f 2473 2474 2502
f 2473 2502 2501
f 2474 2475 2503
f 2474 2503 2502
f 2475 2476 2504
f 2475 2504 2503
f 2476 2477 2505
f 2476 2505 2504
f 2477 2478 2506
f 2477 2506 2505
f 2478 2479 2507
f 2478 2507 2506
f 2479 2480 2508
f 2479 2508 2507
f 2480 2481 2509
f 2480 2509 2508
f 2481 2455 2483
f 2481 2483 2509
f 2483 2482 2510
f 2483 2510 2511
f 2482 2484 2512
f 2482 2512 2510
f 2484 2485 2513
f 2484 2513 2512
f 2485 2486 2514
f 2485 2514 2513
f 2486 2487 2515
f 2486 2515 2514
f 2487 2488 2516
f 2487 2516 2515
f 2488 2489 2517
f 2488 2517 2516
f 2489 2490 2518
f 2489 2518 2517
f 2490 2491 2519
f 2490 2519 2518
f 2491 2492 2520
f 2491 2520 2519
f 2492 2493 2521
f 2492 2521 2520
f 2493 2494 2522
f 2493 2522 2521
f 2494 2495 2523
f 2494 2523 2522
f 2495 2496 2524
f 2495 2524 2523
f 2496 2497 2525
f 2496 2525 2524
f 2497 2498 2526
f 2497 2526 2525
f 2498 2499 2527
f 2498 2527 2526
f 2499 2500 2528
f 2499 2528 2527
f 2500 2501 2529
f 2500 2529 2528
f 2501 2502 2530
f 2501 2530 2529
f 2502 2503 2531
f 2502 2531 2530
f 2503 2504 2532
f 2503 2532 2531
f 2504 2505 2533
f 2504 2533 2532
f 2505 2506 2534
f 2505 2534 2533
f 2506 2507 2535
f 2506 2535 2534
f 2507 2508 2536
f 2507 2536 2535
f 2508 2509 2537
f 2508 2537 2536
f 2509 2483 2511
f 2509 2511 2537
f 2511 2510 2538
f 2511 2538 2539
f 2510 2512 2540
f 2510 2540 2538
f 2512 2513 2541
f 2512 2541 2540
f 2513 2514 2542
f 2513 2542 2541
f 2514 2515 2543
f 2514 2543 2542
f 2515 2516 2544
f 2515 2544 2543
f 2516 2517 2545
f 2516 2545 2544
f 2517 2518 2546
f 2517 2546 2545
f 2518 2519 2547
f 2518 2547 2546
f 2519 2520 2548
f 2519 2548 2547
f 2520 2521 2549
f 2520 2549 2548
f 2521 2522 2550
f 2521 2550 2549
f 2522 2523 2551
f 2522 2551 2550
f 2523 2524 2552
f 2523 2552 2551
f 2524 2525 2553
f 2524 2553 2552
f 2525 2526 2554
f 2525 2554 2553
f 2526 2527 2555
f 2526 2555 2554
f 2527 2528 2556
f 2527 2556 2555
f 2528 2529 2557
f 2528 2557 2556
f 2529 2530 2558
f 2529 2558 2557
f 2530 2531 2559
f 2530 2559 2558
f 2531 2532 2560
f 2531 2560 2559
f 2532 2533 2561
f 2532 2561 2560
f 2533 2534 2562
f 2533 2562 2561
f 2534 2535 2563
f 2534 2563 2562
f 2535 2536 2564
f 2535 2564 2563
f 2536 2537 2565
f 2536 2565 2564
f 2537 2511 2539
f 2537 2539 2565
f 2539 2538 2566
f 2539 2566 2567
f 2538 2540 2568
f 2538 2568 2566
f 2540 2541 2569
f 2540 2569 2568
f 2541 2542 2570
f 2541 2570 2569
f 2542 2543 2571
f 2542 2571 2570
f 2543 2544 2572
f 2543 2572 2571
f 2544 2545 2573
f 2544 2573 2572
f 2545 2546 2574
f 2545 2574 2573
f 2546 2547 2575
f 2546 2575 2574
f 2547 2548 2576
f 2547 2576 2575
f 2548 2549 2577
f 2548 2577 2576
f 2549 2550 2578
f 2549 2578 2577
f 2550 2551 2579
f 2550 2579 2578
f 2551 2552 2580
f 2551 2580 2579
f 2552 2553 2581
f 2552 2581 2580
f 2553 2554 2582
f 2553 2582 2581
f 2554 2555 2583
f 2554 2583 2582
f 2555 2556 2584
f 2555 2584 2583
f 2556 2557 2585
f 2556 2585 2584
f 2557 2558 2586
f 2557 2586 2585
f 2558 2559 2587
f 2558 2587 2586
f 2559 2560 2588
f 2559 2588 2587
f 2560 2561 2589
f 2560 2589 2588
f 2561 2562 2590
f 2561 2590 2589
f 2562 2563 2591
f 2562 2591 2590
f 2563 2564 2592
f 2563 2592 2591
f 2564 2565 2593
f 2564 2593 2592
f 2565 2539 2567
f 2565 2567 2593
f 2567 2566 2594
f 2567 2594 2595
f 2566 2568 2596
f 2566 2596 2594
f 2568 2569 2597
f 2568 2597 2596
f 2569 2570 2598
f 2569 2598 2597
f 2570 2571 2599
f 2570 2599 2598
f 2571 2572 2600
f 2571 2600 2599
f 2572 2573 2601
f 2572 2601 2600
f 2573 2574 2602
f 2573 2602 2601
f 2574 2575 2603
f 2574 2603 2602
f 2575 2576 2604
f 2575 2604 2603
f 2576 2577 2605
f 2576 2605 2604
f 2577 2578 2606
f 2577 2606 2605
f 2578 2579 2607
f 2578 2607 2606
f 2579 2580 2608
f 2579 2608 2607
f 2580 2581 2609
f 2580 2609 2608
f 2581 2582 2610
f 2581 2610 2609
f 2582 2583 2611
f 2582 2611 2610
f 2583 2584 2612
f 2583 2612 2611
f 2584 2585 2613
f 2584 2613 2612
f 2585 2586 2614
f 2585 2614 2613
f 2586 2587 2615
f 2586 2615 2614
f 2587 2588 2616
f 2587 2616 2615
f 2588 2589 2617
f 2588 2617 2616
f 2589 2590 2618
f 2589 2618 2617
f 2590 2591 2619
f 2590 2619 2618
f 2591 2592 2620
f 2591 2620 2619
f 2592 2593 2621
f 2592 2621 2620
f 2593 2567 2595
f 2593 2595 2621
f 2595 2594 2622
f 2595 2622 2623
f 2594 2596 2624
f 2594 2624 2622
f 2596 2597 2625
f 2596 2625 2624
f 2597 2598 2626
f 2597 2626 2625
f 2598 2599 2627
f 2598 2627 2626
f 2599 2600 2628
f 2599 2628 2627
f 2600 2601 2629
f 2600 2629 2628
f 2601 2602 2630
f 2601 2630 2629
f 2602 2603 2631
f 2602 2631 2630
f 2603 2604 2632
f 2603 2632 2631
f 2604 2605 2633
f 2604 2633 2632
f 2605 2606 2634
f 2605 2634 2633
f 2606 2607 2635
f 2606 2635 2634
f 2607 2608 2636
f 2607 2636 2635
f 2608 2609 2637
f 2608 2637 2636
f 2609 2610 2638
f 2609 2638 2637
f 2610 2611 2639
f 2610 2639 2638
f 2611 2612 2640
f 2611 2640 2639
f 2612 2613 2641
f 2612 2641 2640
f 2613 2614 2642
f 2613 2642 2641
f 2614 2615 2643
f 2614 2643 2642
f 2615 2616 2644
f 2615 2644 2643
f 2616 2617 2645
f 2616 2645 2644
f 2617 2618 2646
f 2617 2646 2645
f 2618 2619 2647
f 2618 2647 2646
f 2619 2620 2648
f 2619 2648 2647
f 2620 2621 2649
f 2620 2649 2648
f 2621 2595 2623
f 2621 2623 2649
f 2623 2622 2650
f 2623 2650 2651
f 2622 2624 2652
f 2622 2652 2650
f 2624 2625 2653
f 2624 2653 2652
f 2625 2626 2654
f 2625 2654 2653
f 2626 2627 2655
f 2626 2655 2654
f 2627 2628 2656
f 2627 2656 2655
f 2628 2629 2657
f 2628 2657 2656
f 2629 2630 2658
f 2629 2658 2657
f 2630 2631 2659
f 2630 2659 2658
f 2631 2632 2660
f 2631 2660 2659
f 2632 2633 2661
f 2632 2661 2660
f 2633 2634 2662
f 2633 2662 2661
f 2634 2635 2663
f 2634 2663 2662
f 2635 2636 2664
f 2635 2664 2663
f 2636 2637 2665
f 2636 2665 2664
f 2637 2638 2666
f 2637 2666 2665
f 2638 2639 2667
f 2638 2667 2666
f 2639 2640 2668
f 2639 2668 2667
f 2640 2641 2669
f 2640 2669 2668
f 2641 2642 2670
f 2641 2670 2669
f 2642 2643 2671
f 2642 2671 2670
f 2643 2644 2672
f 2643 2672 2671
f 2644 2645 2673
f 2644 2673 2672
f 2645 2646 2674
f 2645 2674 2673
f 2646 2647 2675
f 2646 2675 2674
f 2647 2648 2676
f 2647 2676 2675
f 2648 2649 2677
f 2648 2677 2676
f 2649 2623 2651
f 2649 2651 2677
f 2651 2650 2678
f 2651 2678 2679
f 2650 2652 2680
f 2650 2680 2678
f 2652 2653 2681
f 2652 2681 2680
f 2653 2654 2682
f 2653 2682 2681
f 2654 2655 2683
f 2654 2683 2682
f 2655 2656 2684
f 2655 2684 2683
f 2656 2657 2685
f 2656 2685 2684
f 2657 2658 2686
f 2657 2686 2685
f 2658 2659 2687
f 2658 2687 2686
f 2659 2660 2688
f 2659 2688 2687
f 2660 2661 2689
f 2660 2689 2688
f 2661 2662 2690
f 2661 2690 2689
f 2662 2663 2691
f 2662 2691 2690
f 2663 2664 2692
f 2663 2692 2691
f 2664 2665 2693
f 2664 2693 2692
f 2665 2666 2694
f 2665 2694 2693
f 2666 2667 2695
f 2666 2695 2694
f 2667 2668 2696
f 2667 2696 2695
f 2668 2669 2697
f 2668 2697 2696
f 2669 2670 2698
f 2669 2698 2697
f 2670 2671 2699
f 2670 2699 2698
f 2671 2672 2700
f 2671 2700 2699
f 2672 2673 2701
f 2672 2701 2700
f 2673 2674 2702
f 2673 2702 2701
f 2674 2675 2703
f 2674 2703 2702
f 2675 2676 2704
f 2675 2704 2703
f 2676 2677 2705
f 2676 2705 2704
f 2677 2651 2679
f 2677 2679 2705
f 2679 2678 2706
f 2679 2706 2706
f 2678 2680 2706
f 2678 2706 2706
f 2680 2681 2706
f 2680 2706 2706
f 2681 2682 2706
f 2681 2706 2706
f 2682 2683 2706
f 2682 2706 2706
f 2683 2684 2706
f 2683 2706 2706
f 2684 2685 2706
f 2684 2706 2706
f 2685 2686 2706
f 2685 2706 2706
f 2686 2687 2706
f 2686 2706 2706
f 2687 2688 2706
f 2687 2706 2706
f 2688 2689 2706
f 2688 2706 2706
f 2689 2690 2706
f 2689 2706 2706
f 2690 2691 2706
f 2690 2706 2706
f 2691 2692 2706
f 2691 2706 2706
f 2692 2693 2706
f 2692 2706 2706
f 2693 2694 2706
f 2693 2706 2706
f 2694 2695 2706
f 2694 2706 2706
f 2695 2696 2706
f 2695 2706 2706
f 2696 2697 2706
f 2696 2706 2706
f 2697 2698 2706
f 2697 2706 2706
f 2698 2699 2706
f 2698 2706 2706
f 2699 2700 2706
f 2699 2706 2706
f 2700 2701 2706
f 2700 2706 2706
f 2701 2702 2706
f 2701 2706 2706
f 2702 2703 2706
f 2702 2706 2706
f 2703 2704 2706
f 2703 2706 2706
f 2704 2705 2706
f 2704 2706 2706
f 2705 2679 2706
f 2705 2706 2706
f 2707 2708 2709
f 2707 2709 2710
f 2711 2712 2713
f 2711 2713 2714
f 2707 2711 2714
f 2707 2714 2708
f 2710 2709 2713
f 2710 2713 2712
f 2707 2710 2712
f 2707 2712 2711
f 2708 2714 2713
f 2708 2713 2709
f 2715 2715 2716
f 2715 2716 2717
f 2715 2715 2718
f 2715 2718 2716
f 2715 2715 2719
f 2715 2719 2718
f 2715 2715 2720
f 2715 2720 2719
f 2715 2715 2721
f 2715 2721 2720
f 2715 2715 2722
f 2715 2722 2721
f 2715 2715 2723
f 2715 2723 2722
f 2715 2715 2724
f 2715 2724 2723
f 2715 2715 2725
f 2715 2725 2724
f 2715 2715 2726
f 2715 2726 2725
f 2715 2715 2727
f 2715 2727 2726
f 2715 2715 2728
f 2715 2728 2727
f 2715 2715 2729
f 2715 2729 2728
f 2715 2715 2730
f 2715 2730 2729
f 2715 2715 2731
f 2715 2731 2730
f 2715 2715 2717
f 2715 2717 2731
f 2717 2716 2732
f 2717 2732 2733
f 2716 2718 2734
f 2716 2734 2732
f 2718 2719 2735
f 2718 2735 2734
f 2719 2720 2736
f 2719 2736 2735
f 2720 2721 2737
f 2720 2737 2736
f 2721 2722 2738
f 2721 2738 2737
f 2722 2723 2739
f 2722 2739 2738
f 2723 2724 2740
f 2723 2740 2739
f 2724 2725 2741
f 2724 2741 2740
f 2725 2726 2742
f 2725 2742 2741
f 2726 2727 2743
f 2726 2743 2742
f 2727 2728 2744
f 2727 2744 2743
f 2728 2729 2745
f 2728 2745 2744
f 2729 2730 2746
f 2729 2746 2745
f 2730 2731 2747
f 2730 2747 2746
f 2731 2717 2733
f 2731 2733 2747
f 2733 2732 2748
f 2733 2748 2749
f 2732 2734 2750
f 2732 2750 2748
f 2734 2735 2751
f 2734 2751 2750
f 2735 2736 2752
f 2735 2752 2751
f 2736 2737 2753
f 2736 2753 2752
f 2737 2738 2754
f 2737 2754 2753
f 2738 2739 2755
f 2738 2755 2754
f 2739 2740 2756
f 2739 2756 2755
f 2740 2741 2757
f 2740 2757 2756
f 2741 2742 2758
f 2741 2758 2757
f 2742 2743 2759
f 2742 2759 2758
f 2743 2744 2760
f 2743 2760 2759
f 2744 2745 2761
f 2744 2761 2760
f 2745 2746 2762
f 2745 2762 2761
f 2746 2747 2763
f 2746 2763 2762
f 2747 2733 2749
f 2747 2749 2763
f 2749 2748 2764
f 2749 2764 2765
f 2748 2750 2766
f 2748 2766 2764
f 2750 2751 2767
f 2750 2767 2766
f 2751 2752 2768
f 2751 2768 2767
f 2752 2753 2769
f 2752 2769 2768
f 2753 2754 2770
f 2753 2770 2769
f 2754 2755 2771
f 2754 2771 2770
f 2755 2756 2772
f 2755 2772 2771
f 2756 2757 2773
f 2756 2773 2772
f 2757 2758 2774
f 2757 2774 2773
f 2758 2759 2775
f 2758 2775 2774
f 2759 2760 2776
f 2759 2776 2775
f 2760 2761 2777
f 2760 2777 2776
f 2761 2762 2778
f 2761 2778 2777
f 2762 2763 2779
f 2762 2779 2778
f 2763 2749 2765
f 2763 2765 2779
f 2765 2764 2780
f 2765 2780 2781
f 2764 2766 2782
f 2764 2782 2780
f 2766 2767 2783
f 2766 2783 2782
f 2767 2768 2784
f 2767 2784 2783
f 2768 2769 2785
f 2768 2785 2784
f 2769 2770 2786
f 2769 2786 2785
f 2770 2771 2787
f 2770 2787 2786
f 2771 2772 2788
f 2771 2788 2787
f 2772 2773 2789
f 2772 2789 2788
f 2773 2774 2790
f 2773 2790 2789
f 2774 2775 2791
f 2774 2791 2790
f 2775 2776 2792
f 2775 2792 2791
f 2776 2777 2793
f 2776 2793 2792
f 2777 2778 2794
f 2777 2794 2793
f 2778 2779 2795
f 2778 2795 2794
f 2779 2765 2781
f 2779 2781 2795
f 2781 2780 2796
f 2781 2796 2797
f 2780 2782 2798
f 2780 2798 2796
f 2782 2783 2799
f 2782 2799 2798
f 2783 2784 2800
f 2783 2800 2799
f 2784 2785 2801
f 2784 2801 2800
f 2785 2786 2802
f 2785 2802 2801
f 2786 2787 2803
f 2786 2803 2802
f 2787 2788 2804
f 2787 2804 2803
f 2788 2789 2805
f 2788 2805 2804
f 2789 2790 2806
f 2789 2806 2805
f 2790 2791 2807
f 2790 2807 2806
f 2791 2792 2808
f 2791 2808 2807
f 2792 2793 2809
f 2792 2809 2808
f 2793 2794 2810
f 2793 2810 2809
f 2794 2795 2811
f 2794 2811 2810
f 2795 2781 2797
f 2795 2797 2811
f 2797 2796 2812
f 2797 2812 2813
f 2796 2798 2814
f 2796 2814 2812
f 2798 2799 2815
f 2798 2815 2814
f 2799 2800 2816
f 2799 2816 2815
f 2800 2801 2817
f 2800 2817 2816
f 2801 2802 2818
f 2801 2818 2817
f 2802 2803 2819
f 2802 2819 2818
f 2803 2804 2820
f 2803 2820 2819
f 2804 2805 2821
f 2804 2821 2820
f 2805 2806 2822
f 2805 2822 2821
f 2806 2807 2823
f 2806 2823 2822
f 2807 2808 2824
f 2807 2824 2823
f 2808 2809 2825
f 2808 2825 2824
f 2809 2810 2826
f 2809 2826 2825
f 2810 2811 2827
f 2810 2827 2826
f 2811 2797 2813
f 2811 2813 2827
f 2813 2812 2828
f 2813 2828 2829
f 2812 2814 2830
f 2812 2830 2828
f 2814 2815 2831
f 2814 2831 2830
f 2815 2816 2832
f 2815 2832 2831
f 2816 2817 2833
f 2816 2833 2832
f 2817 2818 2834
f 2817 2834 2833
f 2818 2819 2835
f 2818 2835 2834
f 2819 2820 2836
f 2819 2836 2835
f 2820 2821 2837
f 2820 2837 2836
f 2821 2822 2838
f 2821 2838 2837
f 2822 2823 2839
f 2822 2839 2838
f 2823 2824 2840
f 2823 2840 2839
f 2824 2825 2841
f 2824 2841 2840
f 2825 2826 2842
f 2825 2842 2841
f 2826 2827 2843
f 2826 2843 2842
f 2827 2813 2829
f 2827 2829 2843
f 2829 2828 2844
f 2829 2844 2845
f 2828 2830 2846
f 2828 2846 2844
f 2830 2831 2847
f 2830 2847 2846
f 2831 2832 2848
f 2831 2848 2847
f 2832 2833 2849
f 2832 2849 2848
f 2833 2834 2850
f 2833 2850 2849
f 2834 2835 2851
f 2834 2851 2850
f 2835 2836 2852
f 2835 2852 2851
f 2836 2837 2853
f 2836 2853 2852
f 2837 2838 2854
f 2837 2854 2853
f 2838 2839 2855
f 2838 2855 2854
f 2839 2840 2856
f 2839 2856 2855
f 2840 2841 2857
f 2840 2857 2856
f 2841 2842 2858
f 2841 2858 2857
f 2842 2843 2859
f 2842 2859 2858
f 2843 2829 2845
f 2843 2845 2859
f 2845 2844 2860
f 2845 2860 2860
f 2844 2846 2860
f 2844 2860 2860
f 2846 2847 2860
f 2846 2860 2860
f 2847 2848 2860
f 2847 2860 2860
f 2848 2849 2860
f 2848 2860 2860
f 2849 2850 2860
f 2849 2860 2860
f 2850 2851 2860
f 2850 2860 2860
f 2851 2852 2860
f 2851 2860 2860
f 2852 2853 2860
f 2852 2860 2860
f 2853 2854 2860
f 2853 2860 2860
f 2854 2855 2860
f 2854 2860 2860
f 2855 2856 2860
f 2855 2860 2860
f 2856 2857 2860
f 2856 2860 2860
f 2857 2858 2860
f 2857 2860 2860
f 2858 2859 2860
f 2858 2860 2860
f 2859 2845 2860
f 2859 2860 2860
f 2861 2861 2862
f 2861 2862 2863
f 2861 2861 2864
f 2861 2864 2862
f 2861 2861 2865
f 2861 2865 2864
f 2861 2861 2866
f 2861 2866 2865
f 2861 2861 2867
f 2861 2867 2866
f 2861 2861 2868
f 2861 2868 2867
f 2861 2861 2869
f 2861 2869 2868
f 2861 2861 2870
f 2861 2870 2869
f 2861 2861 2871
f 2861 2871 2870
f 2861 2861 2872
f 2861 2872 2871
f 2861 2861 2873
f 2861 2873 2872
f 2861 2861 2874
f 2861 2874 2873
f 2861 2861 2875
f 2861 2875 2874
f 2861 2861 2876
f 2861 2876 2875
f 2861 2861 2877
f 2861 2877 2876
f 2861 2861 2878
f 2861 2878 2877
f 2861 2861 2879
f 2861 2879 2878
f 2861 2861 2880
f 2861 2880 2879
f 2861 2861 2881
f 2861 2881 2880
f 2861 2861 2863
f 2861 2863 2881
f 2863 2862 2882
f 2863 2882 2883
f 2862 2864 2884
f 2862 2884 2882
f 2864 2865 2885
f 2864 2885 2884
f 2865 2866 2886
f 2865 2886 2885
f 2866 2867 2887
f 2866 2887 2886
f 2867 2868 2888
f 2867 2888 2887
f 2868 2869 2889
f 2868 2889 2888
f 2869 2870 2890
f 2869 2890 2889
f 2870 2871 2891
f 2870 2891 2890
f 2871 2872 2892
f 2871 2892 2891
f 2872 2873 2893
f 2872 2893 2892
f 2873 2874 2894
f 2873 2894 2893
f 2874 2875 2895
f 2874 2895 2894
f 2875 2876 2896
f 2875 2896 2895
f 2876 2877 2897
f 2876 2897 2896
f 2877 2878 2898
f 2877 2898 2897
f 2878 2879 2899
f 2878 2899 2898
f 2879 2880 2900
f 2879 2900 2899
f 2880 2881 2901
f 2880 2901 2900
f 2881 2863 2883
f 2881 2883 2901
f 2883 2882 2902
f 2883 2902 2903
f 2882 2884 2904
f 2882 2904 2902
f 2884 2885 2905
f 2884 2905 2904
f 2885 2886 2906
f 2885 2906 2905
f 2886 2887 2907
f 2886 2907 2906
f 2887 2888 2908
f 2887 2908 2907
f 2888 2889 2909
f 2888 2909 2908
f 2889 2890 2910
f 2889 2910 2909
f 2890 2891 2911
f 2890 2911 2910
f 2891 2892 2912
f 2891 2912 2911
f 2892 2893 2913
f 2892 2913 2912
f 2893 2894 2914
f 2893 2914 2913
f 2894 2895 2915
f 2894 2915 2914
f 2895 2896 2916
f 2895 2916 2915
f 2896 2897 2917
f 2896 2917 2916
f 2897 2898 2918
f 2897 2918 2917
f 2898 2899 2919
f 2898 2919 2918
f 2899 2900 2920
f 2899 2920 2919
f 2900 2901 2921
f 2900 2921 2920
f 2901 2883 2903
f 2901 2903 2921
f 2903 2902 2922
f 2903 2922 2923
f 2902 2904 2924
f 2902 2924 2922
f 2904 2905 2925
f 2904 2925 2924
f 2905 2906 2926
f 2905 2926 2925
f 2906 2907 2927
f 2906 2927 2926
f 2907 2908 2928
f 2907 2928 2927
f 2908 2909 2929
f 2908 2929 2928
f 2909 2910 2930
f 2909 2930 2929
f 2910 2911 2931
f 2910 2931 2930
f 2911 2912 2932
f 2911 2932 2931
f 2912 2913 2933
f 2912 2933 2932
f 2913 2914 2934
f 2913 2934 2933
f 2914 2915 2935
f 2914 2935 2934
f 2915 2916 2936
f 2915 2936 2935
f 2916 2917 2937
f 2916 2937 2936
f 2917 2918 2938
f 2917 2938 2937
f 2918 2919 2939
f 2918 2939 2938
f 2919 2920 2940
f 2919 2940 2939
f 2920 2921 2941
f 2920 2941 2940
f 2921 2903 2923
f 2921 2923 2941
f 2923 2922 2942
f 2923 2942 2943
f 2922 2924 2944
f 2922 2944 2942
f 2924 2925 2945
f 2924 2945 2944
f 2925 2926 2946
f 2925 2946 2945
f 2926 2927 2947
f 2926 2947 2946
f 2927 2928 2948
f 2927 2948 2947
f 2928 2929 2949
f 2928 2949 2948
f 2929 2930 2950
f 2929 2950 2949
f 2930 2931 2951
f 2930 2951 2950
f 2931 2932 2952
f 2931 2952 2951
f 2932 2933 2953
f 2932 2953 2952
f 2933 2934 2954
f 2933 2954 2953
f 2934 2935 2955
f 2934 2955 2954
f 2935 2936 2956
f 2935 2956 2955
f 2936 2937 2957
f 2936 2957 2956
f 2937 2938 2958
f 2937 2958 2957
f 2938 2939 2959
f 2938 2959 2958
f 2939 2940 2960
f 2939 2960 2959
f 2940 2941 2961
f 2940 2961 2960
f 2941 2923 2943
f 2941 2943 2961
f 2943 2942 2962
f 2943 2962 2963
f 2942 2944 2964
f 2942 2964 2962
f 2944 2945 2965
f 2944 2965 2964
f 2945 2946 2966
f 2945 2966 2965
f 2946 2947 2967
f 2946 2967 2966
f 2947 2948 2968
f 2947 2968 2967
f 2948 2949 2969
f 2948 2969 2968
f 2949 2950 2970
f 2949 2970 2969
f 2950 2951 2971
f 2950 2971 2970
f 2951 2952 2972
f 2951 2972 2971
f 2952 2953 2973
f 2952 2973 2972
f 2953 2954 2974
f 2953 2974 2973
f 2954 2955 2975
f 2954 2975 2974
f 2955 2956 2976
f 2955 2976 2975
f 2956 2957 2977
f 2956 2977 2976
f 2957 2958 2978
f 2957 2978 2977
f 2958 2959 2979
f 2958 2979 2978
f 2959 2960 2980
f 2959 2980 2979
f 2960 2961 2981
f 2960 2981 2980
f 2961 2943 2963
f 2961 2963 2981
f 2963 2962 2982
f 2963 2982 2983
f 2962 2964 2984
f 2962 2984 2982
f 2964 2965 2985
f 2964 2985 2984
f 2965 2966 2986
f 2965 2986 2985
f 2966 2967 2987
f 2966 2987 2986
f 2967 2968 2988
f 2967 2988 2987
f 2968 2969 2989
f 2968 2989 2988
f 2969 2970 2990
f 2969 2990 2989
f 2970 2971 2991
f 2970 2991 2990
f 2971 2972 2992
f 2971 2992 2991
f 2972 2973 2993
f 2972 2993 2992
f 2973 2974 2994
f 2973 2994 2993
f 2974 2975 2995
f 2974 2995 2994
f 2975 2976 2996
f 2975 2996 2995
f 2976 2977 2997
f 2976 2997 2996
f 2977 2978 2998
f 2977 2998 2997
f 2978 2979 2999
f 2978 2999 2998
f 2979 2980 3000
f 2979 3000 2999
f 2980 2981 3001
f 2980 3001 3000
f 2981 2963 2983
f 2981 2983 3001
f 2983 2982 3002
f 2983 3002 3003
f 2982 2984 3004
f 2982 3004 3002
f 2984 2985 3005
f 2984 3005 3004
f 2985 2986 3006
f 2985 3006 3005
f 2986 2987 3007
f 2986 3007 3006
f 2987 2988 3008
f 2987 3008 3007
f 2988 2989 3009
f 2988 3009 3008
f 2989 2990 3010
f 2989 3010 3009
f 2990 2991 3011
f 2990 3011 3010
f 2991 2992 3012
f 2991 3012 3011
f 2992 2993 3013
f 2992 3013 3012
f 2993 2994 3014
f 2993 3014 3013
f 2994 2995 3015
f 2994 3015 3014
f 2995 2996 3016
f 2995 3016 3015
f 2996 2997 3017
f 2996 3017 3016
f 2997 2998 3018
f 2997 3018 3017
f 2998 2999 3019
f 2998 3019 3018
f 2999 3000 3020
f 2999 3020 3019
f 3000 3001 3021
f 3000 3021 3020
f 3001 2983 3003
f 3001 3003 3021
f 3003 3002 3022
f 3003 3022 3023
f 3002 3004 3024
f 3002 3024 3022
f 3004 3005 3025
f 3004 3025 3024
f 3005 3006 3026
f 3005 3026 3025
f 3006 3007 3027
f 3006 3027 3026
f 3007 3008 3028
f 3007 3028 3027
f 3008 3009 3029
f 3008 3029 3028
f 3009 3010 3030
f 3009 3030 3029
f 3010 3011 3031
f 3010 3031 3030
f 3011 3012 3032
f 3011 3032 3031
f 3012 3013 3033
f 3012 3033 3032
f 3013 3014 3034
f 3013 3034 3033
f 3014 3015 3035
f 3014 3035 3034
f 3015 3016 3036
f 3015 3036 3035
f 3016 3017 3037
f 3016 3037 3036
f 3017 3018 3038
f 3017 3038 3037
f 3018 3019 3039
f 3018 3039 3038
f 3019 3020 3040
f 3019 3040 3039
f 3020 3021 3041
f 3020 3041 3040
f 3021 3003 3023
f 3021 3023 3041
f 3023 3022 3042
f 3023 3042 3043
f 3022 3024 3044
f 3022 3044 3042
f 3024 3025 3045
f 3024 3045 3044
f 3025 3026 3046
f 3025 3046 3045
f 3026 3027 3047
f 3026 3047 3046
f 3027 3028 3048
f 3027 3048 3047
f 3028 3029 3049
f 3028 3049 3048
f 3029 3030 3050
f 3029 3050 3049
f 3030 3031 3051
f 3030 3051 3050
f 3031 3032 3052
f 3031 3052 3051
f 3032 3033 3053
f 3032 3053 3052
f 3033 3034 3054
f 3033 3054 3053
f 3034 3035 3055
f 3034 3055 3054
f 3035 3036 3056
f 3035 3056 3055
f 3036 3037 3057
f 3036 3057 3056
f 3037 3038 3058
f 3037 3058 3057
f 3038 3039 3059
f 3038 3059 3058
f 3039 3040 3060
f 3039 3060 3059
f 3040 3041 3061
f 3040 3061 3060
f 3041 3023 3043
f 3041 3043 3061
f 3043 3042 3062
f 3043 3062 3063
f 3042 3044 3064
f 3042 3064 3062
f 3044 3045 3065
f 3044 3065 3064
f 3045 3046 3066
f 3045 3066 3065
f 3046 3047 3067
f 3046 3067 3066
f 3047 3048 3068
f 3047 3068 3067
f 3048 3049 3069
f 3048 3069 3068
f 3049 3050 3070
f 3049 3070 3069
f 3050 3051 3071
f 3050 3071 3070
f 3051 3052 3072
f 3051 3072 3071
f 3052 3053 3073
f 3052 3073 3072
f 3053 3054 3074
f 3053 3074 3073
f 3054 3055 3075
f 3054 3075 3074
f 3055 3056 3076
f 3055 3076 3075
f 3056 3057 3077
f 3056 3077 3076
f 3057 3058 3078
f 3057 3078 3077
f 3058 3059 3079
f 3058 3079 3078
f 3059 3060 3080
f 3059 3080 3079
f 3060 3061 3081
f 3060 3081 3080
f 3061 3043 3063
f 3061 3063 3081
f 3063 3062 3082
f 3063 3082 3082
f 3062 3064 3082
f 3062 3082 3082
f 3064 3065 3082
f 3064 3082 3082
f 3065 3066 3082
f 3065 3082 3082
f 3066 3067 3082
f 3066 3082 3082
f 3067 3068 3082
f 3067 3082 3082
f 3068 3069 3082
f 3068 3082 3082
f 3069 3070 3082
f 3069 3082 3082
f 3070 3071 3082
f 3070 3082 3082
f 3071 3072 3082
f 3071 3082 3082
f 3072 3073 3082
f 3072 3082 3082
f 3073 3074 3082
f 3073 3082 3082
f 3074 3075 3082
f 3074 3082 3082
f 3075 3076 3082
f 3075 3082 3082
f 3076 3077 3082
f 3076 3082 3082
f 3077 3078 3082
f 3077 3082 3082
f 3078 3079 3082
f 3078 3082 3082
f 3079 3080 3082
f 3079 3082 3082
f 3080 3081 3082
f 3080 3082 3082
f 3081 3063 3082
f 3081 3082 3082
f 3083 3084 3085
f 3083 3085 3086
f 3084 3087 3088
f 3084 3088 3085
f 3087 3089 3090
f 3087 3090 3088
f 3089 3091 3092
f 3089 3092 3090
f 3091 3093 3094
f 3091 3094 3092
f 3093 3095 3096
f 3093 3096 3094
f 3095 3097 3098
f 3095 3098 3096
f 3097 3099 3100
f 3097 3100 3098
f 3099 3101 3102
f 3099 3102 3100
f 3101 3103 3104
f 3101 3104 3102
f 3103 3105 3106
f 3103 3106 3104
f 3105 3107 3108
f 3105 3108 3106
f 3107 3109 3110
f 3107 3110 3108
f 3109 3111 3112
f 3109 3112 3110
f 3111 3113 3114
f 3111 3114 3112
f 3113 3115 3116
f 3113 3116 3114
f 3115 3117 3118
f 3115 3118 3116
f 3117 3119 3120
f 3117 3120 3118
f 3119 3121 3122
f 3119 3122 3120
f 3121 3083 3086
f 3121 3086 3122
f 3123 3084 3083
f 3124 3086 3085
f 3123 3087 3084
f 3124 3085 3088
f 3123 3089 3087
f 3124 3088 3090
f 3123 3091 3089
f 3124 3090 3092
f 3123 3093 3091
f 3124 3092 3094
f 3123 3095 3093
f 3124 3094 3096
f 3123 3097 3095
f 3124 3096 3098
f 3123 3099 3097
f 3124 3098 3100
f 3123 3101 3099
f 3124 3100 3102
f 3123 3103 3101
f 3124 3102 3104
f 3123 3105 3103
f 3124 3104 3106
f 3123 3107 3105
f 3124 3106 3108
f 3123 3109 3107
f 3124 3108 3110
f 3123 3111 3109
f 3124 3110 3112
f 3123 3113 3111
f 3124 3112 3114
f 3123 3115 3113
f 3124 3114 3116
f 3123 3117 3115
f 3124 3116 3118
f 3123 3119 3117
f 3124 3118 3120
f 3123 3121 3119
f 3124 3120 3122
f 3123 3083 3121
f 3124 3122 3086
f 3125 3125 3126
f 3125 3126 3127
f 3125 3125 3128
f 3125 3128 3126
f 3125 3125 3129
f 3125 3129 3128
f 3125 3125 3130
f 3125 3130 3129
f 3125 3125 3131
f 3125 3131 3130
f 3125 3125 3132
f 3125 3132 3131
f 3125 3125 3133
f 3125 3133 3132
f 3125 3125 3134
f 3125 3134 3133
f 3125 3125 3135
f 3125 3135 3134
f 3125 3125 3136
f 3125 3136 3135
f 3125 3125 3137
f 3125 3137 3136
f 3125 3125 3138
f 3125 3138 3137
f 3125 3125 3139
f 3125 3139 3138
f 3125 3125 3140
f 3125 3140 3139
f 3125 3125 3141
f 3125 3141 3140
f 3125 3125 3142
f 3125 3142 3141
f 3125 3125 3143
f 3125 3143 3142
f 3125 3125 3144
f 3125 3144 3143
f 3125 3125 3145
f 3125 3145 3144
f 3125 3125 3127
f 3125 3127 3145
f 3127 3126 3146
f 3127 3146 3147
f 3126 3128 3148
f 3126 3148 3146
f 3128 3129 3149
f 3128 3149 3148
f 3129 3130 3150
f 3129 3150 3149
f 3130 3131 3151
f 3130 3151 3150
f 3131 3132 3152
f 3131 3152 3151
f 3132 3133 3153
f 3132 3153 3152
f 3133 3134 3154
f 3133 3154 3153
f 3134 3135 3155
f 3134 3155 3154
f 3135 3136 3156
f 3135 3156 3155
f 3136 3137 3157
f 3136 3157 3156
f 3137 3138 3158
f 3137 3158 3157
f 3138 3139 3159
f 3138 3159 3158
f 3139 3140 3160
f 3139 3160 3159
f 3140 3141 3161
f 3140 3161 3160
f 3141 3142 3162
f 3141 3162 3161
f 3142 3143 3163
f 3142 3163 3162
f 3143 3144 3164
f 3143 3164 3163
f 3144 3145 3165
f 3144 3165 3164
f 3145 3127 3147
f 3145 3147 3165
f 3147 3146 3166
f 3147 3166 3167
f 3146 3148 3168
f 3146 3168 3166
f 3148 3149 3169
f 3148 3169 3168
f 3149 3150 3170
f 3149 3170 3169
f 3150 3151 3171
f 3150 3171 3170
f 3151 3152 3172
f 3151 3172 3171
f 3152 3153 3173
f 3152 3173 3172
f 3153 3154 3174
f 3153 3174 3173
f 3154 3155 3175
f 3154 3175 3174
f 3155 3156 3176
f 3155 3176 3175
f 3156 3157 3177
f 3156 3177 3176
f 3157 3158 3178
f 3157 3178 3177
f 3158 3159 3179
f 3158 3179 3178
f 3159 3160 3180
f 3159 3180 3179
f 3160 3161 3181
f 3160 3181 3180
f 3161 3162 3182
f 3161 3182 3181
f 3162 3163 3183
f 3162 3183 3182
f 3163 3164 3184
f 3163 3184 3183
f 3164 3165 3185
f 3164 3185 3184
f 3165 3147 3167
f 3165 3167 3185
f 3167 3166 3186
f 3167 3186 3187
f 3166 3168 3188
f 3166 3188 3186
f 3168 3169 3189
f 3168 3189 3188
f 3169 3170 3190
f 3169 3190 3189
f 3170 3171 3191
f 3170 3191 3190
f 3171 3172 3192
f 3171 3192 3191
f 3172 3173 3193
f 3172 3193 3192
f 3173 3174 3194
f 3173 3194 3193
f 3174 3175 3195
f 3174 3195 3194
f 3175 3176 3196
f 3175 3196 3195
f 3176 3177 3197
f 3176 3197 3196
f 3177 3178 3198
f 3177 3198 3197
f 3178 3179 3199
f 3178 3199 3198
f 3179 3180 3200
f 3179 3200 3199
f 3180 3181 3201
f 3180 3201 3200
f 3181 3182 3202
f 3181 3202 3201
f 3182 3183 3203
f 3182 3203 3202
f 3183 3184 3204
f 3183 3204 3203
f 3184 3185 3205
f 3184 3205 3204
f 3185 3167 3187
f 3185 3187 3205
f 3187 3186 3206
f 3187 3206 3207
f 3186 3188 3208
f 3186 3208 3206
f 3188 3189 3209
f 3188 3209 3208
f 3189 3190 3210
f 3189 3210 3209
f 3190 3191 3211
f 3190 3211 3210
f 3191 3192 3212
f 3191 3212 3211
f 3192 3193 3213
f 3192 3213 3212
f 3193 3194 3214
f 3193 3214 3213
f 3194 3195 3215
f 3194 3215 3214
f 3195 3196 3216
f 3195 3216 3215
f 3196 3197 3217
f 3196 3217 3216
f 3197 3198 3218
f 3197 3218 3217
f 3198 3199 3219
f 3198 3219 3218
f 3199 3200 3220
f 3199 3220 3219
f 3200 3201 3221
f 3200 3221 3220
f 3201 3202 3222
f 3201 3222 3221
f 3202 3203 3223
f 3202 3223 3222
f 3203 3204 3224
f 3203 3224 3223
f 3204 3205 3225
f 3204 3225 3224
f 3205 3187 3207
f 3205 3207 3225
f 3207 3206 3226
f 3207 3226 3227
f 3206 3208 3228
f 3206 3228 3226
f 3208 3209 3229
f 3208 3229 3228
f 3209 3210 3230
f 3209 3230 3229
f 3210 3211 3231
f 3210 3231 3230
f 3211 3212 3232
f 3211 3232 3231
f 3212 3213 3233
f 3212 3233 3232
f 3213 3214 3234
f 3213 3234 3233
f 3214 3215 3235
f 3214 3235 3234
f 3215 3216 3236
f 3215 3236 3235
f 3216 3217 3237
f 3216 3237 3236
f 3217 3218 3238
f 3217 3238 3237
f 3218 3219 3239
f 3218 3239 3238
f 3219 3220 3240
f 3219 3240 3239
f 3220 3221 3241
f 3220 3241 3240
f 3221 3222 3242
f 3221 3242 3241
f 3222 3223 3243
f 3222 3243 3242
f 3223 3224 3244
f 3223 3244 3243
f 3224 3225 3245
f 3224 3245 3244
f 3225 3207 3227
f 3225 3227 3245
f 3227 3226 3246
f 3227 3246 3247
f 3226 3228 3248
f 3226 3248 3246
f 3228 3229 3249
f 3228 3249 3248
f 3229 3230 3250
f 3229 3250 3249
f 3230 3231 3251
f 3230 3251 3250
f 3231 3232 3252
f 3231 3252 3251
f 3232 3233 3253
f 3232 3253 3252
f 3233 3234 3254
f 3233 3254 3253
f 3234 3235 3255
f 3234 3255 3254
f 3235 3236 3256
f 3235 3256 3255
f 3236 3237 3257
f 3236 3257 3256
f 3237 3238 3258
f 3237 3258 3257
f 3238 3239 3259
f 3238 3259 3258
f 3239 3240 3260
f 3239 3260 3259
f 3240 3241 3261
f 3240 3261 3260
f 3241 3242 3262
f 3241 3262 3261
f 3242 3243 3263
f 3242 3263 3262
f 3243 3244 3264
f 3243 3264 3263
f 3244 3245 3265
f 3244 3265 3264
f 3245 3227 3247
f 3245 3247 3265
f 3247 3246 3266
f 3247 3266 3267
f 3246 3248 3268
f 3246 3268 3266
f 3248 3249 3269
f 3248 3269 3268
f 3249 3250 3270
f 3249 3270 3269
f 3250 3251 3271
f 3250 3271 3270
f 3251 3252 3272
f 3251 3272 3271
f 3252 3253 3273
f 3252 3273 3272
f 3253 3254 3274
f 3253 3274 3273
f 3254 3255 3275
f 3254 3275 3274
f 3255 3256 3276
f 3255 3276 3275
f 3256 3257 3277
f 3256 3277 3276
f 3257 3258 3278
f 3257 3278 3277
f 3258 3259 3279
f 3258 3279 3278
f 3259 3260 3280
f 3259 3280 3279
f 3260 3261 3281
f 3260 3281 3280
f 3261 3262 3282
f 3261 3282 3281
f 3262 3263 3283
f 3262 3283 3282
f 3263 3264 3284
f 3263 3284 3283
f 3264 3265 3285
f 3264 3285 3284
f 3265 3247 3267
f 3265 3267 3285
f 3267 3266 3286
f 3267 3286 3287
f 3266 3268 3288
f 3266 3288 3286
f 3268 3269 3289
f 3268 3289 3288
f 3269 3270 3290
f 3269 3290 3289
f 3270 3271 3291
f 3270 3291 3290
f 3271 3272 3292
f 3271 3292 3291
f 3272 3273 3293
f 3272 3293 3292
f 3273 3274 3294
f 3273 3294 3293
f 3274 3275 3295
f 3274 3295 3294
f 3275 3276 3296
f 3275 3296 3295
f 3276 3277 3297
f 3276 3297 3296
f 3277 3278 3298
f 3277 3298 3297
f 3278 3279 3299
f 3278 3299 3298
f 3279 3280 3300
f 3279 3300 3299
f 3280 3281 3301
f 3280 3301 3300
f 3281 3282 3302
f 3281 3302 3301
f 3282 3283 3303
f 3282 3303 3302
f 3283 3284 3304
f 3283 3304 3303
f 3284 3285 3305
f 3284 3305 3304
f 3285 3267 3287
f 3285 3287 3305
f 3287 3286 3306
f 3287 3306 3307
f 3286 3288 3308
f 3286 3308 3306
f 3288 3289 3309
f 3288 3309 3308
f 3289 3290 3310
f 3289 3310 3309
f 3290 3291 3311
f 3290 3311 3310
f 3291 3292 3312
f 3291 3312 3311
f 3292 3293 3313
f 3292 3313 3312
f 3293 3294 3314
f 3293 3314 3313
f 3294 3295 3315
f 3294 3315 3314
f 3295 3296 3316
f 3295 3316 3315
f 3296 3297 3317
f 3296 3317 3316
f 3297 3298 3318
f 3297 3318 3317
f 3298 3299 3319
f 3298 3319 3318
f 3299 3300 3320
f 3299 3320 3319
f 3300 3301 3321
f 3300 3321 3320
f 3301 3302 3322
f 3301 3322 3321
f 3302 3303 3323
f 3302 3323 3322
f 3303 3304 3324
f 3303 3324 3323
f 3304 3305 3325
f 3304 3325 3324
f 3305 3287 3307
f 3305 3307 3325
f 3307 3306 3326
f 3307 3326 3327
f 3306 3308 3328
f 3306 3328 3326
f 3308 3309 3329
f 3308 3329 3328
f 3309 3310 3330
f 3309 3330 3329
f 3310 3311 3331
f 3310 3331 3330
f 3311 3312 3332
f 3311 3332 3331
f 3312 3313 3333
f 3312 3333 3332
f 3313 3314 3334
f 3313 3334 3333
f 3314 3315 3335
f 3314 3335 3334
f 3315 3316 3336
f 3315 3336 3335
f 3316 3317 3337
f 3316 3337 3336
f 3317 3318 3338
f 3317 3338 3337
f 3318 3319 3339
f 3318 3339 3338
f 3319 3320 3340
f 3319 3340 3339
f 3320 3321 3341
f 3320 3341 3340
f 3321 3322 3342
f 3321 3342 3341
f 3322 3323 3343
f 3322 3343 3342
f 3323 3324 3344
f 3323 3344 3343
f 3324 3325 3345
f 3324 3345 3344
f 3325 3307 3327
f 3325 3327 3345
f 3327 3326 3346
f 3327 3346 3346
f 3326 3328 3346
f 3326 3346 3346
f 3328 3329 3346
f 3328 3346 3346
f 3329 3330 3346
f 3329 3346 3346
f 3330 3331 3346
f 3330 3346 3346
f 3331 3332 3346
f 3331 3346 3346
f 3332 3333 3346
f 3332 3346 3346
f 3333 3334 3346
f 3333 3346 3346
f 3334 3335 3346
f 3334 3346 3346
f 3335 3336 3346
f 3335 3346 3346
f 3336 3337 3346
f 3336 3346 3346
f 3337 3338 3346
f 3337 3346 3346
f 3338 3339 3346
f 3338 3346 3346
f 3339 3340 3346
f 3339 3346 3346
f 3340 3341 3346
f 3340 3346 3346
f 3341 3342 3346
f 3341 3346 3346
f 3342 3343 3346
f 3342 3346 3346
f 3343 3344 3346
f 3343 3346 3346
f 3344 3345 3346
f 3344 3346 3346
f 3345 3327 3346
f 3345 3346 3346
f 3347 3348 3349
f 3347 3349 3350
f 3348 3351 3352
f 3348 3352 3349
f 3351 3353 3354
f 3351 3354 3352
f 3353 3355 3356
f 3353 3356 3354
f 3355 3357 3358
f 3355 3358 3356
f 3357 3359 3360
f 3357 3360 3358
f 3359 3361 3362
f 3359 3362 3360
f 3361 3363 3364
f 3361 3364 3362
f 3363 3365 3366
f 3363 3366 3364
f 3365 3367 3368
f 3365 3368 3366
f 3367 3369 3370
f 3367 3370 3368
f 3369 3371 3372
f 3369 3372 3370
f 3371 3373 3374
f 3371 3374 3372
f 3373 3375 3376
f 3373 3376 3374
f 3375 3377 3378
f 3375 3378 3376
f 3377 3379 3380
f 3377 3380 3378
f 3379 3381 3382
f 3379 3382 3380
f 3381 3383 3384
f 3381 3384 3382
f 3383 3385 3386
f 3383 3386 3384
f 3385 3347 3350
f 3385 3350 3386
f 3387 3348 3347
f 3388 3350 3349
f 3387 3351 3348
f 3388 3349 3352
f 3387 3353 3351
f 3388 3352 3354
f 3387 3355 3353
f 3388 3354 3356
f 3387 3357 3355
f 3388 3356 3358
f 3387 3359 3357
f 3388 3358 3360
f 3387 3361 3359
f 3388 3360 3362
f 3387 3363 3361
f 3388 3362 3364
f 3387 3365 3363
f 3388 3364 3366
f 3387 3367 3365
f 3388 3366 3368
f 3387 3369 3367
f 3388 3368 3370
f 3387 3371 3369
f 3388 3370 3372
f 3387 3373 3371
f 3388 3372 3374
f 3387 3375 3373
f 3388 3374 3376
f 3387 3377 3375
f 3388 3376 3378
f 3387 3379 3377
f 3388 3378 3380
f 3387 3381 3379
f 3388 3380 3382
f 3387 3383 3381
f 3388 3382 3384
f 3387 3385 3383
f 3388 3384 3386
f 3387 3347 3385
f 3388 3386 3350
f 3389 3389 3390
f 3389 3390 3391
f 3389 3389 3392
f 3389 3392 3390
f 3389 3389 3393
f 3389 3393 3392
f 3389 3389 3394
f 3389 3394 3393
f 3389 3389 3395
f 3389 3395 3394
f 3389 3389 3396
f 3389 3396 3395
f 3389 3389 3397
f 3389 3397 3396
f 3389 3389 3398
f 3389 3398 3397
f 3389 3389 3399
f 3389 3399 3398
f 3389 3389 3400
f 3389 3400 3399
f 3389 3389 3401
f 3389 3401 3400
f 3389 3389 3402
f 3389 3402 3401
f 3389 3389 3403
f 3389 3403 3402
f 3389 3389 3404
f 3389 3404 3403
f 3389 3389 3405
f 3389 3405 3404
f 3389 3389 3406
f 3389 3406 3405
f 3389 3389 3407
f 3389 3407 3406
f 3389 3389 3408
f 3389 3408 3407
f 3389 3389 3409
f 3389 3409 3408
f 3389 3389 3410
f 3389 3410 3409
f 3389 3389 3411
f 3389 3411 3410
f 3389 3389 3391
f 3389 3391 3411
f 3391 3390 3412
f 3391 3412 3413
f 3390 3392 3414
f 3390 3414 3412
f 3392 3393 3415
f 3392 3415 3414
f 3393 3394 3416
f 3393 3416 3415
f 3394 3395 3417
f 3394 3417 3416
f 3395 3396 3418
f 3395 3418 3417
f 3396 3397 3419
f 3396 3419 3418
f 3397 3398 3420
f 3397 3420 3419
f 3398 3399 3421
f 3398 3421 3420
f 3399 3400 3422
f 3399 3422 3421
f 3400 3401 3423
f 3400 3423 3422
f 3401 3402 3424
f 3401 3424 3423
f 3402 3403 3425
f 3402 3425 3424
f 3403 3404 3426
f 3403 3426 3425
f 3404 3405 3427
f 3404 3427 3426
f 3405 3406 3428
f 3405 3428 3427
f 3406 3407 3429
f 3406 3429 3428
f 3407 3408 3430
f 3407 3430 3429
f 3408 3409 3431
f 3408 3431 3430
f 3409 3410 3432
f 3409 3432 3431
f 3410 3411 3433
f 3410 3433 3432
f 3411 3391 3413
f 3411 3413 3433
f 3413 3412 3434
f 3413 3434 3435
f 3412 3414 3436
f 3412 3436 3434
f 3414 3415 3437
f 3414 3437 3436
f 3415 3416 3438
f 3415 3438 3437
f 3416 3417 3439
f 3416 3439 3438
f 3417 3418 3440
f 3417 3440 3439
f 3418 3419 3441
f 3418 3441 3440
f 3419 3420 3442
f 3419 3442 3441
f 3420 3421 3443
f 3420 3443 3442
f 3421 3422 3444
f 3421 3444 3443
f 3422 3423 3445
f 3422 3445 3444
f 3423 3424 3446
f 3423 3446 3445
f 3424 3425 3447
f 3424 3447 3446
f 3425 3426 3448
f 3425 3448 3447
f 3426 3427 3449
f 3426 3449 3448
f 3427 3428 3450
f 3427 3450 3449
f 3428 3429 3451
f 3428 3451 3450
f 3429 3430 3452
f 3429 3452 3451
f 3430 3431 3453
f 3430 3453 3452
f 3431 3432 3454
f 3431 3454 3453
f 3432 3433 3455
f 3432 3455 3454
f 3433 3413 3435
f 3433 3435 3455
f 3435 3434 3456
f 3435 3456 3457
f 3434 3436 3458
f 3434 3458 3456
f 3436 3437 3459
f 3436 3459 3458
f 3437 3438 3460
f 3437 3460 3459
f 3438 3439 3461
f 3438 3461 3460
f 3439 3440 3462
f 3439 3462 3461
f 3440 3441 3463
f 3440 3463 3462
f 3441 3442 3464
f 3441 3464 3463
f 3442 3443 3465
f 3442 3465 3464
f 3443 3444 3466
f 3443 3466 3465
f 3444 3445 3467
f 3444 3467 3466
f 3445 3446 3468
f 3445 3468 3467
f 3446 3447 3469
f 3446 3469 3468
f 3447 3448 3470
f 3447 3470 3469
f 3448 3449 3471
f 3448 3471 3470
f 3449 3450 3472
f 3449 3472 3471
f 3450 3451 3473
f 3450 3473 3472
f 3451 3452 3474
f 3451 3474 3473
f 3452 3453 3475
f 3452 3475 3474
f 3453 3454 3476
f 3453 3476 3475
f 3454 3455 3477
f 3454 3477 3476
f 3455 3435 3457
f 3455 3457 3477
f 3457 3456 3478
f 3457 3478 3479
f 3456 3458 3480
f 3456 3480 3478
f 3458 3459 3481
f 3458 3481 3480
f 3459 3460 3482
f 3459 3482 3481
f 3460 3461 3483
f 3460 3483 3482
f 3461 3462 3484
f 3461 3484 3483
f 3462 3463 3485
f 3462 3485 3484
f 3463 3464 3486
f 3463 3486 3485
f 3464 3465 3487
f 3464 3487 3486
f 3465 3466 3488
f 3465 3488 3487
f 3466 3467 3489
f 3466 3489 3488
f 3467 3468 3490
f 3467 3490 3489
f 3468 3469 3491
f 3468 3491 3490
f 3469 3470 3492
f 3469 3492 3491
f 3470 3471 3493
f 3470 3493 3492
f 3471 3472 3494
f 3471 3494 3493
f 3472 3473 3495
f 3472 3495 3494
f 3473 3474 3496
f 3473 3496 3495
f 3474 3475 3497
f 3474 3497 3496
f 3475 3476 3498
f 3475 3498 3497
f 3476 3477 3499
f 3476 3499 3498
f 3477 3457 3479
f 3477 3479 3499
f 3479 3478 3500
f 3479 3500 3501
f 3478 3480 3502
f 3478 3502 3500
f 3480 3481 3503
f 3480 3503 3502
f 3481 3482 3504
f 3481 3504 3503
f 3482 3483 3505
f 3482 3505 3504
f 3483 3484 3506
f 3483 3506 3505
f 3484 3485 3507
f 3484 3507 3506
f 3485 3486 3508
f 3485 3508 3507
f 3486 3487 3509
f 3486 3509 3508
f 3487 3488 3510
f 3487 3510 3509
f 3488 3489 3511
f 3488 3511 3510
f 3489 3490 3512
f 3489 3512 3511
f 3490 3491 3513
f 3490 3513 3512
f 3491 3492 3514
f 3491 3514 3513
f 3492 3493 3515
f 3492 3515 3514
f 3493 3494 3516
f 3493 3516 3515
f 3494 3495 3517
f 3494 3517 3516
f 3495 3496 3518
f 3495 3518 3517
f 3496 3497 3519
f 3496 3519 3518
f 3497 3498 3520
f 3497 3520 3519
f 3498 3499 3521
f 3498 3521 3520
f 3499 3479 3501
f 3499 3501 3521
f 3501 3500 3522
f 3501 3522 3523
f 3500 3502 3524
f 3500 3524 3522
f 3502 3503 3525
f 3502 3525 3524
f 3503 3504 3526
f 3503 3526 3525
f 3504 3505 3527
f 3504 3527 3526
f 3505 3506 3528
f 3505 3528 3527
f 3506 3507 3529
f 3506 3529 3528
f 3507 3508 3530
f 3507 3530 3529
f 3508 3509 3531
f 3508 3531 3530
f 3509 3510 3532
f 3509 3532 3531
f 3510 3511 3533
f 3510 3533 3532
f 3511 3512 3534
f 3511 3534 3533
f 3512 3513 3535
f 3512 3535 3534
f 3513 3514 3536
f 3513 3536 3535
f 3514 3515 3537
f 3514 3537 3536
f 3515 3516 3538
f 3515 3538 3537
f 3516 3517 3539
f 3516 3539 3538
f 3517 3518 3540
f 3517 3540 3539
f 3518 3519 3541
f 3518 3541 3540
f 3519 3520 3542
f 3519 3542 3541
f 3520 3521 3543
f 3520 3543 3542
f 3521 3501 3523
f 3521 3523 3543
f 3523 3522 3544
f 3523 3544 3545
f 3522 3524 3546
f 3522 3546 3544
f 3524 3525 3547
f 3524 3547 3546
f 3525 3526 3548
f 3525 3548 3547
f 3526 3527 3549
f 3526 3549 3548
f 3527 3528 3550
f 3527 3550 3549
f 3528 3529 3551
f 3528 3551 3550
f 3529 3530 3552
f 3529 3552 3551
f 3530 3531 3553
f 3530 3553 3552
f 3531 3532 3554
f 3531 3554 3553
f 3532 3533 3555
f 3532 3555 3554
f 3533 3534 3556
f 3533 3556 3555
f 3534 3535 3557
f 3534 3557 3556
f 3535 3536 3558
f 3535 3558 3557
f 3536 3537 3559
f 3536 3559 3558
f 3537 3538 3560
f 3537 3560 3559
f 3538 3539 3561
f 3538 3561 3560
f 3539 3540 3562
f 3539 3562 3561
f 3540 3541 3563
f 3540 3563 3562
f 3541 3542 3564
f 3541 3564 3563
f 3542 3543 3565
f 3542 3565 3564
f 3543 3523 3545
f 3543 3545 3565
f 3545 3544 3566
f 3545 3566 3567
f 3544 3546 3568
f 3544 3568 3566
f 3546 3547 3569
f 3546 3569 3568
f 3547 3548 3570
f 3547 3570 3569
f 3548 3549 3571
f 3548 3571 3570
f 3549 3550 3572
f 3549 3572 3571
f 3550 3551 3573
f 3550 3573 3572
f 3551 3552 3574
f 3551 3574 3573
f 3552 3553 3575
f 3552 3575 3574
f 3553 3554 3576
f 3553 3576 3575
f 3554 3555 3577
f 3554 3577 3576
f 3555 3556 3578
f 3555 3578 3577
f 3556 3557 3579
f 3556 3579 3578
f 3557 3558 3580
f 3557 3580 3579
f 3558 3559 3581
f 3558 3581 3580
f 3559 3560 3582
f 3559 3582 3581
f 3560 3561 3583
f 3560 3583 3582
f 3561 3562 3584
f 3561 3584 3583
f 3562 3563 3585
f 3562 3585 3584
f 3563 3564 3586
f 3563 3586 3585
f 3564 3565 3587
f 3564 3587 3586
f 3565 3545 3567
f 3565 3567 3587
f 3567 3566 3588
f 3567 3588 3589
f 3566 3568 3590
f 3566 3590 3588
f 3568 3569 3591
f 3568 3591 3590
f 3569 3570 3592
f 3569 3592 3591
f 3570 3571 3593
f 3570 3593 3592
f 3571 3572 3594
f 3571 3594 3593
f 3572 3573 3595
f 3572 3595 3594
f 3573 3574 3596
f 3573 3596 3595
f 3574 3575 3597
f 3574 3597 3596
f 3575 3576 3598
f 3575 3598 3597
f 3576 3577 3599
f 3576 3599 3598
f 3577 3578 3600
f 3577 3600 3599
f 3578 3579 3601
f 3578 3601 3600
f 3579 3580 3602
f 3579 3602 3601
f 3580 3581 3603
f 3580 3603 3602
f 3581 3582 3604
f 3581 3604 3603
f 3582 3583 3605
f 3582 3605 3604
f 3583 3584 3606
f 3583 3606 3605
f 3584 3585 3607
f 3584 3607 3606
f 3585 3586 3608
f 3585 3608 3607
f 3586 3587 3609
f 3586 3609 3608
f 3587 3567 3589
f 3587 3589 3609
f 3589 3588 3610
f 3589 3610 3611
f 3588 3590 3612
f 3588 3612 3610
f 3590 3591 3613
f 3590 3613 3612
f 3591 3592 3614
f 3591 3614 3613
f 3592 3593 3615
f 3592 3615 3614
f 3593 3594 3616
f 3593 3616 3615
f 3594 3595 3617
f 3594 3617 3616
f 3595 3596 3618
f 3595 3618 3617
f 3596 3597 3619
f 3596 3619 3618
f 3597 3598 3620
f 3597 3620 3619
f 3598 3599 3621
f 3598 3621 3620
f 3599 3600 3622
f 3599 3622 3621
f 3600 3601 3623
f 3600 3623 3622
f 3601 3602 3624
f 3601 3624 3623
f 3602 3603 3625
f 3602 3625 3624
f 3603 3604 3626
f 3603 3626 3625
f 3604 3605 3627
f 3604 3627 3626
f 3605 3606 3628
f 3605 3628 3627
f 3606 3607 3629
f 3606 3629 3628
f 3607 3608 3630
f 3607 3630 3629
f 3608 3609 3631
f 3608 3631 3630
f 3609 3589 3611
f 3609 3611 3631
f 3611 3610 3632
f 3611 3632 3633
f 3610 3612 3634
f 3610 3634 3632
f 3612 3613 3635
f 3612 3635 3634
f 3613 3614 3636
f 3613 3636 3635
f 3614 3615 3637
f 3614 3637 3636
f 3615 3616 3638
f 3615 3638 3637
f 3616 3617 3639
f 3616 3639 3638
f 3617 3618 3640
f 3617 3640 3639
f 3618 3619 3641
f 3618 3641 3640
f 3619 3620 3642
f 3619 3642 3641
f 3620 3621 3643
f 3620 3643 3642
f 3621 3622 3644
f 3621 3644 3643
f 3622 3623 3645
f 3622 3645 3644
f 3623 3624 3646
f 3623 3646 3645
f 3624 3625 3647
f 3624 3647 3646
f 3625 3626 3648
f 3625 3648 3647
f 3626 3627 3649
f 3626 3649 3648
f 3627 3628 3650
f 3627 3650 3649
f 3628 3629 3651
f 3628 3651 3650
f 3629 3630 3652
f 3629 3652 3651
f 3630 3631 3653
f 3630 3653 3652
f 3631 3611 3633
f 3631 3633 3653
f 3633 3632 3654
f 3633 3654 3655
f 3632 3634 3656
f 3632 3656 3654
f 3634 3635 3657
f 3634 3657 3656
f 3635 3636 3658
f 3635 3658 3657
f 3636 3637 3659
f 3636 3659 3658
f 3637 3638 3660
f 3637 3660 3659
f 3638 3639 3661
f 3638 3661 3660
f 3639 3640 3662
f 3639 3662 3661
f 3640 3641 3663
f 3640 3663 3662
f 3641 3642 3664
f 3641 3664 3663
f 3642 3643 3665
f 3642 3665 3664
f 3643 3644 3666
f 3643 3666 3665
f 3644 3645 3667
f 3644 3667 3666
f 3645 3646 3668
f 3645 3668 3667
f 3646 3647 3669
f 3646 3669 3668
f 3647 3648 3670
f 3647 3670 3669
f 3648 3649 3671
f 3648 3671 3670
f 3649 3650 3672
f 3649 3672 3671
f 3650 3651 3673
f 3650 3673 3672
f 3651 3652 3674
f 3651 3674 3673
f 3652 3653 3675
f 3652 3675 3674
f 3653 3633 3655
f 3653 3655 3675
f 3655 3654 3676
f 3655 3676 3676
f 3654 3656 3676
f 3654 3676 3676
f 3656 3657 3676
f 3656 3676 3676
f 3657 3658 3676
f 3657 3676 3676
f 3658 3659 3676
f 3658 3676 3676
f 3659 3660 3676
f 3659 3676 3676
f 3660 3661 3676
f 3660 3676 3676
f 3661 3662 3676
f 3661 3676 3676
f 3662 3663 3676
f 3662 3676 3676
f 3663 3664 3676
f 3663 3676 3676
f 3664 3665 3676
f 3664 3676 3676
f 3665 3666 3676
f 3665 3676 3676
f 3666 3667 3676
f 3666 3676 3676
f 3667 3668 3676
f 3667 3676 3676
f 3668 3669 3676
f 3668 3676 3676
f 3669 3670 3676
f 3669 3676 3676
f 3670 3671 3676
f 3670 3676 3676
f 3671 3672 3676
f 3671 3676 3676
f 3672 3673 3676
f 3672 3676 3676
f 3673 3674 3676
f 3673 3676 3676
f 3674 3675 3676
f 3674 3676 3676
f 3675 3655 3676
f 3675 3676 3676
f 3677 3678 3679
f 3677 3679 3680
f 3681 3682 3683
f 3681 3683 3684
f 3677 3681 3684
f 3677 3684 3678
f 3680 3679 3683
f 3680 3683 3682
f 3677 3680 3682
f 3677 3682 3681
f 3678 3684 3683
f 3678 3683 3679
f 3685 3686 3687
f 3685 3687 3688
f 3686 3689 3690
f 3686 3690 3687
f 3689 3691 3692
f 3689 3692 3690
f 3691 3693 3694
f 3691 3694 3692
f 3693 3695 3696
f 3693 3696 3694
f 3695 3697 3698
f 3695 3698 3696
f 3697 3699 3700
f 3697 3700 3698
f 3699 3701 3702
f 3699 3702 3700
f 3701 3703 3704
f 3701 3704 3702
f 3703 3705 3706
f 3703 3706 3704
f 3705 3707 3708
f 3705 3708 3706
f 3707 3685 3688
f 3707 3688 3708
f 3709 3686 3685
f 3710 3688 3687
f 3709 3689 3686
f 3710 3687 3690
f 3709 3691 3689
f 3710 3690 3692
f 3709 3693 3691
f 3710 3692 3694
f 3709 3695 3693
f 3710 3694 3696
f 3709 3697 3695
f 3710 3696 3698
f 3709 3699 3697
f 3710 3698 3700
f 3709 3701 3699
f 3710 3700 3702
f 3709 3703 3701
f 3710 3702 3704
f 3709 3705 3703
f 3710 3704 3706
f 3709 3707 3705
f 3710 3706 3708
f 3709 3685 3707
f 3710 3708 3688
f 3711 3712 3713
f 3711 3713 3714
f 3712 3715 3716
f 3712 3716 3713
f 3715 3717 3718
f 3715 3718 3716
f 3717 3719 3720
f 3717 3720 3718
f 3719 3721 3722
f 3719 3722 3720
f 3721 3723 3724
f 3721 3724 3722
f 3723 3725 3726
f 3723 3726 3724
f 3725 3727 3728
f 3725 3728 3726
f 3727 3729 3730
f 3727 3730 3728
f 3729 3731 3732
f 3729 3732 3730
f 3731 3733 3734
f 3731 3734 3732
f 3733 3711 3714
f 3733 3714 3734
f 3735 3712 3711
f 3736 3714 3713
f 3735 3715 3712
f 3736 3713 3716
f 3735 3717 3715
f 3736 3716 3718
f 3735 3719 3717
f 3736 3718 3720
f 3735 3721 3719
f 3736 3720 3722
f 3735 3723 3721
f 3736 3722 3724
f 3735 3725 3723
f 3736 3724 3726
f 3735 3727 3725
f 3736 3726 3728
f 3735 3729 3727
f 3736 3728 3730
f 3735 3731 3729
f 3736 3730 3732
f 3735 3733 3731
f 3736 3732 3734
f 3735 3711 3733
f 3736 3734 3714
